[
  {
    "name": "Application Start",
    "start": 1565847399426,
    "end": 1565847399791,
    "duration": 365,
    "pid": 68910,
    "index": 0
  },
  {
    "name": "Load Plugin",
    "start": 1565847399430,
    "end": 1565847399438,
    "duration": 8,
    "pid": 68910,
    "index": 1
  },
  {
    "name": "Load Config",
    "start": 1565847399438,
    "end": 1565847399454,
    "duration": 16,
    "pid": 68910,
    "index": 2
  },
  {
    "name": "Require(0) config/config.default.js",
    "start": 1565847399439,
    "end": 1565847399439,
    "duration": 0,
    "pid": 68910,
    "index": 3
  },
  {
    "name": "Require(1) node_modules/egg-session/config/config.default.js",
    "start": 1565847399440,
    "end": 1565847399440,
    "duration": 0,
    "pid": 68910,
    "index": 4
  },
  {
    "name": "Require(2) node_modules/egg-security/config/config.default.js",
    "start": 1565847399441,
    "end": 1565847399441,
    "duration": 0,
    "pid": 68910,
    "index": 5
  },
  {
    "name": "Require(3) node_modules/egg-jsonp/config/config.default.js",
    "start": 1565847399441,
    "end": 1565847399442,
    "duration": 1,
    "pid": 68910,
    "index": 6
  },
  {
    "name": "Require(4) node_modules/egg-onerror/config/config.default.js",
    "start": 1565847399442,
    "end": 1565847399442,
    "duration": 0,
    "pid": 68910,
    "index": 7
  },
  {
    "name": "Require(5) node_modules/egg-i18n/config/config.default.js",
    "start": 1565847399442,
    "end": 1565847399442,
    "duration": 0,
    "pid": 68910,
    "index": 8
  },
  {
    "name": "Require(6) node_modules/egg-watcher/config/config.default.js",
    "start": 1565847399443,
    "end": 1565847399443,
    "duration": 0,
    "pid": 68910,
    "index": 9
  },
  {
    "name": "Require(7) node_modules/egg-schedule/config/config.default.js",
    "start": 1565847399443,
    "end": 1565847399443,
    "duration": 0,
    "pid": 68910,
    "index": 10
  },
  {
    "name": "Require(8) node_modules/egg-multipart/config/config.default.js",
    "start": 1565847399443,
    "end": 1565847399443,
    "duration": 0,
    "pid": 68910,
    "index": 11
  },
  {
    "name": "Require(9) node_modules/egg-development/config/config.default.js",
    "start": 1565847399444,
    "end": 1565847399444,
    "duration": 0,
    "pid": 68910,
    "index": 12
  },
  {
    "name": "Require(10) node_modules/egg-logrotator/config/config.default.js",
    "start": 1565847399444,
    "end": 1565847399444,
    "duration": 0,
    "pid": 68910,
    "index": 13
  },
  {
    "name": "Require(11) node_modules/egg-static/config/config.default.js",
    "start": 1565847399444,
    "end": 1565847399444,
    "duration": 0,
    "pid": 68910,
    "index": 14
  },
  {
    "name": "Require(12) node_modules/egg-view/config/config.default.js",
    "start": 1565847399445,
    "end": 1565847399445,
    "duration": 0,
    "pid": 68910,
    "index": 15
  },
  {
    "name": "Require(13) node_modules/egg-view-nunjucks/config/config.default.js",
    "start": 1565847399445,
    "end": 1565847399445,
    "duration": 0,
    "pid": 68910,
    "index": 16
  },
  {
    "name": "Require(14) node_modules/egg-redis/config/config.default.js",
    "start": 1565847399445,
    "end": 1565847399446,
    "duration": 1,
    "pid": 68910,
    "index": 17
  },
  {
    "name": "Require(15) node_modules/egg-mongoose/config/config.default.js",
    "start": 1565847399446,
    "end": 1565847399446,
    "duration": 0,
    "pid": 68910,
    "index": 18
  },
  {
    "name": "Require(16) node_modules/egg/config/config.default.js",
    "start": 1565847399446,
    "end": 1565847399446,
    "duration": 0,
    "pid": 68910,
    "index": 19
  },
  {
    "name": "Require(17) config/config.default.js",
    "start": 1565847399451,
    "end": 1565847399451,
    "duration": 0,
    "pid": 68910,
    "index": 20
  },
  {
    "name": "Require(18) node_modules/egg-security/config/config.local.js",
    "start": 1565847399453,
    "end": 1565847399453,
    "duration": 0,
    "pid": 68910,
    "index": 21
  },
  {
    "name": "Require(19) node_modules/egg-watcher/config/config.local.js",
    "start": 1565847399453,
    "end": 1565847399453,
    "duration": 0,
    "pid": 68910,
    "index": 22
  },
  {
    "name": "Require(20) node_modules/egg-view/config/config.local.js",
    "start": 1565847399454,
    "end": 1565847399454,
    "duration": 0,
    "pid": 68910,
    "index": 23
  },
  {
    "name": "Require(21) node_modules/egg-view-nunjucks/config/config.local.js",
    "start": 1565847399454,
    "end": 1565847399454,
    "duration": 0,
    "pid": 68910,
    "index": 24
  },
  {
    "name": "Require(22) node_modules/egg/config/config.local.js",
    "start": 1565847399454,
    "end": 1565847399454,
    "duration": 0,
    "pid": 68910,
    "index": 25
  },
  {
    "name": "Load extend/application.js",
    "start": 1565847399455,
    "end": 1565847399471,
    "duration": 16,
    "pid": 68910,
    "index": 26
  },
  {
    "name": "Require(23) node_modules/egg-session/app/extend/application.js",
    "start": 1565847399455,
    "end": 1565847399456,
    "duration": 1,
    "pid": 68910,
    "index": 27
  },
  {
    "name": "Require(24) node_modules/egg-security/app/extend/application.js",
    "start": 1565847399456,
    "end": 1565847399456,
    "duration": 0,
    "pid": 68910,
    "index": 28
  },
  {
    "name": "Require(25) node_modules/egg-jsonp/app/extend/application.js",
    "start": 1565847399456,
    "end": 1565847399457,
    "duration": 1,
    "pid": 68910,
    "index": 29
  },
  {
    "name": "Require(26) node_modules/egg-logrotator/app/extend/application.js",
    "start": 1565847399457,
    "end": 1565847399458,
    "duration": 1,
    "pid": 68910,
    "index": 30
  },
  {
    "name": "Require(27) node_modules/egg-view/app/extend/application.js",
    "start": 1565847399458,
    "end": 1565847399458,
    "duration": 0,
    "pid": 68910,
    "index": 31
  },
  {
    "name": "Require(28) node_modules/egg-view-nunjucks/app/extend/application.js",
    "start": 1565847399458,
    "end": 1565847399470,
    "duration": 12,
    "pid": 68910,
    "index": 32
  },
  {
    "name": "Load extend/request.js",
    "start": 1565847399471,
    "end": 1565847399473,
    "duration": 2,
    "pid": 68910,
    "index": 33
  },
  {
    "name": "Require(29) node_modules/egg/app/extend/request.js",
    "start": 1565847399472,
    "end": 1565847399472,
    "duration": 0,
    "pid": 68910,
    "index": 34
  },
  {
    "name": "Load extend/response.js",
    "start": 1565847399473,
    "end": 1565847399475,
    "duration": 2,
    "pid": 68910,
    "index": 35
  },
  {
    "name": "Require(30) node_modules/egg/app/extend/response.js",
    "start": 1565847399474,
    "end": 1565847399474,
    "duration": 0,
    "pid": 68910,
    "index": 36
  },
  {
    "name": "Load extend/context.js",
    "start": 1565847399475,
    "end": 1565847399499,
    "duration": 24,
    "pid": 68910,
    "index": 37
  },
  {
    "name": "Require(31) node_modules/egg-security/app/extend/context.js",
    "start": 1565847399475,
    "end": 1565847399478,
    "duration": 3,
    "pid": 68910,
    "index": 38
  },
  {
    "name": "Require(32) node_modules/egg-jsonp/app/extend/context.js",
    "start": 1565847399478,
    "end": 1565847399478,
    "duration": 0,
    "pid": 68910,
    "index": 39
  },
  {
    "name": "Require(33) node_modules/egg-i18n/app/extend/context.js",
    "start": 1565847399479,
    "end": 1565847399479,
    "duration": 0,
    "pid": 68910,
    "index": 40
  },
  {
    "name": "Require(34) node_modules/egg-multipart/app/extend/context.js",
    "start": 1565847399479,
    "end": 1565847399497,
    "duration": 18,
    "pid": 68910,
    "index": 41
  },
  {
    "name": "Require(35) node_modules/egg-view/app/extend/context.js",
    "start": 1565847399497,
    "end": 1565847399498,
    "duration": 1,
    "pid": 68910,
    "index": 42
  },
  {
    "name": "Require(36) node_modules/egg-mongoose/app/extend/context.js",
    "start": 1565847399498,
    "end": 1565847399498,
    "duration": 0,
    "pid": 68910,
    "index": 43
  },
  {
    "name": "Require(37) node_modules/egg/app/extend/context.js",
    "start": 1565847399498,
    "end": 1565847399498,
    "duration": 0,
    "pid": 68910,
    "index": 44
  },
  {
    "name": "Load extend/helper.js",
    "start": 1565847399499,
    "end": 1565847399508,
    "duration": 9,
    "pid": 68910,
    "index": 45
  },
  {
    "name": "Require(38) node_modules/egg-security/app/extend/helper.js",
    "start": 1565847399499,
    "end": 1565847399506,
    "duration": 7,
    "pid": 68910,
    "index": 46
  },
  {
    "name": "Require(39) node_modules/egg/app/extend/helper.js",
    "start": 1565847399507,
    "end": 1565847399507,
    "duration": 0,
    "pid": 68910,
    "index": 47
  },
  {
    "name": "Load app.js",
    "start": 1565847399508,
    "end": 1565847399523,
    "duration": 15,
    "pid": 68910,
    "index": 48
  },
  {
    "name": "Require(40) node_modules/egg-session/app.js",
    "start": 1565847399508,
    "end": 1565847399508,
    "duration": 0,
    "pid": 68910,
    "index": 49
  },
  {
    "name": "Require(41) node_modules/egg-security/app.js",
    "start": 1565847399508,
    "end": 1565847399509,
    "duration": 1,
    "pid": 68910,
    "index": 50
  },
  {
    "name": "Require(42) node_modules/egg-onerror/app.js",
    "start": 1565847399509,
    "end": 1565847399512,
    "duration": 3,
    "pid": 68910,
    "index": 51
  },
  {
    "name": "Require(43) node_modules/egg-i18n/app.js",
    "start": 1565847399513,
    "end": 1565847399518,
    "duration": 5,
    "pid": 68910,
    "index": 52
  },
  {
    "name": "Require(44) node_modules/egg-watcher/app.js",
    "start": 1565847399518,
    "end": 1565847399519,
    "duration": 1,
    "pid": 68910,
    "index": 53
  },
  {
    "name": "Require(45) node_modules/egg-schedule/app.js",
    "start": 1565847399519,
    "end": 1565847399520,
    "duration": 1,
    "pid": 68910,
    "index": 54
  },
  {
    "name": "Require(46) node_modules/egg-multipart/app.js",
    "start": 1565847399520,
    "end": 1565847399521,
    "duration": 1,
    "pid": 68910,
    "index": 55
  },
  {
    "name": "Require(47) node_modules/egg-development/app.js",
    "start": 1565847399521,
    "end": 1565847399521,
    "duration": 0,
    "pid": 68910,
    "index": 56
  },
  {
    "name": "Require(48) node_modules/egg-logrotator/app.js",
    "start": 1565847399521,
    "end": 1565847399521,
    "duration": 0,
    "pid": 68910,
    "index": 57
  },
  {
    "name": "Require(49) node_modules/egg-static/app.js",
    "start": 1565847399521,
    "end": 1565847399521,
    "duration": 0,
    "pid": 68910,
    "index": 58
  },
  {
    "name": "Require(50) node_modules/egg-view-nunjucks/app.js",
    "start": 1565847399521,
    "end": 1565847399521,
    "duration": 0,
    "pid": 68910,
    "index": 59
  },
  {
    "name": "Require(51) node_modules/egg-redis/app.js",
    "start": 1565847399522,
    "end": 1565847399522,
    "duration": 0,
    "pid": 68910,
    "index": 60
  },
  {
    "name": "Require(52) node_modules/egg-mongoose/app.js",
    "start": 1565847399522,
    "end": 1565847399522,
    "duration": 0,
    "pid": 68910,
    "index": 61
  },
  {
    "name": "Require(53) app.js",
    "start": 1565847399522,
    "end": 1565847399522,
    "duration": 0,
    "pid": 68910,
    "index": 62
  },
  {
    "name": "Before Start in node_modules/egg-watcher/lib/init.js:15:14",
    "start": 1565847399529,
    "end": 1565847399790,
    "duration": 261,
    "pid": 68910,
    "index": 63
  },
  {
    "name": "Before Start in node_modules/egg-redis/lib/redis.js:53:7",
    "start": 1565847399570,
    "end": 1565847399788,
    "duration": 218,
    "pid": 68910,
    "index": 64
  },
  {
    "name": "Before Start in node_modules/egg-mongoose/lib/mongoose.js:91:7",
    "start": 1565847399717,
    "end": 1565847399786,
    "duration": 69,
    "pid": 68910,
    "index": 65
  },
  {
    "name": "Before Start in node_modules/egg-mongoose/lib/mongoose.js:49:9",
    "start": 1565847399717,
    "end": 1565847399774,
    "duration": 57,
    "pid": 68910,
    "index": 66
  },
  {
    "name": "Load Service",
    "start": 1565847399717,
    "end": 1565847399720,
    "duration": 3,
    "pid": 68910,
    "index": 67
  },
  {
    "name": "Load \"service\" to Context",
    "start": 1565847399717,
    "end": 1565847399720,
    "duration": 3,
    "pid": 68910,
    "index": 68
  },
  {
    "name": "Load Middleware",
    "start": 1565847399720,
    "end": 1565847399754,
    "duration": 34,
    "pid": 68910,
    "index": 69
  },
  {
    "name": "Load \"middlewares\" to Application",
    "start": 1565847399720,
    "end": 1565847399749,
    "duration": 29,
    "pid": 68910,
    "index": 70
  },
  {
    "name": "Load Controller",
    "start": 1565847399754,
    "end": 1565847399756,
    "duration": 2,
    "pid": 68910,
    "index": 71
  },
  {
    "name": "Load \"controller\" to Application",
    "start": 1565847399754,
    "end": 1565847399756,
    "duration": 2,
    "pid": 68910,
    "index": 72
  },
  {
    "name": "Load Router",
    "start": 1565847399756,
    "end": 1565847399758,
    "duration": 2,
    "pid": 68910,
    "index": 73
  },
  {
    "name": "Require(54) app/router.js",
    "start": 1565847399756,
    "end": 1565847399756,
    "duration": 0,
    "pid": 68910,
    "index": 74
  },
  {
    "name": "Before Start in node_modules/egg-core/lib/egg.js:303:10",
    "start": 1565847399756,
    "end": 1565847399774,
    "duration": 18,
    "pid": 68910,
    "index": 75
  },
  {
    "name": "Load \"model\" to Application",
    "start": 1565847399766,
    "end": 1565847399773,
    "duration": 7,
    "pid": 68910,
    "index": 76
  }
]