[
  {
    "name": "Application Start",
    "start": 1565848181605,
    "end": 1565848182007,
    "duration": 402,
    "pid": 69188,
    "index": 0
  },
  {
    "name": "Load Plugin",
    "start": 1565848181608,
    "end": 1565848181620,
    "duration": 12,
    "pid": 69188,
    "index": 1
  },
  {
    "name": "Load Config",
    "start": 1565848181620,
    "end": 1565848181630,
    "duration": 10,
    "pid": 69188,
    "index": 2
  },
  {
    "name": "Require(0) config/config.default.js",
    "start": 1565848181620,
    "end": 1565848181620,
    "duration": 0,
    "pid": 69188,
    "index": 3
  },
  {
    "name": "Require(1) node_modules/egg-session/config/config.default.js",
    "start": 1565848181621,
    "end": 1565848181621,
    "duration": 0,
    "pid": 69188,
    "index": 4
  },
  {
    "name": "Require(2) node_modules/egg-security/config/config.default.js",
    "start": 1565848181621,
    "end": 1565848181622,
    "duration": 1,
    "pid": 69188,
    "index": 5
  },
  {
    "name": "Require(3) node_modules/egg-jsonp/config/config.default.js",
    "start": 1565848181622,
    "end": 1565848181622,
    "duration": 0,
    "pid": 69188,
    "index": 6
  },
  {
    "name": "Require(4) node_modules/egg-onerror/config/config.default.js",
    "start": 1565848181622,
    "end": 1565848181623,
    "duration": 1,
    "pid": 69188,
    "index": 7
  },
  {
    "name": "Require(5) node_modules/egg-i18n/config/config.default.js",
    "start": 1565848181623,
    "end": 1565848181623,
    "duration": 0,
    "pid": 69188,
    "index": 8
  },
  {
    "name": "Require(6) node_modules/egg-watcher/config/config.default.js",
    "start": 1565848181623,
    "end": 1565848181623,
    "duration": 0,
    "pid": 69188,
    "index": 9
  },
  {
    "name": "Require(7) node_modules/egg-schedule/config/config.default.js",
    "start": 1565848181624,
    "end": 1565848181624,
    "duration": 0,
    "pid": 69188,
    "index": 10
  },
  {
    "name": "Require(8) node_modules/egg-multipart/config/config.default.js",
    "start": 1565848181624,
    "end": 1565848181624,
    "duration": 0,
    "pid": 69188,
    "index": 11
  },
  {
    "name": "Require(9) node_modules/egg-development/config/config.default.js",
    "start": 1565848181625,
    "end": 1565848181625,
    "duration": 0,
    "pid": 69188,
    "index": 12
  },
  {
    "name": "Require(10) node_modules/egg-logrotator/config/config.default.js",
    "start": 1565848181625,
    "end": 1565848181625,
    "duration": 0,
    "pid": 69188,
    "index": 13
  },
  {
    "name": "Require(11) node_modules/egg-static/config/config.default.js",
    "start": 1565848181625,
    "end": 1565848181626,
    "duration": 1,
    "pid": 69188,
    "index": 14
  },
  {
    "name": "Require(12) node_modules/egg-view/config/config.default.js",
    "start": 1565848181626,
    "end": 1565848181626,
    "duration": 0,
    "pid": 69188,
    "index": 15
  },
  {
    "name": "Require(13) node_modules/egg-view-nunjucks/config/config.default.js",
    "start": 1565848181626,
    "end": 1565848181626,
    "duration": 0,
    "pid": 69188,
    "index": 16
  },
  {
    "name": "Require(14) node_modules/egg-redis/config/config.default.js",
    "start": 1565848181626,
    "end": 1565848181626,
    "duration": 0,
    "pid": 69188,
    "index": 17
  },
  {
    "name": "Require(15) node_modules/egg-mongoose/config/config.default.js",
    "start": 1565848181627,
    "end": 1565848181627,
    "duration": 0,
    "pid": 69188,
    "index": 18
  },
  {
    "name": "Require(16) node_modules/egg/config/config.default.js",
    "start": 1565848181627,
    "end": 1565848181627,
    "duration": 0,
    "pid": 69188,
    "index": 19
  },
  {
    "name": "Require(17) config/config.default.js",
    "start": 1565848181628,
    "end": 1565848181628,
    "duration": 0,
    "pid": 69188,
    "index": 20
  },
  {
    "name": "Require(18) node_modules/egg-security/config/config.local.js",
    "start": 1565848181628,
    "end": 1565848181629,
    "duration": 1,
    "pid": 69188,
    "index": 21
  },
  {
    "name": "Require(19) node_modules/egg-watcher/config/config.local.js",
    "start": 1565848181629,
    "end": 1565848181629,
    "duration": 0,
    "pid": 69188,
    "index": 22
  },
  {
    "name": "Require(20) node_modules/egg-view/config/config.local.js",
    "start": 1565848181629,
    "end": 1565848181630,
    "duration": 1,
    "pid": 69188,
    "index": 23
  },
  {
    "name": "Require(21) node_modules/egg-view-nunjucks/config/config.local.js",
    "start": 1565848181630,
    "end": 1565848181630,
    "duration": 0,
    "pid": 69188,
    "index": 24
  },
  {
    "name": "Require(22) node_modules/egg/config/config.local.js",
    "start": 1565848181630,
    "end": 1565848181630,
    "duration": 0,
    "pid": 69188,
    "index": 25
  },
  {
    "name": "Load extend/application.js",
    "start": 1565848181631,
    "end": 1565848181650,
    "duration": 19,
    "pid": 69188,
    "index": 26
  },
  {
    "name": "Require(23) node_modules/egg-session/app/extend/application.js",
    "start": 1565848181632,
    "end": 1565848181632,
    "duration": 0,
    "pid": 69188,
    "index": 27
  },
  {
    "name": "Require(24) node_modules/egg-security/app/extend/application.js",
    "start": 1565848181632,
    "end": 1565848181633,
    "duration": 1,
    "pid": 69188,
    "index": 28
  },
  {
    "name": "Require(25) node_modules/egg-jsonp/app/extend/application.js",
    "start": 1565848181633,
    "end": 1565848181634,
    "duration": 1,
    "pid": 69188,
    "index": 29
  },
  {
    "name": "Require(26) node_modules/egg-logrotator/app/extend/application.js",
    "start": 1565848181634,
    "end": 1565848181634,
    "duration": 0,
    "pid": 69188,
    "index": 30
  },
  {
    "name": "Require(27) node_modules/egg-view/app/extend/application.js",
    "start": 1565848181635,
    "end": 1565848181635,
    "duration": 0,
    "pid": 69188,
    "index": 31
  },
  {
    "name": "Require(28) node_modules/egg-view-nunjucks/app/extend/application.js",
    "start": 1565848181635,
    "end": 1565848181649,
    "duration": 14,
    "pid": 69188,
    "index": 32
  },
  {
    "name": "Load extend/request.js",
    "start": 1565848181650,
    "end": 1565848181652,
    "duration": 2,
    "pid": 69188,
    "index": 33
  },
  {
    "name": "Require(29) node_modules/egg/app/extend/request.js",
    "start": 1565848181650,
    "end": 1565848181651,
    "duration": 1,
    "pid": 69188,
    "index": 34
  },
  {
    "name": "Load extend/response.js",
    "start": 1565848181652,
    "end": 1565848181653,
    "duration": 1,
    "pid": 69188,
    "index": 35
  },
  {
    "name": "Require(30) node_modules/egg/app/extend/response.js",
    "start": 1565848181652,
    "end": 1565848181652,
    "duration": 0,
    "pid": 69188,
    "index": 36
  },
  {
    "name": "Load extend/context.js",
    "start": 1565848181653,
    "end": 1565848181681,
    "duration": 28,
    "pid": 69188,
    "index": 37
  },
  {
    "name": "Require(31) node_modules/egg-security/app/extend/context.js",
    "start": 1565848181653,
    "end": 1565848181656,
    "duration": 3,
    "pid": 69188,
    "index": 38
  },
  {
    "name": "Require(32) node_modules/egg-jsonp/app/extend/context.js",
    "start": 1565848181657,
    "end": 1565848181657,
    "duration": 0,
    "pid": 69188,
    "index": 39
  },
  {
    "name": "Require(33) node_modules/egg-i18n/app/extend/context.js",
    "start": 1565848181658,
    "end": 1565848181658,
    "duration": 0,
    "pid": 69188,
    "index": 40
  },
  {
    "name": "Require(34) node_modules/egg-multipart/app/extend/context.js",
    "start": 1565848181658,
    "end": 1565848181678,
    "duration": 20,
    "pid": 69188,
    "index": 41
  },
  {
    "name": "Require(35) node_modules/egg-view/app/extend/context.js",
    "start": 1565848181678,
    "end": 1565848181679,
    "duration": 1,
    "pid": 69188,
    "index": 42
  },
  {
    "name": "Require(36) node_modules/egg-mongoose/app/extend/context.js",
    "start": 1565848181679,
    "end": 1565848181680,
    "duration": 1,
    "pid": 69188,
    "index": 43
  },
  {
    "name": "Require(37) node_modules/egg/app/extend/context.js",
    "start": 1565848181680,
    "end": 1565848181680,
    "duration": 0,
    "pid": 69188,
    "index": 44
  },
  {
    "name": "Load extend/helper.js",
    "start": 1565848181681,
    "end": 1565848181690,
    "duration": 9,
    "pid": 69188,
    "index": 45
  },
  {
    "name": "Require(38) node_modules/egg-security/app/extend/helper.js",
    "start": 1565848181681,
    "end": 1565848181688,
    "duration": 7,
    "pid": 69188,
    "index": 46
  },
  {
    "name": "Require(39) node_modules/egg/app/extend/helper.js",
    "start": 1565848181688,
    "end": 1565848181689,
    "duration": 1,
    "pid": 69188,
    "index": 47
  },
  {
    "name": "Load app.js",
    "start": 1565848181690,
    "end": 1565848181707,
    "duration": 17,
    "pid": 69188,
    "index": 48
  },
  {
    "name": "Require(40) node_modules/egg-session/app.js",
    "start": 1565848181690,
    "end": 1565848181690,
    "duration": 0,
    "pid": 69188,
    "index": 49
  },
  {
    "name": "Require(41) node_modules/egg-security/app.js",
    "start": 1565848181690,
    "end": 1565848181691,
    "duration": 1,
    "pid": 69188,
    "index": 50
  },
  {
    "name": "Require(42) node_modules/egg-onerror/app.js",
    "start": 1565848181691,
    "end": 1565848181695,
    "duration": 4,
    "pid": 69188,
    "index": 51
  },
  {
    "name": "Require(43) node_modules/egg-i18n/app.js",
    "start": 1565848181696,
    "end": 1565848181702,
    "duration": 6,
    "pid": 69188,
    "index": 52
  },
  {
    "name": "Require(44) node_modules/egg-watcher/app.js",
    "start": 1565848181702,
    "end": 1565848181703,
    "duration": 1,
    "pid": 69188,
    "index": 53
  },
  {
    "name": "Require(45) node_modules/egg-schedule/app.js",
    "start": 1565848181703,
    "end": 1565848181704,
    "duration": 1,
    "pid": 69188,
    "index": 54
  },
  {
    "name": "Require(46) node_modules/egg-multipart/app.js",
    "start": 1565848181704,
    "end": 1565848181705,
    "duration": 1,
    "pid": 69188,
    "index": 55
  },
  {
    "name": "Require(47) node_modules/egg-development/app.js",
    "start": 1565848181705,
    "end": 1565848181705,
    "duration": 0,
    "pid": 69188,
    "index": 56
  },
  {
    "name": "Require(48) node_modules/egg-logrotator/app.js",
    "start": 1565848181705,
    "end": 1565848181705,
    "duration": 0,
    "pid": 69188,
    "index": 57
  },
  {
    "name": "Require(49) node_modules/egg-static/app.js",
    "start": 1565848181705,
    "end": 1565848181705,
    "duration": 0,
    "pid": 69188,
    "index": 58
  },
  {
    "name": "Require(50) node_modules/egg-view-nunjucks/app.js",
    "start": 1565848181705,
    "end": 1565848181706,
    "duration": 1,
    "pid": 69188,
    "index": 59
  },
  {
    "name": "Require(51) node_modules/egg-redis/app.js",
    "start": 1565848181706,
    "end": 1565848181706,
    "duration": 0,
    "pid": 69188,
    "index": 60
  },
  {
    "name": "Require(52) node_modules/egg-mongoose/app.js",
    "start": 1565848181706,
    "end": 1565848181706,
    "duration": 0,
    "pid": 69188,
    "index": 61
  },
  {
    "name": "Require(53) app.js",
    "start": 1565848181707,
    "end": 1565848181707,
    "duration": 0,
    "pid": 69188,
    "index": 62
  },
  {
    "name": "Before Start in node_modules/egg-watcher/lib/init.js:15:14",
    "start": 1565848181718,
    "end": 1565848182007,
    "duration": 289,
    "pid": 69188,
    "index": 63
  },
  {
    "name": "Before Start in node_modules/egg-redis/lib/redis.js:53:7",
    "start": 1565848181766,
    "end": 1565848182005,
    "duration": 239,
    "pid": 69188,
    "index": 64
  },
  {
    "name": "Before Start in node_modules/egg-mongoose/lib/mongoose.js:91:7",
    "start": 1565848181935,
    "end": 1565848182003,
    "duration": 68,
    "pid": 69188,
    "index": 65
  },
  {
    "name": "Before Start in node_modules/egg-mongoose/lib/mongoose.js:49:9",
    "start": 1565848181935,
    "end": 1565848181990,
    "duration": 55,
    "pid": 69188,
    "index": 66
  },
  {
    "name": "Load Service",
    "start": 1565848181935,
    "end": 1565848181939,
    "duration": 4,
    "pid": 69188,
    "index": 67
  },
  {
    "name": "Load \"service\" to Context",
    "start": 1565848181935,
    "end": 1565848181939,
    "duration": 4,
    "pid": 69188,
    "index": 68
  },
  {
    "name": "Load Middleware",
    "start": 1565848181939,
    "end": 1565848181971,
    "duration": 32,
    "pid": 69188,
    "index": 69
  },
  {
    "name": "Load \"middlewares\" to Application",
    "start": 1565848181939,
    "end": 1565848181966,
    "duration": 27,
    "pid": 69188,
    "index": 70
  },
  {
    "name": "Load Controller",
    "start": 1565848181971,
    "end": 1565848181972,
    "duration": 1,
    "pid": 69188,
    "index": 71
  },
  {
    "name": "Load \"controller\" to Application",
    "start": 1565848181971,
    "end": 1565848181972,
    "duration": 1,
    "pid": 69188,
    "index": 72
  },
  {
    "name": "Load Router",
    "start": 1565848181972,
    "end": 1565848181974,
    "duration": 2,
    "pid": 69188,
    "index": 73
  },
  {
    "name": "Require(54) app/router.js",
    "start": 1565848181972,
    "end": 1565848181973,
    "duration": 1,
    "pid": 69188,
    "index": 74
  },
  {
    "name": "Before Start in node_modules/egg-core/lib/egg.js:303:10",
    "start": 1565848181973,
    "end": 1565848181990,
    "duration": 17,
    "pid": 69188,
    "index": 75
  },
  {
    "name": "Load \"model\" to Application",
    "start": 1565848181982,
    "end": 1565848181989,
    "duration": 7,
    "pid": 69188,
    "index": 76
  }
]