[
  {
    "name": "Application Start",
    "start": 1565846530080,
    "end": 1565846530458,
    "duration": 378,
    "pid": 68575,
    "index": 0
  },
  {
    "name": "Load Plugin",
    "start": 1565846530083,
    "end": 1565846530091,
    "duration": 8,
    "pid": 68575,
    "index": 1
  },
  {
    "name": "Load Config",
    "start": 1565846530091,
    "end": 1565846530107,
    "duration": 16,
    "pid": 68575,
    "index": 2
  },
  {
    "name": "Require(0) config/config.default.js",
    "start": 1565846530091,
    "end": 1565846530091,
    "duration": 0,
    "pid": 68575,
    "index": 3
  },
  {
    "name": "Require(1) node_modules/egg-session/config/config.default.js",
    "start": 1565846530092,
    "end": 1565846530092,
    "duration": 0,
    "pid": 68575,
    "index": 4
  },
  {
    "name": "Require(2) node_modules/egg-security/config/config.default.js",
    "start": 1565846530093,
    "end": 1565846530093,
    "duration": 0,
    "pid": 68575,
    "index": 5
  },
  {
    "name": "Require(3) node_modules/egg-jsonp/config/config.default.js",
    "start": 1565846530093,
    "end": 1565846530094,
    "duration": 1,
    "pid": 68575,
    "index": 6
  },
  {
    "name": "Require(4) node_modules/egg-onerror/config/config.default.js",
    "start": 1565846530094,
    "end": 1565846530094,
    "duration": 0,
    "pid": 68575,
    "index": 7
  },
  {
    "name": "Require(5) node_modules/egg-i18n/config/config.default.js",
    "start": 1565846530094,
    "end": 1565846530094,
    "duration": 0,
    "pid": 68575,
    "index": 8
  },
  {
    "name": "Require(6) node_modules/egg-watcher/config/config.default.js",
    "start": 1565846530094,
    "end": 1565846530095,
    "duration": 1,
    "pid": 68575,
    "index": 9
  },
  {
    "name": "Require(7) node_modules/egg-schedule/config/config.default.js",
    "start": 1565846530095,
    "end": 1565846530095,
    "duration": 0,
    "pid": 68575,
    "index": 10
  },
  {
    "name": "Require(8) node_modules/egg-multipart/config/config.default.js",
    "start": 1565846530095,
    "end": 1565846530095,
    "duration": 0,
    "pid": 68575,
    "index": 11
  },
  {
    "name": "Require(9) node_modules/egg-development/config/config.default.js",
    "start": 1565846530096,
    "end": 1565846530096,
    "duration": 0,
    "pid": 68575,
    "index": 12
  },
  {
    "name": "Require(10) node_modules/egg-logrotator/config/config.default.js",
    "start": 1565846530096,
    "end": 1565846530096,
    "duration": 0,
    "pid": 68575,
    "index": 13
  },
  {
    "name": "Require(11) node_modules/egg-static/config/config.default.js",
    "start": 1565846530096,
    "end": 1565846530096,
    "duration": 0,
    "pid": 68575,
    "index": 14
  },
  {
    "name": "Require(12) node_modules/egg-view/config/config.default.js",
    "start": 1565846530097,
    "end": 1565846530097,
    "duration": 0,
    "pid": 68575,
    "index": 15
  },
  {
    "name": "Require(13) node_modules/egg-view-nunjucks/config/config.default.js",
    "start": 1565846530097,
    "end": 1565846530097,
    "duration": 0,
    "pid": 68575,
    "index": 16
  },
  {
    "name": "Require(14) node_modules/egg-redis/config/config.default.js",
    "start": 1565846530097,
    "end": 1565846530098,
    "duration": 1,
    "pid": 68575,
    "index": 17
  },
  {
    "name": "Require(15) node_modules/egg-mongoose/config/config.default.js",
    "start": 1565846530098,
    "end": 1565846530098,
    "duration": 0,
    "pid": 68575,
    "index": 18
  },
  {
    "name": "Require(16) node_modules/egg/config/config.default.js",
    "start": 1565846530098,
    "end": 1565846530098,
    "duration": 0,
    "pid": 68575,
    "index": 19
  },
  {
    "name": "Require(17) config/config.default.js",
    "start": 1565846530100,
    "end": 1565846530100,
    "duration": 0,
    "pid": 68575,
    "index": 20
  },
  {
    "name": "Require(18) node_modules/egg-security/config/config.local.js",
    "start": 1565846530105,
    "end": 1565846530106,
    "duration": 1,
    "pid": 68575,
    "index": 21
  },
  {
    "name": "Require(19) node_modules/egg-watcher/config/config.local.js",
    "start": 1565846530106,
    "end": 1565846530106,
    "duration": 0,
    "pid": 68575,
    "index": 22
  },
  {
    "name": "Require(20) node_modules/egg-view/config/config.local.js",
    "start": 1565846530107,
    "end": 1565846530107,
    "duration": 0,
    "pid": 68575,
    "index": 23
  },
  {
    "name": "Require(21) node_modules/egg-view-nunjucks/config/config.local.js",
    "start": 1565846530107,
    "end": 1565846530107,
    "duration": 0,
    "pid": 68575,
    "index": 24
  },
  {
    "name": "Require(22) node_modules/egg/config/config.local.js",
    "start": 1565846530107,
    "end": 1565846530107,
    "duration": 0,
    "pid": 68575,
    "index": 25
  },
  {
    "name": "Load extend/application.js",
    "start": 1565846530108,
    "end": 1565846530123,
    "duration": 15,
    "pid": 68575,
    "index": 26
  },
  {
    "name": "Require(23) node_modules/egg-session/app/extend/application.js",
    "start": 1565846530108,
    "end": 1565846530108,
    "duration": 0,
    "pid": 68575,
    "index": 27
  },
  {
    "name": "Require(24) node_modules/egg-security/app/extend/application.js",
    "start": 1565846530109,
    "end": 1565846530109,
    "duration": 0,
    "pid": 68575,
    "index": 28
  },
  {
    "name": "Require(25) node_modules/egg-jsonp/app/extend/application.js",
    "start": 1565846530109,
    "end": 1565846530110,
    "duration": 1,
    "pid": 68575,
    "index": 29
  },
  {
    "name": "Require(26) node_modules/egg-logrotator/app/extend/application.js",
    "start": 1565846530110,
    "end": 1565846530110,
    "duration": 0,
    "pid": 68575,
    "index": 30
  },
  {
    "name": "Require(27) node_modules/egg-view/app/extend/application.js",
    "start": 1565846530111,
    "end": 1565846530111,
    "duration": 0,
    "pid": 68575,
    "index": 31
  },
  {
    "name": "Require(28) node_modules/egg-view-nunjucks/app/extend/application.js",
    "start": 1565846530111,
    "end": 1565846530123,
    "duration": 12,
    "pid": 68575,
    "index": 32
  },
  {
    "name": "Load extend/request.js",
    "start": 1565846530123,
    "end": 1565846530125,
    "duration": 2,
    "pid": 68575,
    "index": 33
  },
  {
    "name": "Require(29) node_modules/egg/app/extend/request.js",
    "start": 1565846530124,
    "end": 1565846530124,
    "duration": 0,
    "pid": 68575,
    "index": 34
  },
  {
    "name": "Load extend/response.js",
    "start": 1565846530125,
    "end": 1565846530127,
    "duration": 2,
    "pid": 68575,
    "index": 35
  },
  {
    "name": "Require(30) node_modules/egg/app/extend/response.js",
    "start": 1565846530126,
    "end": 1565846530126,
    "duration": 0,
    "pid": 68575,
    "index": 36
  },
  {
    "name": "Load extend/context.js",
    "start": 1565846530127,
    "end": 1565846530152,
    "duration": 25,
    "pid": 68575,
    "index": 37
  },
  {
    "name": "Require(31) node_modules/egg-security/app/extend/context.js",
    "start": 1565846530127,
    "end": 1565846530130,
    "duration": 3,
    "pid": 68575,
    "index": 38
  },
  {
    "name": "Require(32) node_modules/egg-jsonp/app/extend/context.js",
    "start": 1565846530130,
    "end": 1565846530130,
    "duration": 0,
    "pid": 68575,
    "index": 39
  },
  {
    "name": "Require(33) node_modules/egg-i18n/app/extend/context.js",
    "start": 1565846530131,
    "end": 1565846530131,
    "duration": 0,
    "pid": 68575,
    "index": 40
  },
  {
    "name": "Require(34) node_modules/egg-multipart/app/extend/context.js",
    "start": 1565846530131,
    "end": 1565846530149,
    "duration": 18,
    "pid": 68575,
    "index": 41
  },
  {
    "name": "Require(35) node_modules/egg-view/app/extend/context.js",
    "start": 1565846530149,
    "end": 1565846530150,
    "duration": 1,
    "pid": 68575,
    "index": 42
  },
  {
    "name": "Require(36) node_modules/egg-mongoose/app/extend/context.js",
    "start": 1565846530150,
    "end": 1565846530151,
    "duration": 1,
    "pid": 68575,
    "index": 43
  },
  {
    "name": "Require(37) node_modules/egg/app/extend/context.js",
    "start": 1565846530151,
    "end": 1565846530151,
    "duration": 0,
    "pid": 68575,
    "index": 44
  },
  {
    "name": "Load extend/helper.js",
    "start": 1565846530152,
    "end": 1565846530160,
    "duration": 8,
    "pid": 68575,
    "index": 45
  },
  {
    "name": "Require(38) node_modules/egg-security/app/extend/helper.js",
    "start": 1565846530152,
    "end": 1565846530159,
    "duration": 7,
    "pid": 68575,
    "index": 46
  },
  {
    "name": "Require(39) node_modules/egg/app/extend/helper.js",
    "start": 1565846530159,
    "end": 1565846530159,
    "duration": 0,
    "pid": 68575,
    "index": 47
  },
  {
    "name": "Load app.js",
    "start": 1565846530160,
    "end": 1565846530174,
    "duration": 14,
    "pid": 68575,
    "index": 48
  },
  {
    "name": "Require(40) node_modules/egg-session/app.js",
    "start": 1565846530160,
    "end": 1565846530160,
    "duration": 0,
    "pid": 68575,
    "index": 49
  },
  {
    "name": "Require(41) node_modules/egg-security/app.js",
    "start": 1565846530160,
    "end": 1565846530161,
    "duration": 1,
    "pid": 68575,
    "index": 50
  },
  {
    "name": "Require(42) node_modules/egg-onerror/app.js",
    "start": 1565846530161,
    "end": 1565846530164,
    "duration": 3,
    "pid": 68575,
    "index": 51
  },
  {
    "name": "Require(43) node_modules/egg-i18n/app.js",
    "start": 1565846530164,
    "end": 1565846530170,
    "duration": 6,
    "pid": 68575,
    "index": 52
  },
  {
    "name": "Require(44) node_modules/egg-watcher/app.js",
    "start": 1565846530170,
    "end": 1565846530171,
    "duration": 1,
    "pid": 68575,
    "index": 53
  },
  {
    "name": "Require(45) node_modules/egg-schedule/app.js",
    "start": 1565846530171,
    "end": 1565846530171,
    "duration": 0,
    "pid": 68575,
    "index": 54
  },
  {
    "name": "Require(46) node_modules/egg-multipart/app.js",
    "start": 1565846530172,
    "end": 1565846530172,
    "duration": 0,
    "pid": 68575,
    "index": 55
  },
  {
    "name": "Require(47) node_modules/egg-development/app.js",
    "start": 1565846530172,
    "end": 1565846530173,
    "duration": 1,
    "pid": 68575,
    "index": 56
  },
  {
    "name": "Require(48) node_modules/egg-logrotator/app.js",
    "start": 1565846530173,
    "end": 1565846530173,
    "duration": 0,
    "pid": 68575,
    "index": 57
  },
  {
    "name": "Require(49) node_modules/egg-static/app.js",
    "start": 1565846530173,
    "end": 1565846530173,
    "duration": 0,
    "pid": 68575,
    "index": 58
  },
  {
    "name": "Require(50) node_modules/egg-view-nunjucks/app.js",
    "start": 1565846530173,
    "end": 1565846530173,
    "duration": 0,
    "pid": 68575,
    "index": 59
  },
  {
    "name": "Require(51) node_modules/egg-redis/app.js",
    "start": 1565846530173,
    "end": 1565846530174,
    "duration": 1,
    "pid": 68575,
    "index": 60
  },
  {
    "name": "Require(52) node_modules/egg-mongoose/app.js",
    "start": 1565846530174,
    "end": 1565846530174,
    "duration": 0,
    "pid": 68575,
    "index": 61
  },
  {
    "name": "Before Start in node_modules/egg-watcher/lib/init.js:15:14",
    "start": 1565846530182,
    "end": 1565846530457,
    "duration": 275,
    "pid": 68575,
    "index": 62
  },
  {
    "name": "Before Start in node_modules/egg-redis/lib/redis.js:53:7",
    "start": 1565846530226,
    "end": 1565846530455,
    "duration": 229,
    "pid": 68575,
    "index": 63
  },
  {
    "name": "Before Start in node_modules/egg-mongoose/lib/mongoose.js:91:7",
    "start": 1565846530387,
    "end": 1565846530452,
    "duration": 65,
    "pid": 68575,
    "index": 64
  },
  {
    "name": "Before Start in node_modules/egg-mongoose/lib/mongoose.js:49:9",
    "start": 1565846530387,
    "end": 1565846530439,
    "duration": 52,
    "pid": 68575,
    "index": 65
  },
  {
    "name": "Load Service",
    "start": 1565846530387,
    "end": 1565846530390,
    "duration": 3,
    "pid": 68575,
    "index": 66
  },
  {
    "name": "Load \"service\" to Context",
    "start": 1565846530387,
    "end": 1565846530390,
    "duration": 3,
    "pid": 68575,
    "index": 67
  },
  {
    "name": "Load Middleware",
    "start": 1565846530390,
    "end": 1565846530420,
    "duration": 30,
    "pid": 68575,
    "index": 68
  },
  {
    "name": "Load \"middlewares\" to Application",
    "start": 1565846530391,
    "end": 1565846530415,
    "duration": 24,
    "pid": 68575,
    "index": 69
  },
  {
    "name": "Load Controller",
    "start": 1565846530420,
    "end": 1565846530422,
    "duration": 2,
    "pid": 68575,
    "index": 70
  },
  {
    "name": "Load \"controller\" to Application",
    "start": 1565846530420,
    "end": 1565846530422,
    "duration": 2,
    "pid": 68575,
    "index": 71
  },
  {
    "name": "Load Router",
    "start": 1565846530422,
    "end": 1565846530424,
    "duration": 2,
    "pid": 68575,
    "index": 72
  },
  {
    "name": "Require(53) app/router.js",
    "start": 1565846530422,
    "end": 1565846530422,
    "duration": 0,
    "pid": 68575,
    "index": 73
  },
  {
    "name": "Before Start in node_modules/egg-core/lib/egg.js:303:10",
    "start": 1565846530423,
    "end": 1565846530439,
    "duration": 16,
    "pid": 68575,
    "index": 74
  },
  {
    "name": "Load \"model\" to Application",
    "start": 1565846530430,
    "end": 1565846530437,
    "duration": 7,
    "pid": 68575,
    "index": 75
  }
]