[
  {
    "name": "Application Start",
    "start": 1565846509699,
    "end": 1565846510108,
    "duration": 409,
    "pid": 68552,
    "index": 0
  },
  {
    "name": "Load Plugin",
    "start": 1565846509702,
    "end": 1565846509711,
    "duration": 9,
    "pid": 68552,
    "index": 1
  },
  {
    "name": "Load Config",
    "start": 1565846509711,
    "end": 1565846509728,
    "duration": 17,
    "pid": 68552,
    "index": 2
  },
  {
    "name": "Require(0) config/config.default.js",
    "start": 1565846509711,
    "end": 1565846509711,
    "duration": 0,
    "pid": 68552,
    "index": 3
  },
  {
    "name": "Require(1) node_modules/egg-session/config/config.default.js",
    "start": 1565846509712,
    "end": 1565846509713,
    "duration": 1,
    "pid": 68552,
    "index": 4
  },
  {
    "name": "Require(2) node_modules/egg-security/config/config.default.js",
    "start": 1565846509713,
    "end": 1565846509713,
    "duration": 0,
    "pid": 68552,
    "index": 5
  },
  {
    "name": "Require(3) node_modules/egg-jsonp/config/config.default.js",
    "start": 1565846509714,
    "end": 1565846509714,
    "duration": 0,
    "pid": 68552,
    "index": 6
  },
  {
    "name": "Require(4) node_modules/egg-onerror/config/config.default.js",
    "start": 1565846509714,
    "end": 1565846509714,
    "duration": 0,
    "pid": 68552,
    "index": 7
  },
  {
    "name": "Require(5) node_modules/egg-i18n/config/config.default.js",
    "start": 1565846509714,
    "end": 1565846509714,
    "duration": 0,
    "pid": 68552,
    "index": 8
  },
  {
    "name": "Require(6) node_modules/egg-watcher/config/config.default.js",
    "start": 1565846509715,
    "end": 1565846509715,
    "duration": 0,
    "pid": 68552,
    "index": 9
  },
  {
    "name": "Require(7) node_modules/egg-schedule/config/config.default.js",
    "start": 1565846509715,
    "end": 1565846509715,
    "duration": 0,
    "pid": 68552,
    "index": 10
  },
  {
    "name": "Require(8) node_modules/egg-multipart/config/config.default.js",
    "start": 1565846509716,
    "end": 1565846509716,
    "duration": 0,
    "pid": 68552,
    "index": 11
  },
  {
    "name": "Require(9) node_modules/egg-development/config/config.default.js",
    "start": 1565846509716,
    "end": 1565846509716,
    "duration": 0,
    "pid": 68552,
    "index": 12
  },
  {
    "name": "Require(10) node_modules/egg-logrotator/config/config.default.js",
    "start": 1565846509717,
    "end": 1565846509717,
    "duration": 0,
    "pid": 68552,
    "index": 13
  },
  {
    "name": "Require(11) node_modules/egg-static/config/config.default.js",
    "start": 1565846509717,
    "end": 1565846509717,
    "duration": 0,
    "pid": 68552,
    "index": 14
  },
  {
    "name": "Require(12) node_modules/egg-view/config/config.default.js",
    "start": 1565846509717,
    "end": 1565846509717,
    "duration": 0,
    "pid": 68552,
    "index": 15
  },
  {
    "name": "Require(13) node_modules/egg-view-nunjucks/config/config.default.js",
    "start": 1565846509718,
    "end": 1565846509718,
    "duration": 0,
    "pid": 68552,
    "index": 16
  },
  {
    "name": "Require(14) node_modules/egg-redis/config/config.default.js",
    "start": 1565846509718,
    "end": 1565846509718,
    "duration": 0,
    "pid": 68552,
    "index": 17
  },
  {
    "name": "Require(15) node_modules/egg-mongoose/config/config.default.js",
    "start": 1565846509718,
    "end": 1565846509718,
    "duration": 0,
    "pid": 68552,
    "index": 18
  },
  {
    "name": "Require(16) node_modules/egg/config/config.default.js",
    "start": 1565846509719,
    "end": 1565846509719,
    "duration": 0,
    "pid": 68552,
    "index": 19
  },
  {
    "name": "Require(17) config/config.default.js",
    "start": 1565846509721,
    "end": 1565846509721,
    "duration": 0,
    "pid": 68552,
    "index": 20
  },
  {
    "name": "Require(18) node_modules/egg-security/config/config.local.js",
    "start": 1565846509726,
    "end": 1565846509727,
    "duration": 1,
    "pid": 68552,
    "index": 21
  },
  {
    "name": "Require(19) node_modules/egg-watcher/config/config.local.js",
    "start": 1565846509727,
    "end": 1565846509727,
    "duration": 0,
    "pid": 68552,
    "index": 22
  },
  {
    "name": "Require(20) node_modules/egg-view/config/config.local.js",
    "start": 1565846509727,
    "end": 1565846509727,
    "duration": 0,
    "pid": 68552,
    "index": 23
  },
  {
    "name": "Require(21) node_modules/egg-view-nunjucks/config/config.local.js",
    "start": 1565846509727,
    "end": 1565846509728,
    "duration": 1,
    "pid": 68552,
    "index": 24
  },
  {
    "name": "Require(22) node_modules/egg/config/config.local.js",
    "start": 1565846509728,
    "end": 1565846509728,
    "duration": 0,
    "pid": 68552,
    "index": 25
  },
  {
    "name": "Load extend/application.js",
    "start": 1565846509729,
    "end": 1565846509746,
    "duration": 17,
    "pid": 68552,
    "index": 26
  },
  {
    "name": "Require(23) node_modules/egg-session/app/extend/application.js",
    "start": 1565846509729,
    "end": 1565846509729,
    "duration": 0,
    "pid": 68552,
    "index": 27
  },
  {
    "name": "Require(24) node_modules/egg-security/app/extend/application.js",
    "start": 1565846509729,
    "end": 1565846509730,
    "duration": 1,
    "pid": 68552,
    "index": 28
  },
  {
    "name": "Require(25) node_modules/egg-jsonp/app/extend/application.js",
    "start": 1565846509730,
    "end": 1565846509730,
    "duration": 0,
    "pid": 68552,
    "index": 29
  },
  {
    "name": "Require(26) node_modules/egg-logrotator/app/extend/application.js",
    "start": 1565846509731,
    "end": 1565846509731,
    "duration": 0,
    "pid": 68552,
    "index": 30
  },
  {
    "name": "Require(27) node_modules/egg-view/app/extend/application.js",
    "start": 1565846509732,
    "end": 1565846509732,
    "duration": 0,
    "pid": 68552,
    "index": 31
  },
  {
    "name": "Require(28) node_modules/egg-view-nunjucks/app/extend/application.js",
    "start": 1565846509732,
    "end": 1565846509745,
    "duration": 13,
    "pid": 68552,
    "index": 32
  },
  {
    "name": "Load extend/request.js",
    "start": 1565846509746,
    "end": 1565846509748,
    "duration": 2,
    "pid": 68552,
    "index": 33
  },
  {
    "name": "Require(29) node_modules/egg/app/extend/request.js",
    "start": 1565846509746,
    "end": 1565846509747,
    "duration": 1,
    "pid": 68552,
    "index": 34
  },
  {
    "name": "Load extend/response.js",
    "start": 1565846509748,
    "end": 1565846509749,
    "duration": 1,
    "pid": 68552,
    "index": 35
  },
  {
    "name": "Require(30) node_modules/egg/app/extend/response.js",
    "start": 1565846509748,
    "end": 1565846509749,
    "duration": 1,
    "pid": 68552,
    "index": 36
  },
  {
    "name": "Load extend/context.js",
    "start": 1565846509749,
    "end": 1565846509777,
    "duration": 28,
    "pid": 68552,
    "index": 37
  },
  {
    "name": "Require(31) node_modules/egg-security/app/extend/context.js",
    "start": 1565846509750,
    "end": 1565846509753,
    "duration": 3,
    "pid": 68552,
    "index": 38
  },
  {
    "name": "Require(32) node_modules/egg-jsonp/app/extend/context.js",
    "start": 1565846509753,
    "end": 1565846509753,
    "duration": 0,
    "pid": 68552,
    "index": 39
  },
  {
    "name": "Require(33) node_modules/egg-i18n/app/extend/context.js",
    "start": 1565846509754,
    "end": 1565846509754,
    "duration": 0,
    "pid": 68552,
    "index": 40
  },
  {
    "name": "Require(34) node_modules/egg-multipart/app/extend/context.js",
    "start": 1565846509754,
    "end": 1565846509774,
    "duration": 20,
    "pid": 68552,
    "index": 41
  },
  {
    "name": "Require(35) node_modules/egg-view/app/extend/context.js",
    "start": 1565846509774,
    "end": 1565846509775,
    "duration": 1,
    "pid": 68552,
    "index": 42
  },
  {
    "name": "Require(36) node_modules/egg-mongoose/app/extend/context.js",
    "start": 1565846509775,
    "end": 1565846509776,
    "duration": 1,
    "pid": 68552,
    "index": 43
  },
  {
    "name": "Require(37) node_modules/egg/app/extend/context.js",
    "start": 1565846509776,
    "end": 1565846509776,
    "duration": 0,
    "pid": 68552,
    "index": 44
  },
  {
    "name": "Load extend/helper.js",
    "start": 1565846509777,
    "end": 1565846509786,
    "duration": 9,
    "pid": 68552,
    "index": 45
  },
  {
    "name": "Require(38) node_modules/egg-security/app/extend/helper.js",
    "start": 1565846509778,
    "end": 1565846509784,
    "duration": 6,
    "pid": 68552,
    "index": 46
  },
  {
    "name": "Require(39) node_modules/egg/app/extend/helper.js",
    "start": 1565846509785,
    "end": 1565846509785,
    "duration": 0,
    "pid": 68552,
    "index": 47
  },
  {
    "name": "Load app.js",
    "start": 1565846509786,
    "end": 1565846509801,
    "duration": 15,
    "pid": 68552,
    "index": 48
  },
  {
    "name": "Require(40) node_modules/egg-session/app.js",
    "start": 1565846509786,
    "end": 1565846509786,
    "duration": 0,
    "pid": 68552,
    "index": 49
  },
  {
    "name": "Require(41) node_modules/egg-security/app.js",
    "start": 1565846509787,
    "end": 1565846509787,
    "duration": 0,
    "pid": 68552,
    "index": 50
  },
  {
    "name": "Require(42) node_modules/egg-onerror/app.js",
    "start": 1565846509787,
    "end": 1565846509791,
    "duration": 4,
    "pid": 68552,
    "index": 51
  },
  {
    "name": "Require(43) node_modules/egg-i18n/app.js",
    "start": 1565846509791,
    "end": 1565846509796,
    "duration": 5,
    "pid": 68552,
    "index": 52
  },
  {
    "name": "Require(44) node_modules/egg-watcher/app.js",
    "start": 1565846509796,
    "end": 1565846509797,
    "duration": 1,
    "pid": 68552,
    "index": 53
  },
  {
    "name": "Require(45) node_modules/egg-schedule/app.js",
    "start": 1565846509798,
    "end": 1565846509798,
    "duration": 0,
    "pid": 68552,
    "index": 54
  },
  {
    "name": "Require(46) node_modules/egg-multipart/app.js",
    "start": 1565846509798,
    "end": 1565846509799,
    "duration": 1,
    "pid": 68552,
    "index": 55
  },
  {
    "name": "Require(47) node_modules/egg-development/app.js",
    "start": 1565846509799,
    "end": 1565846509799,
    "duration": 0,
    "pid": 68552,
    "index": 56
  },
  {
    "name": "Require(48) node_modules/egg-logrotator/app.js",
    "start": 1565846509799,
    "end": 1565846509799,
    "duration": 0,
    "pid": 68552,
    "index": 57
  },
  {
    "name": "Require(49) node_modules/egg-static/app.js",
    "start": 1565846509799,
    "end": 1565846509800,
    "duration": 1,
    "pid": 68552,
    "index": 58
  },
  {
    "name": "Require(50) node_modules/egg-view-nunjucks/app.js",
    "start": 1565846509800,
    "end": 1565846509800,
    "duration": 0,
    "pid": 68552,
    "index": 59
  },
  {
    "name": "Require(51) node_modules/egg-redis/app.js",
    "start": 1565846509800,
    "end": 1565846509800,
    "duration": 0,
    "pid": 68552,
    "index": 60
  },
  {
    "name": "Require(52) node_modules/egg-mongoose/app.js",
    "start": 1565846509801,
    "end": 1565846509801,
    "duration": 0,
    "pid": 68552,
    "index": 61
  },
  {
    "name": "Before Start in node_modules/egg-watcher/lib/init.js:15:14",
    "start": 1565846509808,
    "end": 1565846510107,
    "duration": 299,
    "pid": 68552,
    "index": 62
  },
  {
    "name": "Before Start in node_modules/egg-redis/lib/redis.js:53:7",
    "start": 1565846509853,
    "end": 1565846510105,
    "duration": 252,
    "pid": 68552,
    "index": 63
  },
  {
    "name": "Before Start in node_modules/egg-mongoose/lib/mongoose.js:91:7",
    "start": 1565846510029,
    "end": 1565846510103,
    "duration": 74,
    "pid": 68552,
    "index": 64
  },
  {
    "name": "Before Start in node_modules/egg-mongoose/lib/mongoose.js:49:9",
    "start": 1565846510029,
    "end": 1565846510088,
    "duration": 59,
    "pid": 68552,
    "index": 65
  },
  {
    "name": "Load Service",
    "start": 1565846510030,
    "end": 1565846510033,
    "duration": 3,
    "pid": 68552,
    "index": 66
  },
  {
    "name": "Load \"service\" to Context",
    "start": 1565846510030,
    "end": 1565846510033,
    "duration": 3,
    "pid": 68552,
    "index": 67
  },
  {
    "name": "Load Middleware",
    "start": 1565846510033,
    "end": 1565846510067,
    "duration": 34,
    "pid": 68552,
    "index": 68
  },
  {
    "name": "Load \"middlewares\" to Application",
    "start": 1565846510033,
    "end": 1565846510061,
    "duration": 28,
    "pid": 68552,
    "index": 69
  },
  {
    "name": "Load Controller",
    "start": 1565846510067,
    "end": 1565846510068,
    "duration": 1,
    "pid": 68552,
    "index": 70
  },
  {
    "name": "Load \"controller\" to Application",
    "start": 1565846510067,
    "end": 1565846510068,
    "duration": 1,
    "pid": 68552,
    "index": 71
  },
  {
    "name": "Load Router",
    "start": 1565846510068,
    "end": 1565846510070,
    "duration": 2,
    "pid": 68552,
    "index": 72
  },
  {
    "name": "Require(53) app/router.js",
    "start": 1565846510068,
    "end": 1565846510068,
    "duration": 0,
    "pid": 68552,
    "index": 73
  },
  {
    "name": "Before Start in node_modules/egg-core/lib/egg.js:303:10",
    "start": 1565846510069,
    "end": 1565846510088,
    "duration": 19,
    "pid": 68552,
    "index": 74
  },
  {
    "name": "Load \"model\" to Application",
    "start": 1565846510077,
    "end": 1565846510087,
    "duration": 10,
    "pid": 68552,
    "index": 75
  }
]