[
  {
    "name": "Application Start",
    "start": 1565846452060,
    "end": 1565846452404,
    "duration": 344,
    "pid": 68495,
    "index": 0
  },
  {
    "name": "Load Plugin",
    "start": 1565846452063,
    "end": 1565846452072,
    "duration": 9,
    "pid": 68495,
    "index": 1
  },
  {
    "name": "Load Config",
    "start": 1565846452072,
    "end": 1565846452082,
    "duration": 10,
    "pid": 68495,
    "index": 2
  },
  {
    "name": "Require(0) config/config.default.js",
    "start": 1565846452072,
    "end": 1565846452073,
    "duration": 1,
    "pid": 68495,
    "index": 3
  },
  {
    "name": "Require(1) node_modules/egg-session/config/config.default.js",
    "start": 1565846452074,
    "end": 1565846452074,
    "duration": 0,
    "pid": 68495,
    "index": 4
  },
  {
    "name": "Require(2) node_modules/egg-security/config/config.default.js",
    "start": 1565846452074,
    "end": 1565846452074,
    "duration": 0,
    "pid": 68495,
    "index": 5
  },
  {
    "name": "Require(3) node_modules/egg-jsonp/config/config.default.js",
    "start": 1565846452075,
    "end": 1565846452075,
    "duration": 0,
    "pid": 68495,
    "index": 6
  },
  {
    "name": "Require(4) node_modules/egg-onerror/config/config.default.js",
    "start": 1565846452075,
    "end": 1565846452075,
    "duration": 0,
    "pid": 68495,
    "index": 7
  },
  {
    "name": "Require(5) node_modules/egg-i18n/config/config.default.js",
    "start": 1565846452075,
    "end": 1565846452075,
    "duration": 0,
    "pid": 68495,
    "index": 8
  },
  {
    "name": "Require(6) node_modules/egg-watcher/config/config.default.js",
    "start": 1565846452075,
    "end": 1565846452076,
    "duration": 1,
    "pid": 68495,
    "index": 9
  },
  {
    "name": "Require(7) node_modules/egg-schedule/config/config.default.js",
    "start": 1565846452076,
    "end": 1565846452076,
    "duration": 0,
    "pid": 68495,
    "index": 10
  },
  {
    "name": "Require(8) node_modules/egg-multipart/config/config.default.js",
    "start": 1565846452076,
    "end": 1565846452076,
    "duration": 0,
    "pid": 68495,
    "index": 11
  },
  {
    "name": "Require(9) node_modules/egg-development/config/config.default.js",
    "start": 1565846452076,
    "end": 1565846452077,
    "duration": 1,
    "pid": 68495,
    "index": 12
  },
  {
    "name": "Require(10) node_modules/egg-logrotator/config/config.default.js",
    "start": 1565846452077,
    "end": 1565846452077,
    "duration": 0,
    "pid": 68495,
    "index": 13
  },
  {
    "name": "Require(11) node_modules/egg-static/config/config.default.js",
    "start": 1565846452077,
    "end": 1565846452077,
    "duration": 0,
    "pid": 68495,
    "index": 14
  },
  {
    "name": "Require(12) node_modules/egg-view/config/config.default.js",
    "start": 1565846452077,
    "end": 1565846452077,
    "duration": 0,
    "pid": 68495,
    "index": 15
  },
  {
    "name": "Require(13) node_modules/egg-view-nunjucks/config/config.default.js",
    "start": 1565846452078,
    "end": 1565846452078,
    "duration": 0,
    "pid": 68495,
    "index": 16
  },
  {
    "name": "Require(14) node_modules/egg-redis/config/config.default.js",
    "start": 1565846452078,
    "end": 1565846452078,
    "duration": 0,
    "pid": 68495,
    "index": 17
  },
  {
    "name": "Require(15) node_modules/egg-mongoose/config/config.default.js",
    "start": 1565846452078,
    "end": 1565846452078,
    "duration": 0,
    "pid": 68495,
    "index": 18
  },
  {
    "name": "Require(16) node_modules/egg/config/config.default.js",
    "start": 1565846452078,
    "end": 1565846452079,
    "duration": 1,
    "pid": 68495,
    "index": 19
  },
  {
    "name": "Require(17) config/config.default.js",
    "start": 1565846452080,
    "end": 1565846452080,
    "duration": 0,
    "pid": 68495,
    "index": 20
  },
  {
    "name": "Require(18) node_modules/egg-security/config/config.local.js",
    "start": 1565846452080,
    "end": 1565846452080,
    "duration": 0,
    "pid": 68495,
    "index": 21
  },
  {
    "name": "Require(19) node_modules/egg-watcher/config/config.local.js",
    "start": 1565846452080,
    "end": 1565846452081,
    "duration": 1,
    "pid": 68495,
    "index": 22
  },
  {
    "name": "Require(20) node_modules/egg-view/config/config.local.js",
    "start": 1565846452081,
    "end": 1565846452081,
    "duration": 0,
    "pid": 68495,
    "index": 23
  },
  {
    "name": "Require(21) node_modules/egg-view-nunjucks/config/config.local.js",
    "start": 1565846452081,
    "end": 1565846452081,
    "duration": 0,
    "pid": 68495,
    "index": 24
  },
  {
    "name": "Require(22) node_modules/egg/config/config.local.js",
    "start": 1565846452081,
    "end": 1565846452081,
    "duration": 0,
    "pid": 68495,
    "index": 25
  },
  {
    "name": "Load extend/application.js",
    "start": 1565846452082,
    "end": 1565846452098,
    "duration": 16,
    "pid": 68495,
    "index": 26
  },
  {
    "name": "Require(23) node_modules/egg-session/app/extend/application.js",
    "start": 1565846452083,
    "end": 1565846452083,
    "duration": 0,
    "pid": 68495,
    "index": 27
  },
  {
    "name": "Require(24) node_modules/egg-security/app/extend/application.js",
    "start": 1565846452083,
    "end": 1565846452083,
    "duration": 0,
    "pid": 68495,
    "index": 28
  },
  {
    "name": "Require(25) node_modules/egg-jsonp/app/extend/application.js",
    "start": 1565846452083,
    "end": 1565846452084,
    "duration": 1,
    "pid": 68495,
    "index": 29
  },
  {
    "name": "Require(26) node_modules/egg-logrotator/app/extend/application.js",
    "start": 1565846452084,
    "end": 1565846452085,
    "duration": 1,
    "pid": 68495,
    "index": 30
  },
  {
    "name": "Require(27) node_modules/egg-view/app/extend/application.js",
    "start": 1565846452085,
    "end": 1565846452085,
    "duration": 0,
    "pid": 68495,
    "index": 31
  },
  {
    "name": "Require(28) node_modules/egg-view-nunjucks/app/extend/application.js",
    "start": 1565846452085,
    "end": 1565846452097,
    "duration": 12,
    "pid": 68495,
    "index": 32
  },
  {
    "name": "Load extend/request.js",
    "start": 1565846452098,
    "end": 1565846452100,
    "duration": 2,
    "pid": 68495,
    "index": 33
  },
  {
    "name": "Require(29) node_modules/egg/app/extend/request.js",
    "start": 1565846452098,
    "end": 1565846452099,
    "duration": 1,
    "pid": 68495,
    "index": 34
  },
  {
    "name": "Load extend/response.js",
    "start": 1565846452100,
    "end": 1565846452102,
    "duration": 2,
    "pid": 68495,
    "index": 35
  },
  {
    "name": "Require(30) node_modules/egg/app/extend/response.js",
    "start": 1565846452101,
    "end": 1565846452101,
    "duration": 0,
    "pid": 68495,
    "index": 36
  },
  {
    "name": "Load extend/context.js",
    "start": 1565846452102,
    "end": 1565846452126,
    "duration": 24,
    "pid": 68495,
    "index": 37
  },
  {
    "name": "Require(31) node_modules/egg-security/app/extend/context.js",
    "start": 1565846452102,
    "end": 1565846452105,
    "duration": 3,
    "pid": 68495,
    "index": 38
  },
  {
    "name": "Require(32) node_modules/egg-jsonp/app/extend/context.js",
    "start": 1565846452105,
    "end": 1565846452105,
    "duration": 0,
    "pid": 68495,
    "index": 39
  },
  {
    "name": "Require(33) node_modules/egg-i18n/app/extend/context.js",
    "start": 1565846452106,
    "end": 1565846452106,
    "duration": 0,
    "pid": 68495,
    "index": 40
  },
  {
    "name": "Require(34) node_modules/egg-multipart/app/extend/context.js",
    "start": 1565846452106,
    "end": 1565846452124,
    "duration": 18,
    "pid": 68495,
    "index": 41
  },
  {
    "name": "Require(35) node_modules/egg-view/app/extend/context.js",
    "start": 1565846452124,
    "end": 1565846452125,
    "duration": 1,
    "pid": 68495,
    "index": 42
  },
  {
    "name": "Require(36) node_modules/egg-mongoose/app/extend/context.js",
    "start": 1565846452125,
    "end": 1565846452125,
    "duration": 0,
    "pid": 68495,
    "index": 43
  },
  {
    "name": "Require(37) node_modules/egg/app/extend/context.js",
    "start": 1565846452125,
    "end": 1565846452126,
    "duration": 1,
    "pid": 68495,
    "index": 44
  },
  {
    "name": "Load extend/helper.js",
    "start": 1565846452126,
    "end": 1565846452134,
    "duration": 8,
    "pid": 68495,
    "index": 45
  },
  {
    "name": "Require(38) node_modules/egg-security/app/extend/helper.js",
    "start": 1565846452127,
    "end": 1565846452132,
    "duration": 5,
    "pid": 68495,
    "index": 46
  },
  {
    "name": "Require(39) node_modules/egg/app/extend/helper.js",
    "start": 1565846452133,
    "end": 1565846452133,
    "duration": 0,
    "pid": 68495,
    "index": 47
  },
  {
    "name": "Load app.js",
    "start": 1565846452134,
    "end": 1565846452148,
    "duration": 14,
    "pid": 68495,
    "index": 48
  },
  {
    "name": "Require(40) node_modules/egg-session/app.js",
    "start": 1565846452134,
    "end": 1565846452134,
    "duration": 0,
    "pid": 68495,
    "index": 49
  },
  {
    "name": "Require(41) node_modules/egg-security/app.js",
    "start": 1565846452134,
    "end": 1565846452135,
    "duration": 1,
    "pid": 68495,
    "index": 50
  },
  {
    "name": "Require(42) node_modules/egg-onerror/app.js",
    "start": 1565846452135,
    "end": 1565846452138,
    "duration": 3,
    "pid": 68495,
    "index": 51
  },
  {
    "name": "Require(43) node_modules/egg-i18n/app.js",
    "start": 1565846452138,
    "end": 1565846452144,
    "duration": 6,
    "pid": 68495,
    "index": 52
  },
  {
    "name": "Require(44) node_modules/egg-watcher/app.js",
    "start": 1565846452144,
    "end": 1565846452145,
    "duration": 1,
    "pid": 68495,
    "index": 53
  },
  {
    "name": "Require(45) node_modules/egg-schedule/app.js",
    "start": 1565846452145,
    "end": 1565846452146,
    "duration": 1,
    "pid": 68495,
    "index": 54
  },
  {
    "name": "Require(46) node_modules/egg-multipart/app.js",
    "start": 1565846452146,
    "end": 1565846452146,
    "duration": 0,
    "pid": 68495,
    "index": 55
  },
  {
    "name": "Require(47) node_modules/egg-development/app.js",
    "start": 1565846452147,
    "end": 1565846452147,
    "duration": 0,
    "pid": 68495,
    "index": 56
  },
  {
    "name": "Require(48) node_modules/egg-logrotator/app.js",
    "start": 1565846452147,
    "end": 1565846452147,
    "duration": 0,
    "pid": 68495,
    "index": 57
  },
  {
    "name": "Require(49) node_modules/egg-static/app.js",
    "start": 1565846452147,
    "end": 1565846452147,
    "duration": 0,
    "pid": 68495,
    "index": 58
  },
  {
    "name": "Require(50) node_modules/egg-view-nunjucks/app.js",
    "start": 1565846452147,
    "end": 1565846452147,
    "duration": 0,
    "pid": 68495,
    "index": 59
  },
  {
    "name": "Require(51) node_modules/egg-redis/app.js",
    "start": 1565846452147,
    "end": 1565846452148,
    "duration": 1,
    "pid": 68495,
    "index": 60
  },
  {
    "name": "Require(52) node_modules/egg-mongoose/app.js",
    "start": 1565846452148,
    "end": 1565846452148,
    "duration": 0,
    "pid": 68495,
    "index": 61
  },
  {
    "name": "Before Start in node_modules/egg-watcher/lib/init.js:15:14",
    "start": 1565846452155,
    "end": 1565846452403,
    "duration": 248,
    "pid": 68495,
    "index": 62
  },
  {
    "name": "Before Start in node_modules/egg-redis/lib/redis.js:53:7",
    "start": 1565846452199,
    "end": 1565846452402,
    "duration": 203,
    "pid": 68495,
    "index": 63
  },
  {
    "name": "Before Start in node_modules/egg-mongoose/lib/mongoose.js:91:7",
    "start": 1565846452344,
    "end": 1565846452400,
    "duration": 56,
    "pid": 68495,
    "index": 64
  },
  {
    "name": "Before Start in node_modules/egg-mongoose/lib/mongoose.js:49:9",
    "start": 1565846452344,
    "end": 1565846452387,
    "duration": 43,
    "pid": 68495,
    "index": 65
  },
  {
    "name": "Load Service",
    "start": 1565846452344,
    "end": 1565846452347,
    "duration": 3,
    "pid": 68495,
    "index": 66
  },
  {
    "name": "Load \"service\" to Context",
    "start": 1565846452344,
    "end": 1565846452347,
    "duration": 3,
    "pid": 68495,
    "index": 67
  },
  {
    "name": "Load Middleware",
    "start": 1565846452347,
    "end": 1565846452377,
    "duration": 30,
    "pid": 68495,
    "index": 68
  },
  {
    "name": "Load \"middlewares\" to Application",
    "start": 1565846452347,
    "end": 1565846452371,
    "duration": 24,
    "pid": 68495,
    "index": 69
  },
  {
    "name": "Load Controller",
    "start": 1565846452377,
    "end": 1565846452378,
    "duration": 1,
    "pid": 68495,
    "index": 70
  },
  {
    "name": "Load \"controller\" to Application",
    "start": 1565846452377,
    "end": 1565846452378,
    "duration": 1,
    "pid": 68495,
    "index": 71
  },
  {
    "name": "Load Router",
    "start": 1565846452378,
    "end": 1565846452379,
    "duration": 1,
    "pid": 68495,
    "index": 72
  },
  {
    "name": "Require(53) app/router.js",
    "start": 1565846452378,
    "end": 1565846452378,
    "duration": 0,
    "pid": 68495,
    "index": 73
  },
  {
    "name": "Before Start in node_modules/egg-core/lib/egg.js:303:10",
    "start": 1565846452378,
    "end": 1565846452387,
    "duration": 9,
    "pid": 68495,
    "index": 74
  },
  {
    "name": "Load \"model\" to Application",
    "start": 1565846452386,
    "end": 1565846452387,
    "duration": 1,
    "pid": 68495,
    "index": 75
  }
]