[
  {
    "name": "Application Start",
    "start": 1565845372740,
    "end": 1565845373252,
    "duration": 512,
    "pid": 68203,
    "index": 0
  },
  {
    "name": "Load Plugin",
    "start": 1565845372743,
    "end": 1565845372750,
    "duration": 7,
    "pid": 68203,
    "index": 1
  },
  {
    "name": "Load Config",
    "start": 1565845372750,
    "end": 1565845372763,
    "duration": 13,
    "pid": 68203,
    "index": 2
  },
  {
    "name": "Require(0) config/config.default.js",
    "start": 1565845372750,
    "end": 1565845372750,
    "duration": 0,
    "pid": 68203,
    "index": 3
  },
  {
    "name": "Require(1) node_modules/egg-session/config/config.default.js",
    "start": 1565845372752,
    "end": 1565845372752,
    "duration": 0,
    "pid": 68203,
    "index": 4
  },
  {
    "name": "Require(2) node_modules/egg-security/config/config.default.js",
    "start": 1565845372752,
    "end": 1565845372752,
    "duration": 0,
    "pid": 68203,
    "index": 5
  },
  {
    "name": "Require(3) node_modules/egg-jsonp/config/config.default.js",
    "start": 1565845372754,
    "end": 1565845372755,
    "duration": 1,
    "pid": 68203,
    "index": 6
  },
  {
    "name": "Require(4) node_modules/egg-onerror/config/config.default.js",
    "start": 1565845372755,
    "end": 1565845372755,
    "duration": 0,
    "pid": 68203,
    "index": 7
  },
  {
    "name": "Require(5) node_modules/egg-i18n/config/config.default.js",
    "start": 1565845372755,
    "end": 1565845372755,
    "duration": 0,
    "pid": 68203,
    "index": 8
  },
  {
    "name": "Require(6) node_modules/egg-watcher/config/config.default.js",
    "start": 1565845372756,
    "end": 1565845372756,
    "duration": 0,
    "pid": 68203,
    "index": 9
  },
  {
    "name": "Require(7) node_modules/egg-schedule/config/config.default.js",
    "start": 1565845372756,
    "end": 1565845372756,
    "duration": 0,
    "pid": 68203,
    "index": 10
  },
  {
    "name": "Require(8) node_modules/egg-multipart/config/config.default.js",
    "start": 1565845372756,
    "end": 1565845372756,
    "duration": 0,
    "pid": 68203,
    "index": 11
  },
  {
    "name": "Require(9) node_modules/egg-development/config/config.default.js",
    "start": 1565845372757,
    "end": 1565845372757,
    "duration": 0,
    "pid": 68203,
    "index": 12
  },
  {
    "name": "Require(10) node_modules/egg-logrotator/config/config.default.js",
    "start": 1565845372757,
    "end": 1565845372757,
    "duration": 0,
    "pid": 68203,
    "index": 13
  },
  {
    "name": "Require(11) node_modules/egg-static/config/config.default.js",
    "start": 1565845372757,
    "end": 1565845372758,
    "duration": 1,
    "pid": 68203,
    "index": 14
  },
  {
    "name": "Require(12) node_modules/egg-view/config/config.default.js",
    "start": 1565845372758,
    "end": 1565845372758,
    "duration": 0,
    "pid": 68203,
    "index": 15
  },
  {
    "name": "Require(13) node_modules/egg-view-nunjucks/config/config.default.js",
    "start": 1565845372758,
    "end": 1565845372758,
    "duration": 0,
    "pid": 68203,
    "index": 16
  },
  {
    "name": "Require(14) node_modules/egg-redis/config/config.default.js",
    "start": 1565845372758,
    "end": 1565845372759,
    "duration": 1,
    "pid": 68203,
    "index": 17
  },
  {
    "name": "Require(15) node_modules/egg-mongoose/config/config.default.js",
    "start": 1565845372759,
    "end": 1565845372759,
    "duration": 0,
    "pid": 68203,
    "index": 18
  },
  {
    "name": "Require(16) node_modules/egg/config/config.default.js",
    "start": 1565845372759,
    "end": 1565845372760,
    "duration": 1,
    "pid": 68203,
    "index": 19
  },
  {
    "name": "Require(17) config/config.default.js",
    "start": 1565845372761,
    "end": 1565845372761,
    "duration": 0,
    "pid": 68203,
    "index": 20
  },
  {
    "name": "Require(18) node_modules/egg-security/config/config.local.js",
    "start": 1565845372761,
    "end": 1565845372762,
    "duration": 1,
    "pid": 68203,
    "index": 21
  },
  {
    "name": "Require(19) node_modules/egg-watcher/config/config.local.js",
    "start": 1565845372762,
    "end": 1565845372762,
    "duration": 0,
    "pid": 68203,
    "index": 22
  },
  {
    "name": "Require(20) node_modules/egg-view/config/config.local.js",
    "start": 1565845372762,
    "end": 1565845372763,
    "duration": 1,
    "pid": 68203,
    "index": 23
  },
  {
    "name": "Require(21) node_modules/egg-view-nunjucks/config/config.local.js",
    "start": 1565845372763,
    "end": 1565845372763,
    "duration": 0,
    "pid": 68203,
    "index": 24
  },
  {
    "name": "Require(22) node_modules/egg/config/config.local.js",
    "start": 1565845372763,
    "end": 1565845372763,
    "duration": 0,
    "pid": 68203,
    "index": 25
  },
  {
    "name": "Load extend/application.js",
    "start": 1565845372764,
    "end": 1565845372786,
    "duration": 22,
    "pid": 68203,
    "index": 26
  },
  {
    "name": "Require(23) node_modules/egg-session/app/extend/application.js",
    "start": 1565845372764,
    "end": 1565845372765,
    "duration": 1,
    "pid": 68203,
    "index": 27
  },
  {
    "name": "Require(24) node_modules/egg-security/app/extend/application.js",
    "start": 1565845372765,
    "end": 1565845372765,
    "duration": 0,
    "pid": 68203,
    "index": 28
  },
  {
    "name": "Require(25) node_modules/egg-jsonp/app/extend/application.js",
    "start": 1565845372765,
    "end": 1565845372769,
    "duration": 4,
    "pid": 68203,
    "index": 29
  },
  {
    "name": "Require(26) node_modules/egg-logrotator/app/extend/application.js",
    "start": 1565845372771,
    "end": 1565845372772,
    "duration": 1,
    "pid": 68203,
    "index": 30
  },
  {
    "name": "Require(27) node_modules/egg-view/app/extend/application.js",
    "start": 1565845372772,
    "end": 1565845372772,
    "duration": 0,
    "pid": 68203,
    "index": 31
  },
  {
    "name": "Require(28) node_modules/egg-view-nunjucks/app/extend/application.js",
    "start": 1565845372773,
    "end": 1565845372785,
    "duration": 12,
    "pid": 68203,
    "index": 32
  },
  {
    "name": "Load extend/request.js",
    "start": 1565845372786,
    "end": 1565845372788,
    "duration": 2,
    "pid": 68203,
    "index": 33
  },
  {
    "name": "Require(29) node_modules/egg/app/extend/request.js",
    "start": 1565845372787,
    "end": 1565845372787,
    "duration": 0,
    "pid": 68203,
    "index": 34
  },
  {
    "name": "Load extend/response.js",
    "start": 1565845372788,
    "end": 1565845372789,
    "duration": 1,
    "pid": 68203,
    "index": 35
  },
  {
    "name": "Require(30) node_modules/egg/app/extend/response.js",
    "start": 1565845372788,
    "end": 1565845372789,
    "duration": 1,
    "pid": 68203,
    "index": 36
  },
  {
    "name": "Load extend/context.js",
    "start": 1565845372789,
    "end": 1565845372814,
    "duration": 25,
    "pid": 68203,
    "index": 37
  },
  {
    "name": "Require(31) node_modules/egg-security/app/extend/context.js",
    "start": 1565845372789,
    "end": 1565845372793,
    "duration": 4,
    "pid": 68203,
    "index": 38
  },
  {
    "name": "Require(32) node_modules/egg-jsonp/app/extend/context.js",
    "start": 1565845372793,
    "end": 1565845372793,
    "duration": 0,
    "pid": 68203,
    "index": 39
  },
  {
    "name": "Require(33) node_modules/egg-i18n/app/extend/context.js",
    "start": 1565845372793,
    "end": 1565845372793,
    "duration": 0,
    "pid": 68203,
    "index": 40
  },
  {
    "name": "Require(34) node_modules/egg-multipart/app/extend/context.js",
    "start": 1565845372794,
    "end": 1565845372812,
    "duration": 18,
    "pid": 68203,
    "index": 41
  },
  {
    "name": "Require(35) node_modules/egg-view/app/extend/context.js",
    "start": 1565845372812,
    "end": 1565845372813,
    "duration": 1,
    "pid": 68203,
    "index": 42
  },
  {
    "name": "Require(36) node_modules/egg-mongoose/app/extend/context.js",
    "start": 1565845372813,
    "end": 1565845372813,
    "duration": 0,
    "pid": 68203,
    "index": 43
  },
  {
    "name": "Require(37) node_modules/egg/app/extend/context.js",
    "start": 1565845372813,
    "end": 1565845372814,
    "duration": 1,
    "pid": 68203,
    "index": 44
  },
  {
    "name": "Load extend/helper.js",
    "start": 1565845372815,
    "end": 1565845372822,
    "duration": 7,
    "pid": 68203,
    "index": 45
  },
  {
    "name": "Require(38) node_modules/egg-security/app/extend/helper.js",
    "start": 1565845372815,
    "end": 1565845372821,
    "duration": 6,
    "pid": 68203,
    "index": 46
  },
  {
    "name": "Require(39) node_modules/egg/app/extend/helper.js",
    "start": 1565845372821,
    "end": 1565845372821,
    "duration": 0,
    "pid": 68203,
    "index": 47
  },
  {
    "name": "Load app.js",
    "start": 1565845372822,
    "end": 1565845372837,
    "duration": 15,
    "pid": 68203,
    "index": 48
  },
  {
    "name": "Require(40) node_modules/egg-session/app.js",
    "start": 1565845372822,
    "end": 1565845372822,
    "duration": 0,
    "pid": 68203,
    "index": 49
  },
  {
    "name": "Require(41) node_modules/egg-security/app.js",
    "start": 1565845372823,
    "end": 1565845372824,
    "duration": 1,
    "pid": 68203,
    "index": 50
  },
  {
    "name": "Require(42) node_modules/egg-onerror/app.js",
    "start": 1565845372824,
    "end": 1565845372827,
    "duration": 3,
    "pid": 68203,
    "index": 51
  },
  {
    "name": "Require(43) node_modules/egg-i18n/app.js",
    "start": 1565845372828,
    "end": 1565845372833,
    "duration": 5,
    "pid": 68203,
    "index": 52
  },
  {
    "name": "Require(44) node_modules/egg-watcher/app.js",
    "start": 1565845372833,
    "end": 1565845372834,
    "duration": 1,
    "pid": 68203,
    "index": 53
  },
  {
    "name": "Require(45) node_modules/egg-schedule/app.js",
    "start": 1565845372834,
    "end": 1565845372835,
    "duration": 1,
    "pid": 68203,
    "index": 54
  },
  {
    "name": "Require(46) node_modules/egg-multipart/app.js",
    "start": 1565845372835,
    "end": 1565845372836,
    "duration": 1,
    "pid": 68203,
    "index": 55
  },
  {
    "name": "Require(47) node_modules/egg-development/app.js",
    "start": 1565845372836,
    "end": 1565845372836,
    "duration": 0,
    "pid": 68203,
    "index": 56
  },
  {
    "name": "Require(48) node_modules/egg-logrotator/app.js",
    "start": 1565845372836,
    "end": 1565845372836,
    "duration": 0,
    "pid": 68203,
    "index": 57
  },
  {
    "name": "Require(49) node_modules/egg-static/app.js",
    "start": 1565845372836,
    "end": 1565845372836,
    "duration": 0,
    "pid": 68203,
    "index": 58
  },
  {
    "name": "Require(50) node_modules/egg-view-nunjucks/app.js",
    "start": 1565845372836,
    "end": 1565845372837,
    "duration": 1,
    "pid": 68203,
    "index": 59
  },
  {
    "name": "Require(51) node_modules/egg-redis/app.js",
    "start": 1565845372837,
    "end": 1565845372837,
    "duration": 0,
    "pid": 68203,
    "index": 60
  },
  {
    "name": "Require(52) node_modules/egg-mongoose/app.js",
    "start": 1565845372837,
    "end": 1565845372837,
    "duration": 0,
    "pid": 68203,
    "index": 61
  },
  {
    "name": "Before Start in node_modules/egg-watcher/lib/init.js:15:14",
    "start": 1565845372844,
    "end": 1565845373251,
    "duration": 407,
    "pid": 68203,
    "index": 62
  },
  {
    "name": "Before Start in node_modules/egg-redis/lib/redis.js:53:7",
    "start": 1565845372885,
    "end": 1565845373249,
    "duration": 364,
    "pid": 68203,
    "index": 63
  },
  {
    "name": "Before Start in node_modules/egg-mongoose/lib/mongoose.js:91:7",
    "start": 1565845373163,
    "end": 1565845373247,
    "duration": 84,
    "pid": 68203,
    "index": 64
  },
  {
    "name": "Before Start in node_modules/egg-mongoose/lib/mongoose.js:49:9",
    "start": 1565845373163,
    "end": 1565845373235,
    "duration": 72,
    "pid": 68203,
    "index": 65
  },
  {
    "name": "Load Service",
    "start": 1565845373163,
    "end": 1565845373167,
    "duration": 4,
    "pid": 68203,
    "index": 66
  },
  {
    "name": "Load \"service\" to Context",
    "start": 1565845373164,
    "end": 1565845373167,
    "duration": 3,
    "pid": 68203,
    "index": 67
  },
  {
    "name": "Load Middleware",
    "start": 1565845373167,
    "end": 1565845373223,
    "duration": 56,
    "pid": 68203,
    "index": 68
  },
  {
    "name": "Load \"middlewares\" to Application",
    "start": 1565845373167,
    "end": 1565845373216,
    "duration": 49,
    "pid": 68203,
    "index": 69
  },
  {
    "name": "Load Controller",
    "start": 1565845373223,
    "end": 1565845373225,
    "duration": 2,
    "pid": 68203,
    "index": 70
  },
  {
    "name": "Load \"controller\" to Application",
    "start": 1565845373223,
    "end": 1565845373225,
    "duration": 2,
    "pid": 68203,
    "index": 71
  },
  {
    "name": "Load Router",
    "start": 1565845373225,
    "end": 1565845373227,
    "duration": 2,
    "pid": 68203,
    "index": 72
  },
  {
    "name": "Require(53) app/router.js",
    "start": 1565845373225,
    "end": 1565845373225,
    "duration": 0,
    "pid": 68203,
    "index": 73
  },
  {
    "name": "Before Start in node_modules/egg-core/lib/egg.js:303:10",
    "start": 1565845373225,
    "end": 1565845373235,
    "duration": 10,
    "pid": 68203,
    "index": 74
  },
  {
    "name": "Load \"model\" to Application",
    "start": 1565845373234,
    "end": 1565845373234,
    "duration": 0,
    "pid": 68203,
    "index": 75
  }
]