[
  {
    "name": "Application Start",
    "start": 1565847503524,
    "end": 1565847503883,
    "duration": 359,
    "pid": 68949,
    "index": 0
  },
  {
    "name": "Load Plugin",
    "start": 1565847503527,
    "end": 1565847503537,
    "duration": 10,
    "pid": 68949,
    "index": 1
  },
  {
    "name": "Load Config",
    "start": 1565847503537,
    "end": 1565847503546,
    "duration": 9,
    "pid": 68949,
    "index": 2
  },
  {
    "name": "Require(0) config/config.default.js",
    "start": 1565847503537,
    "end": 1565847503537,
    "duration": 0,
    "pid": 68949,
    "index": 3
  },
  {
    "name": "Require(1) node_modules/egg-session/config/config.default.js",
    "start": 1565847503538,
    "end": 1565847503538,
    "duration": 0,
    "pid": 68949,
    "index": 4
  },
  {
    "name": "Require(2) node_modules/egg-security/config/config.default.js",
    "start": 1565847503538,
    "end": 1565847503538,
    "duration": 0,
    "pid": 68949,
    "index": 5
  },
  {
    "name": "Require(3) node_modules/egg-jsonp/config/config.default.js",
    "start": 1565847503539,
    "end": 1565847503539,
    "duration": 0,
    "pid": 68949,
    "index": 6
  },
  {
    "name": "Require(4) node_modules/egg-onerror/config/config.default.js",
    "start": 1565847503539,
    "end": 1565847503539,
    "duration": 0,
    "pid": 68949,
    "index": 7
  },
  {
    "name": "Require(5) node_modules/egg-i18n/config/config.default.js",
    "start": 1565847503540,
    "end": 1565847503540,
    "duration": 0,
    "pid": 68949,
    "index": 8
  },
  {
    "name": "Require(6) node_modules/egg-watcher/config/config.default.js",
    "start": 1565847503540,
    "end": 1565847503540,
    "duration": 0,
    "pid": 68949,
    "index": 9
  },
  {
    "name": "Require(7) node_modules/egg-schedule/config/config.default.js",
    "start": 1565847503540,
    "end": 1565847503540,
    "duration": 0,
    "pid": 68949,
    "index": 10
  },
  {
    "name": "Require(8) node_modules/egg-multipart/config/config.default.js",
    "start": 1565847503540,
    "end": 1565847503541,
    "duration": 1,
    "pid": 68949,
    "index": 11
  },
  {
    "name": "Require(9) node_modules/egg-development/config/config.default.js",
    "start": 1565847503541,
    "end": 1565847503541,
    "duration": 0,
    "pid": 68949,
    "index": 12
  },
  {
    "name": "Require(10) node_modules/egg-logrotator/config/config.default.js",
    "start": 1565847503541,
    "end": 1565847503541,
    "duration": 0,
    "pid": 68949,
    "index": 13
  },
  {
    "name": "Require(11) node_modules/egg-static/config/config.default.js",
    "start": 1565847503541,
    "end": 1565847503541,
    "duration": 0,
    "pid": 68949,
    "index": 14
  },
  {
    "name": "Require(12) node_modules/egg-view/config/config.default.js",
    "start": 1565847503542,
    "end": 1565847503542,
    "duration": 0,
    "pid": 68949,
    "index": 15
  },
  {
    "name": "Require(13) node_modules/egg-view-nunjucks/config/config.default.js",
    "start": 1565847503542,
    "end": 1565847503542,
    "duration": 0,
    "pid": 68949,
    "index": 16
  },
  {
    "name": "Require(14) node_modules/egg-redis/config/config.default.js",
    "start": 1565847503542,
    "end": 1565847503542,
    "duration": 0,
    "pid": 68949,
    "index": 17
  },
  {
    "name": "Require(15) node_modules/egg-mongoose/config/config.default.js",
    "start": 1565847503543,
    "end": 1565847503543,
    "duration": 0,
    "pid": 68949,
    "index": 18
  },
  {
    "name": "Require(16) node_modules/egg/config/config.default.js",
    "start": 1565847503543,
    "end": 1565847503543,
    "duration": 0,
    "pid": 68949,
    "index": 19
  },
  {
    "name": "Require(17) config/config.default.js",
    "start": 1565847503544,
    "end": 1565847503544,
    "duration": 0,
    "pid": 68949,
    "index": 20
  },
  {
    "name": "Require(18) node_modules/egg-security/config/config.local.js",
    "start": 1565847503545,
    "end": 1565847503545,
    "duration": 0,
    "pid": 68949,
    "index": 21
  },
  {
    "name": "Require(19) node_modules/egg-watcher/config/config.local.js",
    "start": 1565847503545,
    "end": 1565847503545,
    "duration": 0,
    "pid": 68949,
    "index": 22
  },
  {
    "name": "Require(20) node_modules/egg-view/config/config.local.js",
    "start": 1565847503546,
    "end": 1565847503546,
    "duration": 0,
    "pid": 68949,
    "index": 23
  },
  {
    "name": "Require(21) node_modules/egg-view-nunjucks/config/config.local.js",
    "start": 1565847503546,
    "end": 1565847503546,
    "duration": 0,
    "pid": 68949,
    "index": 24
  },
  {
    "name": "Require(22) node_modules/egg/config/config.local.js",
    "start": 1565847503546,
    "end": 1565847503546,
    "duration": 0,
    "pid": 68949,
    "index": 25
  },
  {
    "name": "Load extend/application.js",
    "start": 1565847503547,
    "end": 1565847503562,
    "duration": 15,
    "pid": 68949,
    "index": 26
  },
  {
    "name": "Require(23) node_modules/egg-session/app/extend/application.js",
    "start": 1565847503547,
    "end": 1565847503548,
    "duration": 1,
    "pid": 68949,
    "index": 27
  },
  {
    "name": "Require(24) node_modules/egg-security/app/extend/application.js",
    "start": 1565847503548,
    "end": 1565847503548,
    "duration": 0,
    "pid": 68949,
    "index": 28
  },
  {
    "name": "Require(25) node_modules/egg-jsonp/app/extend/application.js",
    "start": 1565847503548,
    "end": 1565847503548,
    "duration": 0,
    "pid": 68949,
    "index": 29
  },
  {
    "name": "Require(26) node_modules/egg-logrotator/app/extend/application.js",
    "start": 1565847503549,
    "end": 1565847503549,
    "duration": 0,
    "pid": 68949,
    "index": 30
  },
  {
    "name": "Require(27) node_modules/egg-view/app/extend/application.js",
    "start": 1565847503549,
    "end": 1565847503550,
    "duration": 1,
    "pid": 68949,
    "index": 31
  },
  {
    "name": "Require(28) node_modules/egg-view-nunjucks/app/extend/application.js",
    "start": 1565847503550,
    "end": 1565847503561,
    "duration": 11,
    "pid": 68949,
    "index": 32
  },
  {
    "name": "Load extend/request.js",
    "start": 1565847503562,
    "end": 1565847503564,
    "duration": 2,
    "pid": 68949,
    "index": 33
  },
  {
    "name": "Require(29) node_modules/egg/app/extend/request.js",
    "start": 1565847503563,
    "end": 1565847503563,
    "duration": 0,
    "pid": 68949,
    "index": 34
  },
  {
    "name": "Load extend/response.js",
    "start": 1565847503564,
    "end": 1565847503566,
    "duration": 2,
    "pid": 68949,
    "index": 35
  },
  {
    "name": "Require(30) node_modules/egg/app/extend/response.js",
    "start": 1565847503565,
    "end": 1565847503565,
    "duration": 0,
    "pid": 68949,
    "index": 36
  },
  {
    "name": "Load extend/context.js",
    "start": 1565847503566,
    "end": 1565847503590,
    "duration": 24,
    "pid": 68949,
    "index": 37
  },
  {
    "name": "Require(31) node_modules/egg-security/app/extend/context.js",
    "start": 1565847503566,
    "end": 1565847503569,
    "duration": 3,
    "pid": 68949,
    "index": 38
  },
  {
    "name": "Require(32) node_modules/egg-jsonp/app/extend/context.js",
    "start": 1565847503569,
    "end": 1565847503570,
    "duration": 1,
    "pid": 68949,
    "index": 39
  },
  {
    "name": "Require(33) node_modules/egg-i18n/app/extend/context.js",
    "start": 1565847503570,
    "end": 1565847503570,
    "duration": 0,
    "pid": 68949,
    "index": 40
  },
  {
    "name": "Require(34) node_modules/egg-multipart/app/extend/context.js",
    "start": 1565847503570,
    "end": 1565847503588,
    "duration": 18,
    "pid": 68949,
    "index": 41
  },
  {
    "name": "Require(35) node_modules/egg-view/app/extend/context.js",
    "start": 1565847503588,
    "end": 1565847503589,
    "duration": 1,
    "pid": 68949,
    "index": 42
  },
  {
    "name": "Require(36) node_modules/egg-mongoose/app/extend/context.js",
    "start": 1565847503589,
    "end": 1565847503589,
    "duration": 0,
    "pid": 68949,
    "index": 43
  },
  {
    "name": "Require(37) node_modules/egg/app/extend/context.js",
    "start": 1565847503589,
    "end": 1565847503589,
    "duration": 0,
    "pid": 68949,
    "index": 44
  },
  {
    "name": "Load extend/helper.js",
    "start": 1565847503590,
    "end": 1565847503598,
    "duration": 8,
    "pid": 68949,
    "index": 45
  },
  {
    "name": "Require(38) node_modules/egg-security/app/extend/helper.js",
    "start": 1565847503590,
    "end": 1565847503596,
    "duration": 6,
    "pid": 68949,
    "index": 46
  },
  {
    "name": "Require(39) node_modules/egg/app/extend/helper.js",
    "start": 1565847503597,
    "end": 1565847503597,
    "duration": 0,
    "pid": 68949,
    "index": 47
  },
  {
    "name": "Load app.js",
    "start": 1565847503598,
    "end": 1565847503614,
    "duration": 16,
    "pid": 68949,
    "index": 48
  },
  {
    "name": "Require(40) node_modules/egg-session/app.js",
    "start": 1565847503598,
    "end": 1565847503598,
    "duration": 0,
    "pid": 68949,
    "index": 49
  },
  {
    "name": "Require(41) node_modules/egg-security/app.js",
    "start": 1565847503599,
    "end": 1565847503599,
    "duration": 0,
    "pid": 68949,
    "index": 50
  },
  {
    "name": "Require(42) node_modules/egg-onerror/app.js",
    "start": 1565847503599,
    "end": 1565847503602,
    "duration": 3,
    "pid": 68949,
    "index": 51
  },
  {
    "name": "Require(43) node_modules/egg-i18n/app.js",
    "start": 1565847503603,
    "end": 1565847503608,
    "duration": 5,
    "pid": 68949,
    "index": 52
  },
  {
    "name": "Require(44) node_modules/egg-watcher/app.js",
    "start": 1565847503608,
    "end": 1565847503610,
    "duration": 2,
    "pid": 68949,
    "index": 53
  },
  {
    "name": "Require(45) node_modules/egg-schedule/app.js",
    "start": 1565847503610,
    "end": 1565847503610,
    "duration": 0,
    "pid": 68949,
    "index": 54
  },
  {
    "name": "Require(46) node_modules/egg-multipart/app.js",
    "start": 1565847503610,
    "end": 1565847503611,
    "duration": 1,
    "pid": 68949,
    "index": 55
  },
  {
    "name": "Require(47) node_modules/egg-development/app.js",
    "start": 1565847503611,
    "end": 1565847503611,
    "duration": 0,
    "pid": 68949,
    "index": 56
  },
  {
    "name": "Require(48) node_modules/egg-logrotator/app.js",
    "start": 1565847503612,
    "end": 1565847503612,
    "duration": 0,
    "pid": 68949,
    "index": 57
  },
  {
    "name": "Require(49) node_modules/egg-static/app.js",
    "start": 1565847503612,
    "end": 1565847503612,
    "duration": 0,
    "pid": 68949,
    "index": 58
  },
  {
    "name": "Require(50) node_modules/egg-view-nunjucks/app.js",
    "start": 1565847503612,
    "end": 1565847503612,
    "duration": 0,
    "pid": 68949,
    "index": 59
  },
  {
    "name": "Require(51) node_modules/egg-redis/app.js",
    "start": 1565847503612,
    "end": 1565847503613,
    "duration": 1,
    "pid": 68949,
    "index": 60
  },
  {
    "name": "Require(52) node_modules/egg-mongoose/app.js",
    "start": 1565847503613,
    "end": 1565847503613,
    "duration": 0,
    "pid": 68949,
    "index": 61
  },
  {
    "name": "Require(53) app.js",
    "start": 1565847503613,
    "end": 1565847503613,
    "duration": 0,
    "pid": 68949,
    "index": 62
  },
  {
    "name": "Before Start in node_modules/egg-watcher/lib/init.js:15:14",
    "start": 1565847503621,
    "end": 1565847503882,
    "duration": 261,
    "pid": 68949,
    "index": 63
  },
  {
    "name": "Before Start in node_modules/egg-redis/lib/redis.js:53:7",
    "start": 1565847503664,
    "end": 1565847503880,
    "duration": 216,
    "pid": 68949,
    "index": 64
  },
  {
    "name": "Before Start in node_modules/egg-mongoose/lib/mongoose.js:91:7",
    "start": 1565847503813,
    "end": 1565847503878,
    "duration": 65,
    "pid": 68949,
    "index": 65
  },
  {
    "name": "Before Start in node_modules/egg-mongoose/lib/mongoose.js:49:9",
    "start": 1565847503813,
    "end": 1565847503866,
    "duration": 53,
    "pid": 68949,
    "index": 66
  },
  {
    "name": "Load Service",
    "start": 1565847503813,
    "end": 1565847503816,
    "duration": 3,
    "pid": 68949,
    "index": 67
  },
  {
    "name": "Load \"service\" to Context",
    "start": 1565847503813,
    "end": 1565847503816,
    "duration": 3,
    "pid": 68949,
    "index": 68
  },
  {
    "name": "Load Middleware",
    "start": 1565847503816,
    "end": 1565847503848,
    "duration": 32,
    "pid": 68949,
    "index": 69
  },
  {
    "name": "Load \"middlewares\" to Application",
    "start": 1565847503816,
    "end": 1565847503843,
    "duration": 27,
    "pid": 68949,
    "index": 70
  },
  {
    "name": "Load Controller",
    "start": 1565847503848,
    "end": 1565847503849,
    "duration": 1,
    "pid": 68949,
    "index": 71
  },
  {
    "name": "Load \"controller\" to Application",
    "start": 1565847503848,
    "end": 1565847503849,
    "duration": 1,
    "pid": 68949,
    "index": 72
  },
  {
    "name": "Load Router",
    "start": 1565847503849,
    "end": 1565847503851,
    "duration": 2,
    "pid": 68949,
    "index": 73
  },
  {
    "name": "Require(54) app/router.js",
    "start": 1565847503850,
    "end": 1565847503850,
    "duration": 0,
    "pid": 68949,
    "index": 74
  },
  {
    "name": "Before Start in node_modules/egg-core/lib/egg.js:303:10",
    "start": 1565847503850,
    "end": 1565847503866,
    "duration": 16,
    "pid": 68949,
    "index": 75
  },
  {
    "name": "Load \"model\" to Application",
    "start": 1565847503857,
    "end": 1565847503865,
    "duration": 8,
    "pid": 68949,
    "index": 76
  }
]