[
  {
    "name": "Application Start",
    "start": 1565846512159,
    "end": 1565846512530,
    "duration": 371,
    "pid": 68562,
    "index": 0
  },
  {
    "name": "Load Plugin",
    "start": 1565846512163,
    "end": 1565846512172,
    "duration": 9,
    "pid": 68562,
    "index": 1
  },
  {
    "name": "Load Config",
    "start": 1565846512172,
    "end": 1565846512181,
    "duration": 9,
    "pid": 68562,
    "index": 2
  },
  {
    "name": "Require(0) config/config.default.js",
    "start": 1565846512173,
    "end": 1565846512173,
    "duration": 0,
    "pid": 68562,
    "index": 3
  },
  {
    "name": "Require(1) node_modules/egg-session/config/config.default.js",
    "start": 1565846512174,
    "end": 1565846512174,
    "duration": 0,
    "pid": 68562,
    "index": 4
  },
  {
    "name": "Require(2) node_modules/egg-security/config/config.default.js",
    "start": 1565846512174,
    "end": 1565846512174,
    "duration": 0,
    "pid": 68562,
    "index": 5
  },
  {
    "name": "Require(3) node_modules/egg-jsonp/config/config.default.js",
    "start": 1565846512175,
    "end": 1565846512175,
    "duration": 0,
    "pid": 68562,
    "index": 6
  },
  {
    "name": "Require(4) node_modules/egg-onerror/config/config.default.js",
    "start": 1565846512175,
    "end": 1565846512175,
    "duration": 0,
    "pid": 68562,
    "index": 7
  },
  {
    "name": "Require(5) node_modules/egg-i18n/config/config.default.js",
    "start": 1565846512175,
    "end": 1565846512175,
    "duration": 0,
    "pid": 68562,
    "index": 8
  },
  {
    "name": "Require(6) node_modules/egg-watcher/config/config.default.js",
    "start": 1565846512175,
    "end": 1565846512176,
    "duration": 1,
    "pid": 68562,
    "index": 9
  },
  {
    "name": "Require(7) node_modules/egg-schedule/config/config.default.js",
    "start": 1565846512176,
    "end": 1565846512176,
    "duration": 0,
    "pid": 68562,
    "index": 10
  },
  {
    "name": "Require(8) node_modules/egg-multipart/config/config.default.js",
    "start": 1565846512176,
    "end": 1565846512176,
    "duration": 0,
    "pid": 68562,
    "index": 11
  },
  {
    "name": "Require(9) node_modules/egg-development/config/config.default.js",
    "start": 1565846512176,
    "end": 1565846512177,
    "duration": 1,
    "pid": 68562,
    "index": 12
  },
  {
    "name": "Require(10) node_modules/egg-logrotator/config/config.default.js",
    "start": 1565846512177,
    "end": 1565846512177,
    "duration": 0,
    "pid": 68562,
    "index": 13
  },
  {
    "name": "Require(11) node_modules/egg-static/config/config.default.js",
    "start": 1565846512177,
    "end": 1565846512177,
    "duration": 0,
    "pid": 68562,
    "index": 14
  },
  {
    "name": "Require(12) node_modules/egg-view/config/config.default.js",
    "start": 1565846512177,
    "end": 1565846512177,
    "duration": 0,
    "pid": 68562,
    "index": 15
  },
  {
    "name": "Require(13) node_modules/egg-view-nunjucks/config/config.default.js",
    "start": 1565846512178,
    "end": 1565846512178,
    "duration": 0,
    "pid": 68562,
    "index": 16
  },
  {
    "name": "Require(14) node_modules/egg-redis/config/config.default.js",
    "start": 1565846512178,
    "end": 1565846512178,
    "duration": 0,
    "pid": 68562,
    "index": 17
  },
  {
    "name": "Require(15) node_modules/egg-mongoose/config/config.default.js",
    "start": 1565846512178,
    "end": 1565846512178,
    "duration": 0,
    "pid": 68562,
    "index": 18
  },
  {
    "name": "Require(16) node_modules/egg/config/config.default.js",
    "start": 1565846512178,
    "end": 1565846512179,
    "duration": 1,
    "pid": 68562,
    "index": 19
  },
  {
    "name": "Require(17) config/config.default.js",
    "start": 1565846512180,
    "end": 1565846512180,
    "duration": 0,
    "pid": 68562,
    "index": 20
  },
  {
    "name": "Require(18) node_modules/egg-security/config/config.local.js",
    "start": 1565846512180,
    "end": 1565846512180,
    "duration": 0,
    "pid": 68562,
    "index": 21
  },
  {
    "name": "Require(19) node_modules/egg-watcher/config/config.local.js",
    "start": 1565846512180,
    "end": 1565846512180,
    "duration": 0,
    "pid": 68562,
    "index": 22
  },
  {
    "name": "Require(20) node_modules/egg-view/config/config.local.js",
    "start": 1565846512181,
    "end": 1565846512181,
    "duration": 0,
    "pid": 68562,
    "index": 23
  },
  {
    "name": "Require(21) node_modules/egg-view-nunjucks/config/config.local.js",
    "start": 1565846512181,
    "end": 1565846512181,
    "duration": 0,
    "pid": 68562,
    "index": 24
  },
  {
    "name": "Require(22) node_modules/egg/config/config.local.js",
    "start": 1565846512181,
    "end": 1565846512181,
    "duration": 0,
    "pid": 68562,
    "index": 25
  },
  {
    "name": "Load extend/application.js",
    "start": 1565846512182,
    "end": 1565846512199,
    "duration": 17,
    "pid": 68562,
    "index": 26
  },
  {
    "name": "Require(23) node_modules/egg-session/app/extend/application.js",
    "start": 1565846512183,
    "end": 1565846512183,
    "duration": 0,
    "pid": 68562,
    "index": 27
  },
  {
    "name": "Require(24) node_modules/egg-security/app/extend/application.js",
    "start": 1565846512183,
    "end": 1565846512184,
    "duration": 1,
    "pid": 68562,
    "index": 28
  },
  {
    "name": "Require(25) node_modules/egg-jsonp/app/extend/application.js",
    "start": 1565846512184,
    "end": 1565846512184,
    "duration": 0,
    "pid": 68562,
    "index": 29
  },
  {
    "name": "Require(26) node_modules/egg-logrotator/app/extend/application.js",
    "start": 1565846512185,
    "end": 1565846512185,
    "duration": 0,
    "pid": 68562,
    "index": 30
  },
  {
    "name": "Require(27) node_modules/egg-view/app/extend/application.js",
    "start": 1565846512185,
    "end": 1565846512186,
    "duration": 1,
    "pid": 68562,
    "index": 31
  },
  {
    "name": "Require(28) node_modules/egg-view-nunjucks/app/extend/application.js",
    "start": 1565846512186,
    "end": 1565846512198,
    "duration": 12,
    "pid": 68562,
    "index": 32
  },
  {
    "name": "Load extend/request.js",
    "start": 1565846512199,
    "end": 1565846512201,
    "duration": 2,
    "pid": 68562,
    "index": 33
  },
  {
    "name": "Require(29) node_modules/egg/app/extend/request.js",
    "start": 1565846512200,
    "end": 1565846512200,
    "duration": 0,
    "pid": 68562,
    "index": 34
  },
  {
    "name": "Load extend/response.js",
    "start": 1565846512201,
    "end": 1565846512203,
    "duration": 2,
    "pid": 68562,
    "index": 35
  },
  {
    "name": "Require(30) node_modules/egg/app/extend/response.js",
    "start": 1565846512202,
    "end": 1565846512202,
    "duration": 0,
    "pid": 68562,
    "index": 36
  },
  {
    "name": "Load extend/context.js",
    "start": 1565846512203,
    "end": 1565846512229,
    "duration": 26,
    "pid": 68562,
    "index": 37
  },
  {
    "name": "Require(31) node_modules/egg-security/app/extend/context.js",
    "start": 1565846512203,
    "end": 1565846512206,
    "duration": 3,
    "pid": 68562,
    "index": 38
  },
  {
    "name": "Require(32) node_modules/egg-jsonp/app/extend/context.js",
    "start": 1565846512206,
    "end": 1565846512207,
    "duration": 1,
    "pid": 68562,
    "index": 39
  },
  {
    "name": "Require(33) node_modules/egg-i18n/app/extend/context.js",
    "start": 1565846512207,
    "end": 1565846512207,
    "duration": 0,
    "pid": 68562,
    "index": 40
  },
  {
    "name": "Require(34) node_modules/egg-multipart/app/extend/context.js",
    "start": 1565846512207,
    "end": 1565846512227,
    "duration": 20,
    "pid": 68562,
    "index": 41
  },
  {
    "name": "Require(35) node_modules/egg-view/app/extend/context.js",
    "start": 1565846512227,
    "end": 1565846512228,
    "duration": 1,
    "pid": 68562,
    "index": 42
  },
  {
    "name": "Require(36) node_modules/egg-mongoose/app/extend/context.js",
    "start": 1565846512228,
    "end": 1565846512228,
    "duration": 0,
    "pid": 68562,
    "index": 43
  },
  {
    "name": "Require(37) node_modules/egg/app/extend/context.js",
    "start": 1565846512228,
    "end": 1565846512229,
    "duration": 1,
    "pid": 68562,
    "index": 44
  },
  {
    "name": "Load extend/helper.js",
    "start": 1565846512229,
    "end": 1565846512237,
    "duration": 8,
    "pid": 68562,
    "index": 45
  },
  {
    "name": "Require(38) node_modules/egg-security/app/extend/helper.js",
    "start": 1565846512230,
    "end": 1565846512236,
    "duration": 6,
    "pid": 68562,
    "index": 46
  },
  {
    "name": "Require(39) node_modules/egg/app/extend/helper.js",
    "start": 1565846512236,
    "end": 1565846512237,
    "duration": 1,
    "pid": 68562,
    "index": 47
  },
  {
    "name": "Load app.js",
    "start": 1565846512238,
    "end": 1565846512253,
    "duration": 15,
    "pid": 68562,
    "index": 48
  },
  {
    "name": "Require(40) node_modules/egg-session/app.js",
    "start": 1565846512238,
    "end": 1565846512238,
    "duration": 0,
    "pid": 68562,
    "index": 49
  },
  {
    "name": "Require(41) node_modules/egg-security/app.js",
    "start": 1565846512238,
    "end": 1565846512238,
    "duration": 0,
    "pid": 68562,
    "index": 50
  },
  {
    "name": "Require(42) node_modules/egg-onerror/app.js",
    "start": 1565846512239,
    "end": 1565846512242,
    "duration": 3,
    "pid": 68562,
    "index": 51
  },
  {
    "name": "Require(43) node_modules/egg-i18n/app.js",
    "start": 1565846512242,
    "end": 1565846512247,
    "duration": 5,
    "pid": 68562,
    "index": 52
  },
  {
    "name": "Require(44) node_modules/egg-watcher/app.js",
    "start": 1565846512248,
    "end": 1565846512249,
    "duration": 1,
    "pid": 68562,
    "index": 53
  },
  {
    "name": "Require(45) node_modules/egg-schedule/app.js",
    "start": 1565846512249,
    "end": 1565846512250,
    "duration": 1,
    "pid": 68562,
    "index": 54
  },
  {
    "name": "Require(46) node_modules/egg-multipart/app.js",
    "start": 1565846512250,
    "end": 1565846512251,
    "duration": 1,
    "pid": 68562,
    "index": 55
  },
  {
    "name": "Require(47) node_modules/egg-development/app.js",
    "start": 1565846512251,
    "end": 1565846512251,
    "duration": 0,
    "pid": 68562,
    "index": 56
  },
  {
    "name": "Require(48) node_modules/egg-logrotator/app.js",
    "start": 1565846512251,
    "end": 1565846512251,
    "duration": 0,
    "pid": 68562,
    "index": 57
  },
  {
    "name": "Require(49) node_modules/egg-static/app.js",
    "start": 1565846512251,
    "end": 1565846512251,
    "duration": 0,
    "pid": 68562,
    "index": 58
  },
  {
    "name": "Require(50) node_modules/egg-view-nunjucks/app.js",
    "start": 1565846512252,
    "end": 1565846512252,
    "duration": 0,
    "pid": 68562,
    "index": 59
  },
  {
    "name": "Require(51) node_modules/egg-redis/app.js",
    "start": 1565846512252,
    "end": 1565846512252,
    "duration": 0,
    "pid": 68562,
    "index": 60
  },
  {
    "name": "Require(52) node_modules/egg-mongoose/app.js",
    "start": 1565846512253,
    "end": 1565846512253,
    "duration": 0,
    "pid": 68562,
    "index": 61
  },
  {
    "name": "Before Start in node_modules/egg-watcher/lib/init.js:15:14",
    "start": 1565846512260,
    "end": 1565846512529,
    "duration": 269,
    "pid": 68562,
    "index": 62
  },
  {
    "name": "Before Start in node_modules/egg-redis/lib/redis.js:53:7",
    "start": 1565846512307,
    "end": 1565846512527,
    "duration": 220,
    "pid": 68562,
    "index": 63
  },
  {
    "name": "Before Start in node_modules/egg-mongoose/lib/mongoose.js:91:7",
    "start": 1565846512463,
    "end": 1565846512525,
    "duration": 62,
    "pid": 68562,
    "index": 64
  },
  {
    "name": "Before Start in node_modules/egg-mongoose/lib/mongoose.js:49:9",
    "start": 1565846512463,
    "end": 1565846512513,
    "duration": 50,
    "pid": 68562,
    "index": 65
  },
  {
    "name": "Load Service",
    "start": 1565846512463,
    "end": 1565846512466,
    "duration": 3,
    "pid": 68562,
    "index": 66
  },
  {
    "name": "Load \"service\" to Context",
    "start": 1565846512463,
    "end": 1565846512466,
    "duration": 3,
    "pid": 68562,
    "index": 67
  },
  {
    "name": "Load Middleware",
    "start": 1565846512466,
    "end": 1565846512496,
    "duration": 30,
    "pid": 68562,
    "index": 68
  },
  {
    "name": "Load \"middlewares\" to Application",
    "start": 1565846512466,
    "end": 1565846512490,
    "duration": 24,
    "pid": 68562,
    "index": 69
  },
  {
    "name": "Load Controller",
    "start": 1565846512496,
    "end": 1565846512497,
    "duration": 1,
    "pid": 68562,
    "index": 70
  },
  {
    "name": "Load \"controller\" to Application",
    "start": 1565846512496,
    "end": 1565846512497,
    "duration": 1,
    "pid": 68562,
    "index": 71
  },
  {
    "name": "Load Router",
    "start": 1565846512497,
    "end": 1565846512498,
    "duration": 1,
    "pid": 68562,
    "index": 72
  },
  {
    "name": "Require(53) app/router.js",
    "start": 1565846512497,
    "end": 1565846512497,
    "duration": 0,
    "pid": 68562,
    "index": 73
  },
  {
    "name": "Before Start in node_modules/egg-core/lib/egg.js:303:10",
    "start": 1565846512497,
    "end": 1565846512513,
    "duration": 16,
    "pid": 68562,
    "index": 74
  },
  {
    "name": "Load \"model\" to Application",
    "start": 1565846512505,
    "end": 1565846512512,
    "duration": 7,
    "pid": 68562,
    "index": 75
  }
]