[
  {
    "name": "Application Start",
    "start": 1565846981094,
    "end": 1565846981443,
    "duration": 349,
    "pid": 68752,
    "index": 0
  },
  {
    "name": "Load Plugin",
    "start": 1565846981098,
    "end": 1565846981107,
    "duration": 9,
    "pid": 68752,
    "index": 1
  },
  {
    "name": "Load Config",
    "start": 1565846981107,
    "end": 1565846981117,
    "duration": 10,
    "pid": 68752,
    "index": 2
  },
  {
    "name": "Require(0) config/config.default.js",
    "start": 1565846981108,
    "end": 1565846981108,
    "duration": 0,
    "pid": 68752,
    "index": 3
  },
  {
    "name": "Require(1) node_modules/egg-session/config/config.default.js",
    "start": 1565846981109,
    "end": 1565846981109,
    "duration": 0,
    "pid": 68752,
    "index": 4
  },
  {
    "name": "Require(2) node_modules/egg-security/config/config.default.js",
    "start": 1565846981109,
    "end": 1565846981109,
    "duration": 0,
    "pid": 68752,
    "index": 5
  },
  {
    "name": "Require(3) node_modules/egg-jsonp/config/config.default.js",
    "start": 1565846981110,
    "end": 1565846981110,
    "duration": 0,
    "pid": 68752,
    "index": 6
  },
  {
    "name": "Require(4) node_modules/egg-onerror/config/config.default.js",
    "start": 1565846981110,
    "end": 1565846981110,
    "duration": 0,
    "pid": 68752,
    "index": 7
  },
  {
    "name": "Require(5) node_modules/egg-i18n/config/config.default.js",
    "start": 1565846981111,
    "end": 1565846981111,
    "duration": 0,
    "pid": 68752,
    "index": 8
  },
  {
    "name": "Require(6) node_modules/egg-watcher/config/config.default.js",
    "start": 1565846981111,
    "end": 1565846981111,
    "duration": 0,
    "pid": 68752,
    "index": 9
  },
  {
    "name": "Require(7) node_modules/egg-schedule/config/config.default.js",
    "start": 1565846981111,
    "end": 1565846981111,
    "duration": 0,
    "pid": 68752,
    "index": 10
  },
  {
    "name": "Require(8) node_modules/egg-multipart/config/config.default.js",
    "start": 1565846981111,
    "end": 1565846981112,
    "duration": 1,
    "pid": 68752,
    "index": 11
  },
  {
    "name": "Require(9) node_modules/egg-development/config/config.default.js",
    "start": 1565846981112,
    "end": 1565846981112,
    "duration": 0,
    "pid": 68752,
    "index": 12
  },
  {
    "name": "Require(10) node_modules/egg-logrotator/config/config.default.js",
    "start": 1565846981112,
    "end": 1565846981112,
    "duration": 0,
    "pid": 68752,
    "index": 13
  },
  {
    "name": "Require(11) node_modules/egg-static/config/config.default.js",
    "start": 1565846981112,
    "end": 1565846981112,
    "duration": 0,
    "pid": 68752,
    "index": 14
  },
  {
    "name": "Require(12) node_modules/egg-view/config/config.default.js",
    "start": 1565846981113,
    "end": 1565846981113,
    "duration": 0,
    "pid": 68752,
    "index": 15
  },
  {
    "name": "Require(13) node_modules/egg-view-nunjucks/config/config.default.js",
    "start": 1565846981113,
    "end": 1565846981113,
    "duration": 0,
    "pid": 68752,
    "index": 16
  },
  {
    "name": "Require(14) node_modules/egg-redis/config/config.default.js",
    "start": 1565846981113,
    "end": 1565846981113,
    "duration": 0,
    "pid": 68752,
    "index": 17
  },
  {
    "name": "Require(15) node_modules/egg-mongoose/config/config.default.js",
    "start": 1565846981114,
    "end": 1565846981114,
    "duration": 0,
    "pid": 68752,
    "index": 18
  },
  {
    "name": "Require(16) node_modules/egg/config/config.default.js",
    "start": 1565846981114,
    "end": 1565846981114,
    "duration": 0,
    "pid": 68752,
    "index": 19
  },
  {
    "name": "Require(17) config/config.default.js",
    "start": 1565846981115,
    "end": 1565846981115,
    "duration": 0,
    "pid": 68752,
    "index": 20
  },
  {
    "name": "Require(18) node_modules/egg-security/config/config.local.js",
    "start": 1565846981116,
    "end": 1565846981116,
    "duration": 0,
    "pid": 68752,
    "index": 21
  },
  {
    "name": "Require(19) node_modules/egg-watcher/config/config.local.js",
    "start": 1565846981116,
    "end": 1565846981116,
    "duration": 0,
    "pid": 68752,
    "index": 22
  },
  {
    "name": "Require(20) node_modules/egg-view/config/config.local.js",
    "start": 1565846981116,
    "end": 1565846981117,
    "duration": 1,
    "pid": 68752,
    "index": 23
  },
  {
    "name": "Require(21) node_modules/egg-view-nunjucks/config/config.local.js",
    "start": 1565846981117,
    "end": 1565846981117,
    "duration": 0,
    "pid": 68752,
    "index": 24
  },
  {
    "name": "Require(22) node_modules/egg/config/config.local.js",
    "start": 1565846981117,
    "end": 1565846981117,
    "duration": 0,
    "pid": 68752,
    "index": 25
  },
  {
    "name": "Load extend/application.js",
    "start": 1565846981118,
    "end": 1565846981133,
    "duration": 15,
    "pid": 68752,
    "index": 26
  },
  {
    "name": "Require(23) node_modules/egg-session/app/extend/application.js",
    "start": 1565846981118,
    "end": 1565846981118,
    "duration": 0,
    "pid": 68752,
    "index": 27
  },
  {
    "name": "Require(24) node_modules/egg-security/app/extend/application.js",
    "start": 1565846981118,
    "end": 1565846981119,
    "duration": 1,
    "pid": 68752,
    "index": 28
  },
  {
    "name": "Require(25) node_modules/egg-jsonp/app/extend/application.js",
    "start": 1565846981119,
    "end": 1565846981119,
    "duration": 0,
    "pid": 68752,
    "index": 29
  },
  {
    "name": "Require(26) node_modules/egg-logrotator/app/extend/application.js",
    "start": 1565846981120,
    "end": 1565846981120,
    "duration": 0,
    "pid": 68752,
    "index": 30
  },
  {
    "name": "Require(27) node_modules/egg-view/app/extend/application.js",
    "start": 1565846981120,
    "end": 1565846981121,
    "duration": 1,
    "pid": 68752,
    "index": 31
  },
  {
    "name": "Require(28) node_modules/egg-view-nunjucks/app/extend/application.js",
    "start": 1565846981121,
    "end": 1565846981132,
    "duration": 11,
    "pid": 68752,
    "index": 32
  },
  {
    "name": "Load extend/request.js",
    "start": 1565846981133,
    "end": 1565846981135,
    "duration": 2,
    "pid": 68752,
    "index": 33
  },
  {
    "name": "Require(29) node_modules/egg/app/extend/request.js",
    "start": 1565846981134,
    "end": 1565846981134,
    "duration": 0,
    "pid": 68752,
    "index": 34
  },
  {
    "name": "Load extend/response.js",
    "start": 1565846981135,
    "end": 1565846981136,
    "duration": 1,
    "pid": 68752,
    "index": 35
  },
  {
    "name": "Require(30) node_modules/egg/app/extend/response.js",
    "start": 1565846981135,
    "end": 1565846981136,
    "duration": 1,
    "pid": 68752,
    "index": 36
  },
  {
    "name": "Load extend/context.js",
    "start": 1565846981136,
    "end": 1565846981161,
    "duration": 25,
    "pid": 68752,
    "index": 37
  },
  {
    "name": "Require(31) node_modules/egg-security/app/extend/context.js",
    "start": 1565846981136,
    "end": 1565846981139,
    "duration": 3,
    "pid": 68752,
    "index": 38
  },
  {
    "name": "Require(32) node_modules/egg-jsonp/app/extend/context.js",
    "start": 1565846981139,
    "end": 1565846981140,
    "duration": 1,
    "pid": 68752,
    "index": 39
  },
  {
    "name": "Require(33) node_modules/egg-i18n/app/extend/context.js",
    "start": 1565846981140,
    "end": 1565846981140,
    "duration": 0,
    "pid": 68752,
    "index": 40
  },
  {
    "name": "Require(34) node_modules/egg-multipart/app/extend/context.js",
    "start": 1565846981140,
    "end": 1565846981158,
    "duration": 18,
    "pid": 68752,
    "index": 41
  },
  {
    "name": "Require(35) node_modules/egg-view/app/extend/context.js",
    "start": 1565846981159,
    "end": 1565846981159,
    "duration": 0,
    "pid": 68752,
    "index": 42
  },
  {
    "name": "Require(36) node_modules/egg-mongoose/app/extend/context.js",
    "start": 1565846981159,
    "end": 1565846981159,
    "duration": 0,
    "pid": 68752,
    "index": 43
  },
  {
    "name": "Require(37) node_modules/egg/app/extend/context.js",
    "start": 1565846981160,
    "end": 1565846981160,
    "duration": 0,
    "pid": 68752,
    "index": 44
  },
  {
    "name": "Load extend/helper.js",
    "start": 1565846981161,
    "end": 1565846981168,
    "duration": 7,
    "pid": 68752,
    "index": 45
  },
  {
    "name": "Require(38) node_modules/egg-security/app/extend/helper.js",
    "start": 1565846981161,
    "end": 1565846981167,
    "duration": 6,
    "pid": 68752,
    "index": 46
  },
  {
    "name": "Require(39) node_modules/egg/app/extend/helper.js",
    "start": 1565846981168,
    "end": 1565846981168,
    "duration": 0,
    "pid": 68752,
    "index": 47
  },
  {
    "name": "Load app.js",
    "start": 1565846981169,
    "end": 1565846981184,
    "duration": 15,
    "pid": 68752,
    "index": 48
  },
  {
    "name": "Require(40) node_modules/egg-session/app.js",
    "start": 1565846981169,
    "end": 1565846981169,
    "duration": 0,
    "pid": 68752,
    "index": 49
  },
  {
    "name": "Require(41) node_modules/egg-security/app.js",
    "start": 1565846981169,
    "end": 1565846981169,
    "duration": 0,
    "pid": 68752,
    "index": 50
  },
  {
    "name": "Require(42) node_modules/egg-onerror/app.js",
    "start": 1565846981170,
    "end": 1565846981173,
    "duration": 3,
    "pid": 68752,
    "index": 51
  },
  {
    "name": "Require(43) node_modules/egg-i18n/app.js",
    "start": 1565846981173,
    "end": 1565846981179,
    "duration": 6,
    "pid": 68752,
    "index": 52
  },
  {
    "name": "Require(44) node_modules/egg-watcher/app.js",
    "start": 1565846981179,
    "end": 1565846981180,
    "duration": 1,
    "pid": 68752,
    "index": 53
  },
  {
    "name": "Require(45) node_modules/egg-schedule/app.js",
    "start": 1565846981180,
    "end": 1565846981181,
    "duration": 1,
    "pid": 68752,
    "index": 54
  },
  {
    "name": "Require(46) node_modules/egg-multipart/app.js",
    "start": 1565846981181,
    "end": 1565846981182,
    "duration": 1,
    "pid": 68752,
    "index": 55
  },
  {
    "name": "Require(47) node_modules/egg-development/app.js",
    "start": 1565846981182,
    "end": 1565846981182,
    "duration": 0,
    "pid": 68752,
    "index": 56
  },
  {
    "name": "Require(48) node_modules/egg-logrotator/app.js",
    "start": 1565846981182,
    "end": 1565846981182,
    "duration": 0,
    "pid": 68752,
    "index": 57
  },
  {
    "name": "Require(49) node_modules/egg-static/app.js",
    "start": 1565846981182,
    "end": 1565846981182,
    "duration": 0,
    "pid": 68752,
    "index": 58
  },
  {
    "name": "Require(50) node_modules/egg-view-nunjucks/app.js",
    "start": 1565846981183,
    "end": 1565846981183,
    "duration": 0,
    "pid": 68752,
    "index": 59
  },
  {
    "name": "Require(51) node_modules/egg-redis/app.js",
    "start": 1565846981183,
    "end": 1565846981183,
    "duration": 0,
    "pid": 68752,
    "index": 60
  },
  {
    "name": "Require(52) node_modules/egg-mongoose/app.js",
    "start": 1565846981183,
    "end": 1565846981183,
    "duration": 0,
    "pid": 68752,
    "index": 61
  },
  {
    "name": "Before Start in node_modules/egg-watcher/lib/init.js:15:14",
    "start": 1565846981190,
    "end": 1565846981442,
    "duration": 252,
    "pid": 68752,
    "index": 62
  },
  {
    "name": "Before Start in node_modules/egg-redis/lib/redis.js:53:7",
    "start": 1565846981234,
    "end": 1565846981440,
    "duration": 206,
    "pid": 68752,
    "index": 63
  },
  {
    "name": "Before Start in node_modules/egg-mongoose/lib/mongoose.js:91:7",
    "start": 1565846981377,
    "end": 1565846981438,
    "duration": 61,
    "pid": 68752,
    "index": 64
  },
  {
    "name": "Before Start in node_modules/egg-mongoose/lib/mongoose.js:49:9",
    "start": 1565846981377,
    "end": 1565846981425,
    "duration": 48,
    "pid": 68752,
    "index": 65
  },
  {
    "name": "Load Service",
    "start": 1565846981377,
    "end": 1565846981380,
    "duration": 3,
    "pid": 68752,
    "index": 66
  },
  {
    "name": "Load \"service\" to Context",
    "start": 1565846981377,
    "end": 1565846981380,
    "duration": 3,
    "pid": 68752,
    "index": 67
  },
  {
    "name": "Load Middleware",
    "start": 1565846981380,
    "end": 1565846981408,
    "duration": 28,
    "pid": 68752,
    "index": 68
  },
  {
    "name": "Load \"middlewares\" to Application",
    "start": 1565846981380,
    "end": 1565846981404,
    "duration": 24,
    "pid": 68752,
    "index": 69
  },
  {
    "name": "Load Controller",
    "start": 1565846981408,
    "end": 1565846981410,
    "duration": 2,
    "pid": 68752,
    "index": 70
  },
  {
    "name": "Load \"controller\" to Application",
    "start": 1565846981409,
    "end": 1565846981410,
    "duration": 1,
    "pid": 68752,
    "index": 71
  },
  {
    "name": "Load Router",
    "start": 1565846981410,
    "end": 1565846981411,
    "duration": 1,
    "pid": 68752,
    "index": 72
  },
  {
    "name": "Require(53) app/router.js",
    "start": 1565846981410,
    "end": 1565846981410,
    "duration": 0,
    "pid": 68752,
    "index": 73
  },
  {
    "name": "Before Start in node_modules/egg-core/lib/egg.js:303:10",
    "start": 1565846981410,
    "end": 1565846981425,
    "duration": 15,
    "pid": 68752,
    "index": 74
  },
  {
    "name": "Load \"model\" to Application",
    "start": 1565846981418,
    "end": 1565846981424,
    "duration": 6,
    "pid": 68752,
    "index": 75
  }
]