[
  {
    "name": "Application Start",
    "start": 1565846531289,
    "end": 1565846531671,
    "duration": 382,
    "pid": 68583,
    "index": 0
  },
  {
    "name": "Load Plugin",
    "start": 1565846531293,
    "end": 1565846531302,
    "duration": 9,
    "pid": 68583,
    "index": 1
  },
  {
    "name": "Load Config",
    "start": 1565846531302,
    "end": 1565846531319,
    "duration": 17,
    "pid": 68583,
    "index": 2
  },
  {
    "name": "Require(0) config/config.default.js",
    "start": 1565846531302,
    "end": 1565846531302,
    "duration": 0,
    "pid": 68583,
    "index": 3
  },
  {
    "name": "Require(1) node_modules/egg-session/config/config.default.js",
    "start": 1565846531304,
    "end": 1565846531304,
    "duration": 0,
    "pid": 68583,
    "index": 4
  },
  {
    "name": "Require(2) node_modules/egg-security/config/config.default.js",
    "start": 1565846531304,
    "end": 1565846531304,
    "duration": 0,
    "pid": 68583,
    "index": 5
  },
  {
    "name": "Require(3) node_modules/egg-jsonp/config/config.default.js",
    "start": 1565846531305,
    "end": 1565846531305,
    "duration": 0,
    "pid": 68583,
    "index": 6
  },
  {
    "name": "Require(4) node_modules/egg-onerror/config/config.default.js",
    "start": 1565846531306,
    "end": 1565846531306,
    "duration": 0,
    "pid": 68583,
    "index": 7
  },
  {
    "name": "Require(5) node_modules/egg-i18n/config/config.default.js",
    "start": 1565846531306,
    "end": 1565846531306,
    "duration": 0,
    "pid": 68583,
    "index": 8
  },
  {
    "name": "Require(6) node_modules/egg-watcher/config/config.default.js",
    "start": 1565846531306,
    "end": 1565846531307,
    "duration": 1,
    "pid": 68583,
    "index": 9
  },
  {
    "name": "Require(7) node_modules/egg-schedule/config/config.default.js",
    "start": 1565846531307,
    "end": 1565846531307,
    "duration": 0,
    "pid": 68583,
    "index": 10
  },
  {
    "name": "Require(8) node_modules/egg-multipart/config/config.default.js",
    "start": 1565846531307,
    "end": 1565846531307,
    "duration": 0,
    "pid": 68583,
    "index": 11
  },
  {
    "name": "Require(9) node_modules/egg-development/config/config.default.js",
    "start": 1565846531308,
    "end": 1565846531308,
    "duration": 0,
    "pid": 68583,
    "index": 12
  },
  {
    "name": "Require(10) node_modules/egg-logrotator/config/config.default.js",
    "start": 1565846531308,
    "end": 1565846531308,
    "duration": 0,
    "pid": 68583,
    "index": 13
  },
  {
    "name": "Require(11) node_modules/egg-static/config/config.default.js",
    "start": 1565846531308,
    "end": 1565846531309,
    "duration": 1,
    "pid": 68583,
    "index": 14
  },
  {
    "name": "Require(12) node_modules/egg-view/config/config.default.js",
    "start": 1565846531309,
    "end": 1565846531309,
    "duration": 0,
    "pid": 68583,
    "index": 15
  },
  {
    "name": "Require(13) node_modules/egg-view-nunjucks/config/config.default.js",
    "start": 1565846531309,
    "end": 1565846531309,
    "duration": 0,
    "pid": 68583,
    "index": 16
  },
  {
    "name": "Require(14) node_modules/egg-redis/config/config.default.js",
    "start": 1565846531309,
    "end": 1565846531310,
    "duration": 1,
    "pid": 68583,
    "index": 17
  },
  {
    "name": "Require(15) node_modules/egg-mongoose/config/config.default.js",
    "start": 1565846531310,
    "end": 1565846531310,
    "duration": 0,
    "pid": 68583,
    "index": 18
  },
  {
    "name": "Require(16) node_modules/egg/config/config.default.js",
    "start": 1565846531310,
    "end": 1565846531311,
    "duration": 1,
    "pid": 68583,
    "index": 19
  },
  {
    "name": "Require(17) config/config.default.js",
    "start": 1565846531312,
    "end": 1565846531312,
    "duration": 0,
    "pid": 68583,
    "index": 20
  },
  {
    "name": "Require(18) node_modules/egg-security/config/config.local.js",
    "start": 1565846531317,
    "end": 1565846531318,
    "duration": 1,
    "pid": 68583,
    "index": 21
  },
  {
    "name": "Require(19) node_modules/egg-watcher/config/config.local.js",
    "start": 1565846531318,
    "end": 1565846531318,
    "duration": 0,
    "pid": 68583,
    "index": 22
  },
  {
    "name": "Require(20) node_modules/egg-view/config/config.local.js",
    "start": 1565846531318,
    "end": 1565846531318,
    "duration": 0,
    "pid": 68583,
    "index": 23
  },
  {
    "name": "Require(21) node_modules/egg-view-nunjucks/config/config.local.js",
    "start": 1565846531319,
    "end": 1565846531319,
    "duration": 0,
    "pid": 68583,
    "index": 24
  },
  {
    "name": "Require(22) node_modules/egg/config/config.local.js",
    "start": 1565846531319,
    "end": 1565846531319,
    "duration": 0,
    "pid": 68583,
    "index": 25
  },
  {
    "name": "Load extend/application.js",
    "start": 1565846531320,
    "end": 1565846531336,
    "duration": 16,
    "pid": 68583,
    "index": 26
  },
  {
    "name": "Require(23) node_modules/egg-session/app/extend/application.js",
    "start": 1565846531320,
    "end": 1565846531320,
    "duration": 0,
    "pid": 68583,
    "index": 27
  },
  {
    "name": "Require(24) node_modules/egg-security/app/extend/application.js",
    "start": 1565846531321,
    "end": 1565846531321,
    "duration": 0,
    "pid": 68583,
    "index": 28
  },
  {
    "name": "Require(25) node_modules/egg-jsonp/app/extend/application.js",
    "start": 1565846531321,
    "end": 1565846531321,
    "duration": 0,
    "pid": 68583,
    "index": 29
  },
  {
    "name": "Require(26) node_modules/egg-logrotator/app/extend/application.js",
    "start": 1565846531322,
    "end": 1565846531322,
    "duration": 0,
    "pid": 68583,
    "index": 30
  },
  {
    "name": "Require(27) node_modules/egg-view/app/extend/application.js",
    "start": 1565846531323,
    "end": 1565846531323,
    "duration": 0,
    "pid": 68583,
    "index": 31
  },
  {
    "name": "Require(28) node_modules/egg-view-nunjucks/app/extend/application.js",
    "start": 1565846531323,
    "end": 1565846531335,
    "duration": 12,
    "pid": 68583,
    "index": 32
  },
  {
    "name": "Load extend/request.js",
    "start": 1565846531336,
    "end": 1565846531338,
    "duration": 2,
    "pid": 68583,
    "index": 33
  },
  {
    "name": "Require(29) node_modules/egg/app/extend/request.js",
    "start": 1565846531337,
    "end": 1565846531337,
    "duration": 0,
    "pid": 68583,
    "index": 34
  },
  {
    "name": "Load extend/response.js",
    "start": 1565846531338,
    "end": 1565846531339,
    "duration": 1,
    "pid": 68583,
    "index": 35
  },
  {
    "name": "Require(30) node_modules/egg/app/extend/response.js",
    "start": 1565846531338,
    "end": 1565846531339,
    "duration": 1,
    "pid": 68583,
    "index": 36
  },
  {
    "name": "Load extend/context.js",
    "start": 1565846531339,
    "end": 1565846531366,
    "duration": 27,
    "pid": 68583,
    "index": 37
  },
  {
    "name": "Require(31) node_modules/egg-security/app/extend/context.js",
    "start": 1565846531339,
    "end": 1565846531343,
    "duration": 4,
    "pid": 68583,
    "index": 38
  },
  {
    "name": "Require(32) node_modules/egg-jsonp/app/extend/context.js",
    "start": 1565846531343,
    "end": 1565846531343,
    "duration": 0,
    "pid": 68583,
    "index": 39
  },
  {
    "name": "Require(33) node_modules/egg-i18n/app/extend/context.js",
    "start": 1565846531343,
    "end": 1565846531343,
    "duration": 0,
    "pid": 68583,
    "index": 40
  },
  {
    "name": "Require(34) node_modules/egg-multipart/app/extend/context.js",
    "start": 1565846531344,
    "end": 1565846531363,
    "duration": 19,
    "pid": 68583,
    "index": 41
  },
  {
    "name": "Require(35) node_modules/egg-view/app/extend/context.js",
    "start": 1565846531363,
    "end": 1565846531364,
    "duration": 1,
    "pid": 68583,
    "index": 42
  },
  {
    "name": "Require(36) node_modules/egg-mongoose/app/extend/context.js",
    "start": 1565846531364,
    "end": 1565846531364,
    "duration": 0,
    "pid": 68583,
    "index": 43
  },
  {
    "name": "Require(37) node_modules/egg/app/extend/context.js",
    "start": 1565846531365,
    "end": 1565846531365,
    "duration": 0,
    "pid": 68583,
    "index": 44
  },
  {
    "name": "Load extend/helper.js",
    "start": 1565846531366,
    "end": 1565846531375,
    "duration": 9,
    "pid": 68583,
    "index": 45
  },
  {
    "name": "Require(38) node_modules/egg-security/app/extend/helper.js",
    "start": 1565846531366,
    "end": 1565846531373,
    "duration": 7,
    "pid": 68583,
    "index": 46
  },
  {
    "name": "Require(39) node_modules/egg/app/extend/helper.js",
    "start": 1565846531374,
    "end": 1565846531374,
    "duration": 0,
    "pid": 68583,
    "index": 47
  },
  {
    "name": "Load app.js",
    "start": 1565846531375,
    "end": 1565846531390,
    "duration": 15,
    "pid": 68583,
    "index": 48
  },
  {
    "name": "Require(40) node_modules/egg-session/app.js",
    "start": 1565846531375,
    "end": 1565846531375,
    "duration": 0,
    "pid": 68583,
    "index": 49
  },
  {
    "name": "Require(41) node_modules/egg-security/app.js",
    "start": 1565846531375,
    "end": 1565846531376,
    "duration": 1,
    "pid": 68583,
    "index": 50
  },
  {
    "name": "Require(42) node_modules/egg-onerror/app.js",
    "start": 1565846531376,
    "end": 1565846531379,
    "duration": 3,
    "pid": 68583,
    "index": 51
  },
  {
    "name": "Require(43) node_modules/egg-i18n/app.js",
    "start": 1565846531380,
    "end": 1565846531385,
    "duration": 5,
    "pid": 68583,
    "index": 52
  },
  {
    "name": "Require(44) node_modules/egg-watcher/app.js",
    "start": 1565846531385,
    "end": 1565846531387,
    "duration": 2,
    "pid": 68583,
    "index": 53
  },
  {
    "name": "Require(45) node_modules/egg-schedule/app.js",
    "start": 1565846531387,
    "end": 1565846531387,
    "duration": 0,
    "pid": 68583,
    "index": 54
  },
  {
    "name": "Require(46) node_modules/egg-multipart/app.js",
    "start": 1565846531387,
    "end": 1565846531388,
    "duration": 1,
    "pid": 68583,
    "index": 55
  },
  {
    "name": "Require(47) node_modules/egg-development/app.js",
    "start": 1565846531388,
    "end": 1565846531388,
    "duration": 0,
    "pid": 68583,
    "index": 56
  },
  {
    "name": "Require(48) node_modules/egg-logrotator/app.js",
    "start": 1565846531388,
    "end": 1565846531388,
    "duration": 0,
    "pid": 68583,
    "index": 57
  },
  {
    "name": "Require(49) node_modules/egg-static/app.js",
    "start": 1565846531388,
    "end": 1565846531389,
    "duration": 1,
    "pid": 68583,
    "index": 58
  },
  {
    "name": "Require(50) node_modules/egg-view-nunjucks/app.js",
    "start": 1565846531389,
    "end": 1565846531389,
    "duration": 0,
    "pid": 68583,
    "index": 59
  },
  {
    "name": "Require(51) node_modules/egg-redis/app.js",
    "start": 1565846531389,
    "end": 1565846531389,
    "duration": 0,
    "pid": 68583,
    "index": 60
  },
  {
    "name": "Require(52) node_modules/egg-mongoose/app.js",
    "start": 1565846531389,
    "end": 1565846531390,
    "duration": 1,
    "pid": 68583,
    "index": 61
  },
  {
    "name": "Before Start in node_modules/egg-watcher/lib/init.js:15:14",
    "start": 1565846531397,
    "end": 1565846531671,
    "duration": 274,
    "pid": 68583,
    "index": 62
  },
  {
    "name": "Before Start in node_modules/egg-redis/lib/redis.js:53:7",
    "start": 1565846531441,
    "end": 1565846531668,
    "duration": 227,
    "pid": 68583,
    "index": 63
  },
  {
    "name": "Before Start in node_modules/egg-mongoose/lib/mongoose.js:91:7",
    "start": 1565846531595,
    "end": 1565846531666,
    "duration": 71,
    "pid": 68583,
    "index": 64
  },
  {
    "name": "Before Start in node_modules/egg-mongoose/lib/mongoose.js:49:9",
    "start": 1565846531595,
    "end": 1565846531647,
    "duration": 52,
    "pid": 68583,
    "index": 65
  },
  {
    "name": "Load Service",
    "start": 1565846531595,
    "end": 1565846531598,
    "duration": 3,
    "pid": 68583,
    "index": 66
  },
  {
    "name": "Load \"service\" to Context",
    "start": 1565846531595,
    "end": 1565846531598,
    "duration": 3,
    "pid": 68583,
    "index": 67
  },
  {
    "name": "Load Middleware",
    "start": 1565846531598,
    "end": 1565846531627,
    "duration": 29,
    "pid": 68583,
    "index": 68
  },
  {
    "name": "Load \"middlewares\" to Application",
    "start": 1565846531598,
    "end": 1565846531622,
    "duration": 24,
    "pid": 68583,
    "index": 69
  },
  {
    "name": "Load Controller",
    "start": 1565846531627,
    "end": 1565846531628,
    "duration": 1,
    "pid": 68583,
    "index": 70
  },
  {
    "name": "Load \"controller\" to Application",
    "start": 1565846531627,
    "end": 1565846531628,
    "duration": 1,
    "pid": 68583,
    "index": 71
  },
  {
    "name": "Load Router",
    "start": 1565846531628,
    "end": 1565846531630,
    "duration": 2,
    "pid": 68583,
    "index": 72
  },
  {
    "name": "Require(53) app/router.js",
    "start": 1565846531628,
    "end": 1565846531628,
    "duration": 0,
    "pid": 68583,
    "index": 73
  },
  {
    "name": "Before Start in node_modules/egg-core/lib/egg.js:303:10",
    "start": 1565846531629,
    "end": 1565846531647,
    "duration": 18,
    "pid": 68583,
    "index": 74
  },
  {
    "name": "Load \"model\" to Application",
    "start": 1565846531637,
    "end": 1565846531646,
    "duration": 9,
    "pid": 68583,
    "index": 75
  }
]