[
  {
    "name": "Application Start",
    "start": 1565846466500,
    "end": 1565846467125,
    "duration": 625,
    "pid": 68514,
    "index": 0
  },
  {
    "name": "Load Plugin",
    "start": 1565846466503,
    "end": 1565846466510,
    "duration": 7,
    "pid": 68514,
    "index": 1
  },
  {
    "name": "Load Config",
    "start": 1565846466510,
    "end": 1565846466538,
    "duration": 28,
    "pid": 68514,
    "index": 2
  },
  {
    "name": "Require(0) config/config.default.js",
    "start": 1565846466511,
    "end": 1565846466511,
    "duration": 0,
    "pid": 68514,
    "index": 3
  },
  {
    "name": "Require(1) node_modules/egg-session/config/config.default.js",
    "start": 1565846466515,
    "end": 1565846466515,
    "duration": 0,
    "pid": 68514,
    "index": 4
  },
  {
    "name": "Require(2) node_modules/egg-security/config/config.default.js",
    "start": 1565846466515,
    "end": 1565846466516,
    "duration": 1,
    "pid": 68514,
    "index": 5
  },
  {
    "name": "Require(3) node_modules/egg-jsonp/config/config.default.js",
    "start": 1565846466517,
    "end": 1565846466517,
    "duration": 0,
    "pid": 68514,
    "index": 6
  },
  {
    "name": "Require(4) node_modules/egg-onerror/config/config.default.js",
    "start": 1565846466517,
    "end": 1565846466518,
    "duration": 1,
    "pid": 68514,
    "index": 7
  },
  {
    "name": "Require(5) node_modules/egg-i18n/config/config.default.js",
    "start": 1565846466518,
    "end": 1565846466519,
    "duration": 1,
    "pid": 68514,
    "index": 8
  },
  {
    "name": "Require(6) node_modules/egg-watcher/config/config.default.js",
    "start": 1565846466519,
    "end": 1565846466520,
    "duration": 1,
    "pid": 68514,
    "index": 9
  },
  {
    "name": "Require(7) node_modules/egg-schedule/config/config.default.js",
    "start": 1565846466520,
    "end": 1565846466520,
    "duration": 0,
    "pid": 68514,
    "index": 10
  },
  {
    "name": "Require(8) node_modules/egg-multipart/config/config.default.js",
    "start": 1565846466521,
    "end": 1565846466521,
    "duration": 0,
    "pid": 68514,
    "index": 11
  },
  {
    "name": "Require(9) node_modules/egg-development/config/config.default.js",
    "start": 1565846466521,
    "end": 1565846466522,
    "duration": 1,
    "pid": 68514,
    "index": 12
  },
  {
    "name": "Require(10) node_modules/egg-logrotator/config/config.default.js",
    "start": 1565846466522,
    "end": 1565846466522,
    "duration": 0,
    "pid": 68514,
    "index": 13
  },
  {
    "name": "Require(11) node_modules/egg-static/config/config.default.js",
    "start": 1565846466523,
    "end": 1565846466523,
    "duration": 0,
    "pid": 68514,
    "index": 14
  },
  {
    "name": "Require(12) node_modules/egg-view/config/config.default.js",
    "start": 1565846466523,
    "end": 1565846466524,
    "duration": 1,
    "pid": 68514,
    "index": 15
  },
  {
    "name": "Require(13) node_modules/egg-view-nunjucks/config/config.default.js",
    "start": 1565846466524,
    "end": 1565846466524,
    "duration": 0,
    "pid": 68514,
    "index": 16
  },
  {
    "name": "Require(14) node_modules/egg-redis/config/config.default.js",
    "start": 1565846466525,
    "end": 1565846466525,
    "duration": 0,
    "pid": 68514,
    "index": 17
  },
  {
    "name": "Require(15) node_modules/egg-mongoose/config/config.default.js",
    "start": 1565846466525,
    "end": 1565846466526,
    "duration": 1,
    "pid": 68514,
    "index": 18
  },
  {
    "name": "Require(16) node_modules/egg/config/config.default.js",
    "start": 1565846466526,
    "end": 1565846466526,
    "duration": 0,
    "pid": 68514,
    "index": 19
  },
  {
    "name": "Require(17) config/config.default.js",
    "start": 1565846466528,
    "end": 1565846466528,
    "duration": 0,
    "pid": 68514,
    "index": 20
  },
  {
    "name": "Require(18) node_modules/egg-security/config/config.local.js",
    "start": 1565846466528,
    "end": 1565846466529,
    "duration": 1,
    "pid": 68514,
    "index": 21
  },
  {
    "name": "Require(19) node_modules/egg-watcher/config/config.local.js",
    "start": 1565846466529,
    "end": 1565846466530,
    "duration": 1,
    "pid": 68514,
    "index": 22
  },
  {
    "name": "Require(20) node_modules/egg-view/config/config.local.js",
    "start": 1565846466534,
    "end": 1565846466536,
    "duration": 2,
    "pid": 68514,
    "index": 23
  },
  {
    "name": "Require(21) node_modules/egg-view-nunjucks/config/config.local.js",
    "start": 1565846466537,
    "end": 1565846466537,
    "duration": 0,
    "pid": 68514,
    "index": 24
  },
  {
    "name": "Require(22) node_modules/egg/config/config.local.js",
    "start": 1565846466537,
    "end": 1565846466538,
    "duration": 1,
    "pid": 68514,
    "index": 25
  },
  {
    "name": "Load extend/application.js",
    "start": 1565846466539,
    "end": 1565846466568,
    "duration": 29,
    "pid": 68514,
    "index": 26
  },
  {
    "name": "Require(23) node_modules/egg-session/app/extend/application.js",
    "start": 1565846466539,
    "end": 1565846466540,
    "duration": 1,
    "pid": 68514,
    "index": 27
  },
  {
    "name": "Require(24) node_modules/egg-security/app/extend/application.js",
    "start": 1565846466540,
    "end": 1565846466541,
    "duration": 1,
    "pid": 68514,
    "index": 28
  },
  {
    "name": "Require(25) node_modules/egg-jsonp/app/extend/application.js",
    "start": 1565846466541,
    "end": 1565846466542,
    "duration": 1,
    "pid": 68514,
    "index": 29
  },
  {
    "name": "Require(26) node_modules/egg-logrotator/app/extend/application.js",
    "start": 1565846466542,
    "end": 1565846466543,
    "duration": 1,
    "pid": 68514,
    "index": 30
  },
  {
    "name": "Require(27) node_modules/egg-view/app/extend/application.js",
    "start": 1565846466544,
    "end": 1565846466545,
    "duration": 1,
    "pid": 68514,
    "index": 31
  },
  {
    "name": "Require(28) node_modules/egg-view-nunjucks/app/extend/application.js",
    "start": 1565846466545,
    "end": 1565846466567,
    "duration": 22,
    "pid": 68514,
    "index": 32
  },
  {
    "name": "Load extend/request.js",
    "start": 1565846466568,
    "end": 1565846466570,
    "duration": 2,
    "pid": 68514,
    "index": 33
  },
  {
    "name": "Require(29) node_modules/egg/app/extend/request.js",
    "start": 1565846466569,
    "end": 1565846466569,
    "duration": 0,
    "pid": 68514,
    "index": 34
  },
  {
    "name": "Load extend/response.js",
    "start": 1565846466570,
    "end": 1565846466572,
    "duration": 2,
    "pid": 68514,
    "index": 35
  },
  {
    "name": "Require(30) node_modules/egg/app/extend/response.js",
    "start": 1565846466571,
    "end": 1565846466572,
    "duration": 1,
    "pid": 68514,
    "index": 36
  },
  {
    "name": "Load extend/context.js",
    "start": 1565846466572,
    "end": 1565846466611,
    "duration": 39,
    "pid": 68514,
    "index": 37
  },
  {
    "name": "Require(31) node_modules/egg-security/app/extend/context.js",
    "start": 1565846466572,
    "end": 1565846466578,
    "duration": 6,
    "pid": 68514,
    "index": 38
  },
  {
    "name": "Require(32) node_modules/egg-jsonp/app/extend/context.js",
    "start": 1565846466579,
    "end": 1565846466580,
    "duration": 1,
    "pid": 68514,
    "index": 39
  },
  {
    "name": "Require(33) node_modules/egg-i18n/app/extend/context.js",
    "start": 1565846466580,
    "end": 1565846466580,
    "duration": 0,
    "pid": 68514,
    "index": 40
  },
  {
    "name": "Require(34) node_modules/egg-multipart/app/extend/context.js",
    "start": 1565846466581,
    "end": 1565846466607,
    "duration": 26,
    "pid": 68514,
    "index": 41
  },
  {
    "name": "Require(35) node_modules/egg-view/app/extend/context.js",
    "start": 1565846466608,
    "end": 1565846466609,
    "duration": 1,
    "pid": 68514,
    "index": 42
  },
  {
    "name": "Require(36) node_modules/egg-mongoose/app/extend/context.js",
    "start": 1565846466609,
    "end": 1565846466609,
    "duration": 0,
    "pid": 68514,
    "index": 43
  },
  {
    "name": "Require(37) node_modules/egg/app/extend/context.js",
    "start": 1565846466609,
    "end": 1565846466610,
    "duration": 1,
    "pid": 68514,
    "index": 44
  },
  {
    "name": "Load extend/helper.js",
    "start": 1565846466611,
    "end": 1565846466626,
    "duration": 15,
    "pid": 68514,
    "index": 45
  },
  {
    "name": "Require(38) node_modules/egg-security/app/extend/helper.js",
    "start": 1565846466611,
    "end": 1565846466625,
    "duration": 14,
    "pid": 68514,
    "index": 46
  },
  {
    "name": "Require(39) node_modules/egg/app/extend/helper.js",
    "start": 1565846466625,
    "end": 1565846466626,
    "duration": 1,
    "pid": 68514,
    "index": 47
  },
  {
    "name": "Load app.js",
    "start": 1565846466627,
    "end": 1565846466656,
    "duration": 29,
    "pid": 68514,
    "index": 48
  },
  {
    "name": "Require(40) node_modules/egg-session/app.js",
    "start": 1565846466627,
    "end": 1565846466627,
    "duration": 0,
    "pid": 68514,
    "index": 49
  },
  {
    "name": "Require(41) node_modules/egg-security/app.js",
    "start": 1565846466627,
    "end": 1565846466629,
    "duration": 2,
    "pid": 68514,
    "index": 50
  },
  {
    "name": "Require(42) node_modules/egg-onerror/app.js",
    "start": 1565846466629,
    "end": 1565846466636,
    "duration": 7,
    "pid": 68514,
    "index": 51
  },
  {
    "name": "Require(43) node_modules/egg-i18n/app.js",
    "start": 1565846466636,
    "end": 1565846466646,
    "duration": 10,
    "pid": 68514,
    "index": 52
  },
  {
    "name": "Require(44) node_modules/egg-watcher/app.js",
    "start": 1565846466646,
    "end": 1565846466649,
    "duration": 3,
    "pid": 68514,
    "index": 53
  },
  {
    "name": "Require(45) node_modules/egg-schedule/app.js",
    "start": 1565846466649,
    "end": 1565846466650,
    "duration": 1,
    "pid": 68514,
    "index": 54
  },
  {
    "name": "Require(46) node_modules/egg-multipart/app.js",
    "start": 1565846466650,
    "end": 1565846466652,
    "duration": 2,
    "pid": 68514,
    "index": 55
  },
  {
    "name": "Require(47) node_modules/egg-development/app.js",
    "start": 1565846466652,
    "end": 1565846466653,
    "duration": 1,
    "pid": 68514,
    "index": 56
  },
  {
    "name": "Require(48) node_modules/egg-logrotator/app.js",
    "start": 1565846466653,
    "end": 1565846466653,
    "duration": 0,
    "pid": 68514,
    "index": 57
  },
  {
    "name": "Require(49) node_modules/egg-static/app.js",
    "start": 1565846466653,
    "end": 1565846466654,
    "duration": 1,
    "pid": 68514,
    "index": 58
  },
  {
    "name": "Require(50) node_modules/egg-view-nunjucks/app.js",
    "start": 1565846466654,
    "end": 1565846466654,
    "duration": 0,
    "pid": 68514,
    "index": 59
  },
  {
    "name": "Require(51) node_modules/egg-redis/app.js",
    "start": 1565846466654,
    "end": 1565846466655,
    "duration": 1,
    "pid": 68514,
    "index": 60
  },
  {
    "name": "Require(52) node_modules/egg-mongoose/app.js",
    "start": 1565846466655,
    "end": 1565846466656,
    "duration": 1,
    "pid": 68514,
    "index": 61
  },
  {
    "name": "Before Start in node_modules/egg-watcher/lib/init.js:15:14",
    "start": 1565846466664,
    "end": 1565846467125,
    "duration": 461,
    "pid": 68514,
    "index": 62
  },
  {
    "name": "Before Start in node_modules/egg-redis/lib/redis.js:53:7",
    "start": 1565846466735,
    "end": 1565846467123,
    "duration": 388,
    "pid": 68514,
    "index": 63
  },
  {
    "name": "Before Start in node_modules/egg-mongoose/lib/mongoose.js:91:7",
    "start": 1565846467031,
    "end": 1565846467120,
    "duration": 89,
    "pid": 68514,
    "index": 64
  },
  {
    "name": "Before Start in node_modules/egg-mongoose/lib/mongoose.js:49:9",
    "start": 1565846467031,
    "end": 1565846467106,
    "duration": 75,
    "pid": 68514,
    "index": 65
  },
  {
    "name": "Load Service",
    "start": 1565846467031,
    "end": 1565846467035,
    "duration": 4,
    "pid": 68514,
    "index": 66
  },
  {
    "name": "Load \"service\" to Context",
    "start": 1565846467031,
    "end": 1565846467035,
    "duration": 4,
    "pid": 68514,
    "index": 67
  },
  {
    "name": "Load Middleware",
    "start": 1565846467036,
    "end": 1565846467092,
    "duration": 56,
    "pid": 68514,
    "index": 68
  },
  {
    "name": "Load \"middlewares\" to Application",
    "start": 1565846467036,
    "end": 1565846467085,
    "duration": 49,
    "pid": 68514,
    "index": 69
  },
  {
    "name": "Load Controller",
    "start": 1565846467092,
    "end": 1565846467095,
    "duration": 3,
    "pid": 68514,
    "index": 70
  },
  {
    "name": "Load \"controller\" to Application",
    "start": 1565846467093,
    "end": 1565846467094,
    "duration": 1,
    "pid": 68514,
    "index": 71
  },
  {
    "name": "Load Router",
    "start": 1565846467095,
    "end": 1565846467097,
    "duration": 2,
    "pid": 68514,
    "index": 72
  },
  {
    "name": "Require(53) app/router.js",
    "start": 1565846467095,
    "end": 1565846467095,
    "duration": 0,
    "pid": 68514,
    "index": 73
  },
  {
    "name": "Before Start in node_modules/egg-core/lib/egg.js:303:10",
    "start": 1565846467096,
    "end": 1565846467106,
    "duration": 10,
    "pid": 68514,
    "index": 74
  },
  {
    "name": "Load \"model\" to Application",
    "start": 1565846467105,
    "end": 1565846467105,
    "duration": 0,
    "pid": 68514,
    "index": 75
  }
]