[
  {
    "name": "Application Start",
    "start": 1565847321052,
    "end": 1565847321761,
    "duration": 709,
    "pid": 68873,
    "index": 0
  },
  {
    "name": "Load Plugin",
    "start": 1565847321057,
    "end": 1565847321074,
    "duration": 17,
    "pid": 68873,
    "index": 1
  },
  {
    "name": "Load Config",
    "start": 1565847321074,
    "end": 1565847321098,
    "duration": 24,
    "pid": 68873,
    "index": 2
  },
  {
    "name": "Require(0) config/config.default.js",
    "start": 1565847321074,
    "end": 1565847321075,
    "duration": 1,
    "pid": 68873,
    "index": 3
  },
  {
    "name": "Require(1) node_modules/egg-session/config/config.default.js",
    "start": 1565847321076,
    "end": 1565847321076,
    "duration": 0,
    "pid": 68873,
    "index": 4
  },
  {
    "name": "Require(2) node_modules/egg-security/config/config.default.js",
    "start": 1565847321077,
    "end": 1565847321077,
    "duration": 0,
    "pid": 68873,
    "index": 5
  },
  {
    "name": "Require(3) node_modules/egg-jsonp/config/config.default.js",
    "start": 1565847321078,
    "end": 1565847321078,
    "duration": 0,
    "pid": 68873,
    "index": 6
  },
  {
    "name": "Require(4) node_modules/egg-onerror/config/config.default.js",
    "start": 1565847321079,
    "end": 1565847321079,
    "duration": 0,
    "pid": 68873,
    "index": 7
  },
  {
    "name": "Require(5) node_modules/egg-i18n/config/config.default.js",
    "start": 1565847321079,
    "end": 1565847321080,
    "duration": 1,
    "pid": 68873,
    "index": 8
  },
  {
    "name": "Require(6) node_modules/egg-watcher/config/config.default.js",
    "start": 1565847321080,
    "end": 1565847321080,
    "duration": 0,
    "pid": 68873,
    "index": 9
  },
  {
    "name": "Require(7) node_modules/egg-schedule/config/config.default.js",
    "start": 1565847321081,
    "end": 1565847321081,
    "duration": 0,
    "pid": 68873,
    "index": 10
  },
  {
    "name": "Require(8) node_modules/egg-multipart/config/config.default.js",
    "start": 1565847321081,
    "end": 1565847321082,
    "duration": 1,
    "pid": 68873,
    "index": 11
  },
  {
    "name": "Require(9) node_modules/egg-development/config/config.default.js",
    "start": 1565847321082,
    "end": 1565847321083,
    "duration": 1,
    "pid": 68873,
    "index": 12
  },
  {
    "name": "Require(10) node_modules/egg-logrotator/config/config.default.js",
    "start": 1565847321083,
    "end": 1565847321084,
    "duration": 1,
    "pid": 68873,
    "index": 13
  },
  {
    "name": "Require(11) node_modules/egg-static/config/config.default.js",
    "start": 1565847321084,
    "end": 1565847321084,
    "duration": 0,
    "pid": 68873,
    "index": 14
  },
  {
    "name": "Require(12) node_modules/egg-view/config/config.default.js",
    "start": 1565847321085,
    "end": 1565847321085,
    "duration": 0,
    "pid": 68873,
    "index": 15
  },
  {
    "name": "Require(13) node_modules/egg-view-nunjucks/config/config.default.js",
    "start": 1565847321085,
    "end": 1565847321086,
    "duration": 1,
    "pid": 68873,
    "index": 16
  },
  {
    "name": "Require(14) node_modules/egg-redis/config/config.default.js",
    "start": 1565847321086,
    "end": 1565847321087,
    "duration": 1,
    "pid": 68873,
    "index": 17
  },
  {
    "name": "Require(15) node_modules/egg-mongoose/config/config.default.js",
    "start": 1565847321087,
    "end": 1565847321087,
    "duration": 0,
    "pid": 68873,
    "index": 18
  },
  {
    "name": "Require(16) node_modules/egg/config/config.default.js",
    "start": 1565847321088,
    "end": 1565847321088,
    "duration": 0,
    "pid": 68873,
    "index": 19
  },
  {
    "name": "Require(17) config/config.default.js",
    "start": 1565847321093,
    "end": 1565847321093,
    "duration": 0,
    "pid": 68873,
    "index": 20
  },
  {
    "name": "Require(18) node_modules/egg-security/config/config.local.js",
    "start": 1565847321095,
    "end": 1565847321095,
    "duration": 0,
    "pid": 68873,
    "index": 21
  },
  {
    "name": "Require(19) node_modules/egg-watcher/config/config.local.js",
    "start": 1565847321095,
    "end": 1565847321096,
    "duration": 1,
    "pid": 68873,
    "index": 22
  },
  {
    "name": "Require(20) node_modules/egg-view/config/config.local.js",
    "start": 1565847321096,
    "end": 1565847321097,
    "duration": 1,
    "pid": 68873,
    "index": 23
  },
  {
    "name": "Require(21) node_modules/egg-view-nunjucks/config/config.local.js",
    "start": 1565847321097,
    "end": 1565847321098,
    "duration": 1,
    "pid": 68873,
    "index": 24
  },
  {
    "name": "Require(22) node_modules/egg/config/config.local.js",
    "start": 1565847321098,
    "end": 1565847321098,
    "duration": 0,
    "pid": 68873,
    "index": 25
  },
  {
    "name": "Load extend/application.js",
    "start": 1565847321100,
    "end": 1565847321129,
    "duration": 29,
    "pid": 68873,
    "index": 26
  },
  {
    "name": "Require(23) node_modules/egg-session/app/extend/application.js",
    "start": 1565847321100,
    "end": 1565847321100,
    "duration": 0,
    "pid": 68873,
    "index": 27
  },
  {
    "name": "Require(24) node_modules/egg-security/app/extend/application.js",
    "start": 1565847321100,
    "end": 1565847321101,
    "duration": 1,
    "pid": 68873,
    "index": 28
  },
  {
    "name": "Require(25) node_modules/egg-jsonp/app/extend/application.js",
    "start": 1565847321102,
    "end": 1565847321103,
    "duration": 1,
    "pid": 68873,
    "index": 29
  },
  {
    "name": "Require(26) node_modules/egg-logrotator/app/extend/application.js",
    "start": 1565847321103,
    "end": 1565847321105,
    "duration": 2,
    "pid": 68873,
    "index": 30
  },
  {
    "name": "Require(27) node_modules/egg-view/app/extend/application.js",
    "start": 1565847321105,
    "end": 1565847321106,
    "duration": 1,
    "pid": 68873,
    "index": 31
  },
  {
    "name": "Require(28) node_modules/egg-view-nunjucks/app/extend/application.js",
    "start": 1565847321106,
    "end": 1565847321128,
    "duration": 22,
    "pid": 68873,
    "index": 32
  },
  {
    "name": "Load extend/request.js",
    "start": 1565847321129,
    "end": 1565847321131,
    "duration": 2,
    "pid": 68873,
    "index": 33
  },
  {
    "name": "Require(29) node_modules/egg/app/extend/request.js",
    "start": 1565847321130,
    "end": 1565847321131,
    "duration": 1,
    "pid": 68873,
    "index": 34
  },
  {
    "name": "Load extend/response.js",
    "start": 1565847321132,
    "end": 1565847321134,
    "duration": 2,
    "pid": 68873,
    "index": 35
  },
  {
    "name": "Require(30) node_modules/egg/app/extend/response.js",
    "start": 1565847321132,
    "end": 1565847321133,
    "duration": 1,
    "pid": 68873,
    "index": 36
  },
  {
    "name": "Load extend/context.js",
    "start": 1565847321134,
    "end": 1565847321179,
    "duration": 45,
    "pid": 68873,
    "index": 37
  },
  {
    "name": "Require(31) node_modules/egg-security/app/extend/context.js",
    "start": 1565847321134,
    "end": 1565847321141,
    "duration": 7,
    "pid": 68873,
    "index": 38
  },
  {
    "name": "Require(32) node_modules/egg-jsonp/app/extend/context.js",
    "start": 1565847321141,
    "end": 1565847321143,
    "duration": 2,
    "pid": 68873,
    "index": 39
  },
  {
    "name": "Require(33) node_modules/egg-i18n/app/extend/context.js",
    "start": 1565847321143,
    "end": 1565847321143,
    "duration": 0,
    "pid": 68873,
    "index": 40
  },
  {
    "name": "Require(34) node_modules/egg-multipart/app/extend/context.js",
    "start": 1565847321144,
    "end": 1565847321173,
    "duration": 29,
    "pid": 68873,
    "index": 41
  },
  {
    "name": "Require(35) node_modules/egg-view/app/extend/context.js",
    "start": 1565847321174,
    "end": 1565847321175,
    "duration": 1,
    "pid": 68873,
    "index": 42
  },
  {
    "name": "Require(36) node_modules/egg-mongoose/app/extend/context.js",
    "start": 1565847321176,
    "end": 1565847321176,
    "duration": 0,
    "pid": 68873,
    "index": 43
  },
  {
    "name": "Require(37) node_modules/egg/app/extend/context.js",
    "start": 1565847321176,
    "end": 1565847321178,
    "duration": 2,
    "pid": 68873,
    "index": 44
  },
  {
    "name": "Load extend/helper.js",
    "start": 1565847321179,
    "end": 1565847321197,
    "duration": 18,
    "pid": 68873,
    "index": 45
  },
  {
    "name": "Require(38) node_modules/egg-security/app/extend/helper.js",
    "start": 1565847321179,
    "end": 1565847321195,
    "duration": 16,
    "pid": 68873,
    "index": 46
  },
  {
    "name": "Require(39) node_modules/egg/app/extend/helper.js",
    "start": 1565847321196,
    "end": 1565847321196,
    "duration": 0,
    "pid": 68873,
    "index": 47
  },
  {
    "name": "Load app.js",
    "start": 1565847321197,
    "end": 1565847321234,
    "duration": 37,
    "pid": 68873,
    "index": 48
  },
  {
    "name": "Require(40) node_modules/egg-session/app.js",
    "start": 1565847321197,
    "end": 1565847321198,
    "duration": 1,
    "pid": 68873,
    "index": 49
  },
  {
    "name": "Require(41) node_modules/egg-security/app.js",
    "start": 1565847321198,
    "end": 1565847321200,
    "duration": 2,
    "pid": 68873,
    "index": 50
  },
  {
    "name": "Require(42) node_modules/egg-onerror/app.js",
    "start": 1565847321200,
    "end": 1565847321209,
    "duration": 9,
    "pid": 68873,
    "index": 51
  },
  {
    "name": "Require(43) node_modules/egg-i18n/app.js",
    "start": 1565847321209,
    "end": 1565847321223,
    "duration": 14,
    "pid": 68873,
    "index": 52
  },
  {
    "name": "Require(44) node_modules/egg-watcher/app.js",
    "start": 1565847321223,
    "end": 1565847321226,
    "duration": 3,
    "pid": 68873,
    "index": 53
  },
  {
    "name": "Require(45) node_modules/egg-schedule/app.js",
    "start": 1565847321226,
    "end": 1565847321227,
    "duration": 1,
    "pid": 68873,
    "index": 54
  },
  {
    "name": "Require(46) node_modules/egg-multipart/app.js",
    "start": 1565847321227,
    "end": 1565847321229,
    "duration": 2,
    "pid": 68873,
    "index": 55
  },
  {
    "name": "Require(47) node_modules/egg-development/app.js",
    "start": 1565847321229,
    "end": 1565847321230,
    "duration": 1,
    "pid": 68873,
    "index": 56
  },
  {
    "name": "Require(48) node_modules/egg-logrotator/app.js",
    "start": 1565847321230,
    "end": 1565847321230,
    "duration": 0,
    "pid": 68873,
    "index": 57
  },
  {
    "name": "Require(49) node_modules/egg-static/app.js",
    "start": 1565847321230,
    "end": 1565847321231,
    "duration": 1,
    "pid": 68873,
    "index": 58
  },
  {
    "name": "Require(50) node_modules/egg-view-nunjucks/app.js",
    "start": 1565847321231,
    "end": 1565847321232,
    "duration": 1,
    "pid": 68873,
    "index": 59
  },
  {
    "name": "Require(51) node_modules/egg-redis/app.js",
    "start": 1565847321232,
    "end": 1565847321233,
    "duration": 1,
    "pid": 68873,
    "index": 60
  },
  {
    "name": "Require(52) node_modules/egg-mongoose/app.js",
    "start": 1565847321233,
    "end": 1565847321233,
    "duration": 0,
    "pid": 68873,
    "index": 61
  },
  {
    "name": "Require(53) app.js",
    "start": 1565847321234,
    "end": 1565847321234,
    "duration": 0,
    "pid": 68873,
    "index": 62
  },
  {
    "name": "Before Start in node_modules/egg-watcher/lib/init.js:15:14",
    "start": 1565847321241,
    "end": 1565847321760,
    "duration": 519,
    "pid": 68873,
    "index": 63
  },
  {
    "name": "Before Start in node_modules/egg-redis/lib/redis.js:53:7",
    "start": 1565847321322,
    "end": 1565847321758,
    "duration": 436,
    "pid": 68873,
    "index": 64
  },
  {
    "name": "Before Start in node_modules/egg-mongoose/lib/mongoose.js:91:7",
    "start": 1565847321647,
    "end": 1565847321756,
    "duration": 109,
    "pid": 68873,
    "index": 65
  },
  {
    "name": "Before Start in node_modules/egg-mongoose/lib/mongoose.js:49:9",
    "start": 1565847321647,
    "end": 1565847321743,
    "duration": 96,
    "pid": 68873,
    "index": 66
  },
  {
    "name": "Load Service",
    "start": 1565847321648,
    "end": 1565847321651,
    "duration": 3,
    "pid": 68873,
    "index": 67
  },
  {
    "name": "Load \"service\" to Context",
    "start": 1565847321648,
    "end": 1565847321651,
    "duration": 3,
    "pid": 68873,
    "index": 68
  },
  {
    "name": "Load Middleware",
    "start": 1565847321651,
    "end": 1565847321724,
    "duration": 73,
    "pid": 68873,
    "index": 69
  },
  {
    "name": "Load \"middlewares\" to Application",
    "start": 1565847321651,
    "end": 1565847321716,
    "duration": 65,
    "pid": 68873,
    "index": 70
  },
  {
    "name": "Load Controller",
    "start": 1565847321724,
    "end": 1565847321726,
    "duration": 2,
    "pid": 68873,
    "index": 71
  },
  {
    "name": "Load \"controller\" to Application",
    "start": 1565847321724,
    "end": 1565847321726,
    "duration": 2,
    "pid": 68873,
    "index": 72
  },
  {
    "name": "Load Router",
    "start": 1565847321726,
    "end": 1565847321728,
    "duration": 2,
    "pid": 68873,
    "index": 73
  },
  {
    "name": "Require(54) app/router.js",
    "start": 1565847321726,
    "end": 1565847321727,
    "duration": 1,
    "pid": 68873,
    "index": 74
  },
  {
    "name": "Before Start in node_modules/egg-core/lib/egg.js:303:10",
    "start": 1565847321727,
    "end": 1565847321743,
    "duration": 16,
    "pid": 68873,
    "index": 75
  },
  {
    "name": "Load \"model\" to Application",
    "start": 1565847321735,
    "end": 1565847321742,
    "duration": 7,
    "pid": 68873,
    "index": 76
  }
]