[
  {
    "name": "Application Start",
    "start": 1565847980502,
    "end": 1565847981212,
    "duration": 710,
    "pid": 69097,
    "index": 0
  },
  {
    "name": "Load Plugin",
    "start": 1565847980505,
    "end": 1565847980520,
    "duration": 15,
    "pid": 69097,
    "index": 1
  },
  {
    "name": "Load Config",
    "start": 1565847980520,
    "end": 1565847980540,
    "duration": 20,
    "pid": 69097,
    "index": 2
  },
  {
    "name": "Require(0) config/config.default.js",
    "start": 1565847980521,
    "end": 1565847980521,
    "duration": 0,
    "pid": 69097,
    "index": 3
  },
  {
    "name": "Require(1) node_modules/egg-session/config/config.default.js",
    "start": 1565847980522,
    "end": 1565847980523,
    "duration": 1,
    "pid": 69097,
    "index": 4
  },
  {
    "name": "Require(2) node_modules/egg-security/config/config.default.js",
    "start": 1565847980523,
    "end": 1565847980523,
    "duration": 0,
    "pid": 69097,
    "index": 5
  },
  {
    "name": "Require(3) node_modules/egg-jsonp/config/config.default.js",
    "start": 1565847980524,
    "end": 1565847980524,
    "duration": 0,
    "pid": 69097,
    "index": 6
  },
  {
    "name": "Require(4) node_modules/egg-onerror/config/config.default.js",
    "start": 1565847980525,
    "end": 1565847980525,
    "duration": 0,
    "pid": 69097,
    "index": 7
  },
  {
    "name": "Require(5) node_modules/egg-i18n/config/config.default.js",
    "start": 1565847980525,
    "end": 1565847980526,
    "duration": 1,
    "pid": 69097,
    "index": 8
  },
  {
    "name": "Require(6) node_modules/egg-watcher/config/config.default.js",
    "start": 1565847980526,
    "end": 1565847980527,
    "duration": 1,
    "pid": 69097,
    "index": 9
  },
  {
    "name": "Require(7) node_modules/egg-schedule/config/config.default.js",
    "start": 1565847980527,
    "end": 1565847980527,
    "duration": 0,
    "pid": 69097,
    "index": 10
  },
  {
    "name": "Require(8) node_modules/egg-multipart/config/config.default.js",
    "start": 1565847980527,
    "end": 1565847980528,
    "duration": 1,
    "pid": 69097,
    "index": 11
  },
  {
    "name": "Require(9) node_modules/egg-development/config/config.default.js",
    "start": 1565847980528,
    "end": 1565847980529,
    "duration": 1,
    "pid": 69097,
    "index": 12
  },
  {
    "name": "Require(10) node_modules/egg-logrotator/config/config.default.js",
    "start": 1565847980529,
    "end": 1565847980530,
    "duration": 1,
    "pid": 69097,
    "index": 13
  },
  {
    "name": "Require(11) node_modules/egg-static/config/config.default.js",
    "start": 1565847980530,
    "end": 1565847980530,
    "duration": 0,
    "pid": 69097,
    "index": 14
  },
  {
    "name": "Require(12) node_modules/egg-view/config/config.default.js",
    "start": 1565847980531,
    "end": 1565847980531,
    "duration": 0,
    "pid": 69097,
    "index": 15
  },
  {
    "name": "Require(13) node_modules/egg-view-nunjucks/config/config.default.js",
    "start": 1565847980532,
    "end": 1565847980532,
    "duration": 0,
    "pid": 69097,
    "index": 16
  },
  {
    "name": "Require(14) node_modules/egg-redis/config/config.default.js",
    "start": 1565847980532,
    "end": 1565847980533,
    "duration": 1,
    "pid": 69097,
    "index": 17
  },
  {
    "name": "Require(15) node_modules/egg-mongoose/config/config.default.js",
    "start": 1565847980533,
    "end": 1565847980533,
    "duration": 0,
    "pid": 69097,
    "index": 18
  },
  {
    "name": "Require(16) node_modules/egg/config/config.default.js",
    "start": 1565847980534,
    "end": 1565847980534,
    "duration": 0,
    "pid": 69097,
    "index": 19
  },
  {
    "name": "Require(17) config/config.default.js",
    "start": 1565847980536,
    "end": 1565847980536,
    "duration": 0,
    "pid": 69097,
    "index": 20
  },
  {
    "name": "Require(18) node_modules/egg-security/config/config.local.js",
    "start": 1565847980536,
    "end": 1565847980537,
    "duration": 1,
    "pid": 69097,
    "index": 21
  },
  {
    "name": "Require(19) node_modules/egg-watcher/config/config.local.js",
    "start": 1565847980537,
    "end": 1565847980537,
    "duration": 0,
    "pid": 69097,
    "index": 22
  },
  {
    "name": "Require(20) node_modules/egg-view/config/config.local.js",
    "start": 1565847980538,
    "end": 1565847980538,
    "duration": 0,
    "pid": 69097,
    "index": 23
  },
  {
    "name": "Require(21) node_modules/egg-view-nunjucks/config/config.local.js",
    "start": 1565847980539,
    "end": 1565847980539,
    "duration": 0,
    "pid": 69097,
    "index": 24
  },
  {
    "name": "Require(22) node_modules/egg/config/config.local.js",
    "start": 1565847980539,
    "end": 1565847980540,
    "duration": 1,
    "pid": 69097,
    "index": 25
  },
  {
    "name": "Load extend/application.js",
    "start": 1565847980541,
    "end": 1565847980575,
    "duration": 34,
    "pid": 69097,
    "index": 26
  },
  {
    "name": "Require(23) node_modules/egg-session/app/extend/application.js",
    "start": 1565847980541,
    "end": 1565847980542,
    "duration": 1,
    "pid": 69097,
    "index": 27
  },
  {
    "name": "Require(24) node_modules/egg-security/app/extend/application.js",
    "start": 1565847980542,
    "end": 1565847980543,
    "duration": 1,
    "pid": 69097,
    "index": 28
  },
  {
    "name": "Require(25) node_modules/egg-jsonp/app/extend/application.js",
    "start": 1565847980543,
    "end": 1565847980545,
    "duration": 2,
    "pid": 69097,
    "index": 29
  },
  {
    "name": "Require(26) node_modules/egg-logrotator/app/extend/application.js",
    "start": 1565847980545,
    "end": 1565847980547,
    "duration": 2,
    "pid": 69097,
    "index": 30
  },
  {
    "name": "Require(27) node_modules/egg-view/app/extend/application.js",
    "start": 1565847980547,
    "end": 1565847980548,
    "duration": 1,
    "pid": 69097,
    "index": 31
  },
  {
    "name": "Require(28) node_modules/egg-view-nunjucks/app/extend/application.js",
    "start": 1565847980548,
    "end": 1565847980575,
    "duration": 27,
    "pid": 69097,
    "index": 32
  },
  {
    "name": "Load extend/request.js",
    "start": 1565847980575,
    "end": 1565847980577,
    "duration": 2,
    "pid": 69097,
    "index": 33
  },
  {
    "name": "Require(29) node_modules/egg/app/extend/request.js",
    "start": 1565847980576,
    "end": 1565847980577,
    "duration": 1,
    "pid": 69097,
    "index": 34
  },
  {
    "name": "Load extend/response.js",
    "start": 1565847980577,
    "end": 1565847980579,
    "duration": 2,
    "pid": 69097,
    "index": 35
  },
  {
    "name": "Require(30) node_modules/egg/app/extend/response.js",
    "start": 1565847980578,
    "end": 1565847980579,
    "duration": 1,
    "pid": 69097,
    "index": 36
  },
  {
    "name": "Load extend/context.js",
    "start": 1565847980579,
    "end": 1565847980627,
    "duration": 48,
    "pid": 69097,
    "index": 37
  },
  {
    "name": "Require(31) node_modules/egg-security/app/extend/context.js",
    "start": 1565847980580,
    "end": 1565847980588,
    "duration": 8,
    "pid": 69097,
    "index": 38
  },
  {
    "name": "Require(32) node_modules/egg-jsonp/app/extend/context.js",
    "start": 1565847980588,
    "end": 1565847980590,
    "duration": 2,
    "pid": 69097,
    "index": 39
  },
  {
    "name": "Require(33) node_modules/egg-i18n/app/extend/context.js",
    "start": 1565847980590,
    "end": 1565847980591,
    "duration": 1,
    "pid": 69097,
    "index": 40
  },
  {
    "name": "Require(34) node_modules/egg-multipart/app/extend/context.js",
    "start": 1565847980591,
    "end": 1565847980621,
    "duration": 30,
    "pid": 69097,
    "index": 41
  },
  {
    "name": "Require(35) node_modules/egg-view/app/extend/context.js",
    "start": 1565847980622,
    "end": 1565847980623,
    "duration": 1,
    "pid": 69097,
    "index": 42
  },
  {
    "name": "Require(36) node_modules/egg-mongoose/app/extend/context.js",
    "start": 1565847980624,
    "end": 1565847980625,
    "duration": 1,
    "pid": 69097,
    "index": 43
  },
  {
    "name": "Require(37) node_modules/egg/app/extend/context.js",
    "start": 1565847980625,
    "end": 1565847980626,
    "duration": 1,
    "pid": 69097,
    "index": 44
  },
  {
    "name": "Load extend/helper.js",
    "start": 1565847980627,
    "end": 1565847980649,
    "duration": 22,
    "pid": 69097,
    "index": 45
  },
  {
    "name": "Require(38) node_modules/egg-security/app/extend/helper.js",
    "start": 1565847980628,
    "end": 1565847980647,
    "duration": 19,
    "pid": 69097,
    "index": 46
  },
  {
    "name": "Require(39) node_modules/egg/app/extend/helper.js",
    "start": 1565847980648,
    "end": 1565847980648,
    "duration": 0,
    "pid": 69097,
    "index": 47
  },
  {
    "name": "Load app.js",
    "start": 1565847980649,
    "end": 1565847980700,
    "duration": 51,
    "pid": 69097,
    "index": 48
  },
  {
    "name": "Require(40) node_modules/egg-session/app.js",
    "start": 1565847980650,
    "end": 1565847980650,
    "duration": 0,
    "pid": 69097,
    "index": 49
  },
  {
    "name": "Require(41) node_modules/egg-security/app.js",
    "start": 1565847980650,
    "end": 1565847980652,
    "duration": 2,
    "pid": 69097,
    "index": 50
  },
  {
    "name": "Require(42) node_modules/egg-onerror/app.js",
    "start": 1565847980652,
    "end": 1565847980664,
    "duration": 12,
    "pid": 69097,
    "index": 51
  },
  {
    "name": "Require(43) node_modules/egg-i18n/app.js",
    "start": 1565847980665,
    "end": 1565847980682,
    "duration": 17,
    "pid": 69097,
    "index": 52
  },
  {
    "name": "Require(44) node_modules/egg-watcher/app.js",
    "start": 1565847980682,
    "end": 1565847980686,
    "duration": 4,
    "pid": 69097,
    "index": 53
  },
  {
    "name": "Require(45) node_modules/egg-schedule/app.js",
    "start": 1565847980686,
    "end": 1565847980688,
    "duration": 2,
    "pid": 69097,
    "index": 54
  },
  {
    "name": "Require(46) node_modules/egg-multipart/app.js",
    "start": 1565847980688,
    "end": 1565847980692,
    "duration": 4,
    "pid": 69097,
    "index": 55
  },
  {
    "name": "Require(47) node_modules/egg-development/app.js",
    "start": 1565847980692,
    "end": 1565847980693,
    "duration": 1,
    "pid": 69097,
    "index": 56
  },
  {
    "name": "Require(48) node_modules/egg-logrotator/app.js",
    "start": 1565847980693,
    "end": 1565847980694,
    "duration": 1,
    "pid": 69097,
    "index": 57
  },
  {
    "name": "Require(49) node_modules/egg-static/app.js",
    "start": 1565847980694,
    "end": 1565847980695,
    "duration": 1,
    "pid": 69097,
    "index": 58
  },
  {
    "name": "Require(50) node_modules/egg-view-nunjucks/app.js",
    "start": 1565847980695,
    "end": 1565847980696,
    "duration": 1,
    "pid": 69097,
    "index": 59
  },
  {
    "name": "Require(51) node_modules/egg-redis/app.js",
    "start": 1565847980696,
    "end": 1565847980698,
    "duration": 2,
    "pid": 69097,
    "index": 60
  },
  {
    "name": "Require(52) node_modules/egg-mongoose/app.js",
    "start": 1565847980698,
    "end": 1565847980698,
    "duration": 0,
    "pid": 69097,
    "index": 61
  },
  {
    "name": "Require(53) app.js",
    "start": 1565847980699,
    "end": 1565847980699,
    "duration": 0,
    "pid": 69097,
    "index": 62
  },
  {
    "name": "Before Start in node_modules/egg-watcher/lib/init.js:15:14",
    "start": 1565847980707,
    "end": 1565847981212,
    "duration": 505,
    "pid": 69097,
    "index": 63
  },
  {
    "name": "Before Start in node_modules/egg-redis/lib/redis.js:53:7",
    "start": 1565847980789,
    "end": 1565847981210,
    "duration": 421,
    "pid": 69097,
    "index": 64
  },
  {
    "name": "Before Start in node_modules/egg-mongoose/lib/mongoose.js:91:7",
    "start": 1565847981084,
    "end": 1565847981208,
    "duration": 124,
    "pid": 69097,
    "index": 65
  },
  {
    "name": "Before Start in node_modules/egg-mongoose/lib/mongoose.js:49:9",
    "start": 1565847981085,
    "end": 1565847981194,
    "duration": 109,
    "pid": 69097,
    "index": 66
  },
  {
    "name": "Load Service",
    "start": 1565847981085,
    "end": 1565847981088,
    "duration": 3,
    "pid": 69097,
    "index": 67
  },
  {
    "name": "Load \"service\" to Context",
    "start": 1565847981085,
    "end": 1565847981088,
    "duration": 3,
    "pid": 69097,
    "index": 68
  },
  {
    "name": "Load Middleware",
    "start": 1565847981088,
    "end": 1565847981167,
    "duration": 79,
    "pid": 69097,
    "index": 69
  },
  {
    "name": "Load \"middlewares\" to Application",
    "start": 1565847981089,
    "end": 1565847981155,
    "duration": 66,
    "pid": 69097,
    "index": 70
  },
  {
    "name": "Load Controller",
    "start": 1565847981167,
    "end": 1565847981171,
    "duration": 4,
    "pid": 69097,
    "index": 71
  },
  {
    "name": "Load \"controller\" to Application",
    "start": 1565847981168,
    "end": 1565847981171,
    "duration": 3,
    "pid": 69097,
    "index": 72
  },
  {
    "name": "Load Router",
    "start": 1565847981171,
    "end": 1565847981174,
    "duration": 3,
    "pid": 69097,
    "index": 73
  },
  {
    "name": "Require(54) app/router.js",
    "start": 1565847981171,
    "end": 1565847981172,
    "duration": 1,
    "pid": 69097,
    "index": 74
  },
  {
    "name": "Before Start in node_modules/egg-core/lib/egg.js:303:10",
    "start": 1565847981172,
    "end": 1565847981194,
    "duration": 22,
    "pid": 69097,
    "index": 75
  },
  {
    "name": "Load \"model\" to Application",
    "start": 1565847981183,
    "end": 1565847981193,
    "duration": 10,
    "pid": 69097,
    "index": 76
  }
]