[
  {
    "name": "Application Start",
    "start": 1565847509403,
    "end": 1565847509788,
    "duration": 385,
    "pid": 68959,
    "index": 0
  },
  {
    "name": "Load Plugin",
    "start": 1565847509406,
    "end": 1565847509413,
    "duration": 7,
    "pid": 68959,
    "index": 1
  },
  {
    "name": "Load Config",
    "start": 1565847509413,
    "end": 1565847509432,
    "duration": 19,
    "pid": 68959,
    "index": 2
  },
  {
    "name": "Require(0) config/config.default.js",
    "start": 1565847509413,
    "end": 1565847509413,
    "duration": 0,
    "pid": 68959,
    "index": 3
  },
  {
    "name": "Require(1) node_modules/egg-session/config/config.default.js",
    "start": 1565847509416,
    "end": 1565847509417,
    "duration": 1,
    "pid": 68959,
    "index": 4
  },
  {
    "name": "Require(2) node_modules/egg-security/config/config.default.js",
    "start": 1565847509417,
    "end": 1565847509417,
    "duration": 0,
    "pid": 68959,
    "index": 5
  },
  {
    "name": "Require(3) node_modules/egg-jsonp/config/config.default.js",
    "start": 1565847509418,
    "end": 1565847509418,
    "duration": 0,
    "pid": 68959,
    "index": 6
  },
  {
    "name": "Require(4) node_modules/egg-onerror/config/config.default.js",
    "start": 1565847509418,
    "end": 1565847509418,
    "duration": 0,
    "pid": 68959,
    "index": 7
  },
  {
    "name": "Require(5) node_modules/egg-i18n/config/config.default.js",
    "start": 1565847509419,
    "end": 1565847509419,
    "duration": 0,
    "pid": 68959,
    "index": 8
  },
  {
    "name": "Require(6) node_modules/egg-watcher/config/config.default.js",
    "start": 1565847509419,
    "end": 1565847509419,
    "duration": 0,
    "pid": 68959,
    "index": 9
  },
  {
    "name": "Require(7) node_modules/egg-schedule/config/config.default.js",
    "start": 1565847509419,
    "end": 1565847509420,
    "duration": 1,
    "pid": 68959,
    "index": 10
  },
  {
    "name": "Require(8) node_modules/egg-multipart/config/config.default.js",
    "start": 1565847509420,
    "end": 1565847509420,
    "duration": 0,
    "pid": 68959,
    "index": 11
  },
  {
    "name": "Require(9) node_modules/egg-development/config/config.default.js",
    "start": 1565847509421,
    "end": 1565847509421,
    "duration": 0,
    "pid": 68959,
    "index": 12
  },
  {
    "name": "Require(10) node_modules/egg-logrotator/config/config.default.js",
    "start": 1565847509421,
    "end": 1565847509421,
    "duration": 0,
    "pid": 68959,
    "index": 13
  },
  {
    "name": "Require(11) node_modules/egg-static/config/config.default.js",
    "start": 1565847509421,
    "end": 1565847509421,
    "duration": 0,
    "pid": 68959,
    "index": 14
  },
  {
    "name": "Require(12) node_modules/egg-view/config/config.default.js",
    "start": 1565847509422,
    "end": 1565847509422,
    "duration": 0,
    "pid": 68959,
    "index": 15
  },
  {
    "name": "Require(13) node_modules/egg-view-nunjucks/config/config.default.js",
    "start": 1565847509422,
    "end": 1565847509422,
    "duration": 0,
    "pid": 68959,
    "index": 16
  },
  {
    "name": "Require(14) node_modules/egg-redis/config/config.default.js",
    "start": 1565847509422,
    "end": 1565847509423,
    "duration": 1,
    "pid": 68959,
    "index": 17
  },
  {
    "name": "Require(15) node_modules/egg-mongoose/config/config.default.js",
    "start": 1565847509423,
    "end": 1565847509423,
    "duration": 0,
    "pid": 68959,
    "index": 18
  },
  {
    "name": "Require(16) node_modules/egg/config/config.default.js",
    "start": 1565847509423,
    "end": 1565847509424,
    "duration": 1,
    "pid": 68959,
    "index": 19
  },
  {
    "name": "Require(17) config/config.default.js",
    "start": 1565847509425,
    "end": 1565847509425,
    "duration": 0,
    "pid": 68959,
    "index": 20
  },
  {
    "name": "Require(18) node_modules/egg-security/config/config.local.js",
    "start": 1565847509425,
    "end": 1565847509425,
    "duration": 0,
    "pid": 68959,
    "index": 21
  },
  {
    "name": "Require(19) node_modules/egg-watcher/config/config.local.js",
    "start": 1565847509426,
    "end": 1565847509426,
    "duration": 0,
    "pid": 68959,
    "index": 22
  },
  {
    "name": "Require(20) node_modules/egg-view/config/config.local.js",
    "start": 1565847509430,
    "end": 1565847509431,
    "duration": 1,
    "pid": 68959,
    "index": 23
  },
  {
    "name": "Require(21) node_modules/egg-view-nunjucks/config/config.local.js",
    "start": 1565847509432,
    "end": 1565847509432,
    "duration": 0,
    "pid": 68959,
    "index": 24
  },
  {
    "name": "Require(22) node_modules/egg/config/config.local.js",
    "start": 1565847509432,
    "end": 1565847509432,
    "duration": 0,
    "pid": 68959,
    "index": 25
  },
  {
    "name": "Load extend/application.js",
    "start": 1565847509433,
    "end": 1565847509450,
    "duration": 17,
    "pid": 68959,
    "index": 26
  },
  {
    "name": "Require(23) node_modules/egg-session/app/extend/application.js",
    "start": 1565847509433,
    "end": 1565847509433,
    "duration": 0,
    "pid": 68959,
    "index": 27
  },
  {
    "name": "Require(24) node_modules/egg-security/app/extend/application.js",
    "start": 1565847509433,
    "end": 1565847509434,
    "duration": 1,
    "pid": 68959,
    "index": 28
  },
  {
    "name": "Require(25) node_modules/egg-jsonp/app/extend/application.js",
    "start": 1565847509434,
    "end": 1565847509434,
    "duration": 0,
    "pid": 68959,
    "index": 29
  },
  {
    "name": "Require(26) node_modules/egg-logrotator/app/extend/application.js",
    "start": 1565847509435,
    "end": 1565847509436,
    "duration": 1,
    "pid": 68959,
    "index": 30
  },
  {
    "name": "Require(27) node_modules/egg-view/app/extend/application.js",
    "start": 1565847509436,
    "end": 1565847509437,
    "duration": 1,
    "pid": 68959,
    "index": 31
  },
  {
    "name": "Require(28) node_modules/egg-view-nunjucks/app/extend/application.js",
    "start": 1565847509437,
    "end": 1565847509449,
    "duration": 12,
    "pid": 68959,
    "index": 32
  },
  {
    "name": "Load extend/request.js",
    "start": 1565847509450,
    "end": 1565847509452,
    "duration": 2,
    "pid": 68959,
    "index": 33
  },
  {
    "name": "Require(29) node_modules/egg/app/extend/request.js",
    "start": 1565847509451,
    "end": 1565847509451,
    "duration": 0,
    "pid": 68959,
    "index": 34
  },
  {
    "name": "Load extend/response.js",
    "start": 1565847509452,
    "end": 1565847509454,
    "duration": 2,
    "pid": 68959,
    "index": 35
  },
  {
    "name": "Require(30) node_modules/egg/app/extend/response.js",
    "start": 1565847509453,
    "end": 1565847509453,
    "duration": 0,
    "pid": 68959,
    "index": 36
  },
  {
    "name": "Load extend/context.js",
    "start": 1565847509454,
    "end": 1565847509482,
    "duration": 28,
    "pid": 68959,
    "index": 37
  },
  {
    "name": "Require(31) node_modules/egg-security/app/extend/context.js",
    "start": 1565847509454,
    "end": 1565847509458,
    "duration": 4,
    "pid": 68959,
    "index": 38
  },
  {
    "name": "Require(32) node_modules/egg-jsonp/app/extend/context.js",
    "start": 1565847509458,
    "end": 1565847509459,
    "duration": 1,
    "pid": 68959,
    "index": 39
  },
  {
    "name": "Require(33) node_modules/egg-i18n/app/extend/context.js",
    "start": 1565847509459,
    "end": 1565847509459,
    "duration": 0,
    "pid": 68959,
    "index": 40
  },
  {
    "name": "Require(34) node_modules/egg-multipart/app/extend/context.js",
    "start": 1565847509459,
    "end": 1565847509479,
    "duration": 20,
    "pid": 68959,
    "index": 41
  },
  {
    "name": "Require(35) node_modules/egg-view/app/extend/context.js",
    "start": 1565847509479,
    "end": 1565847509480,
    "duration": 1,
    "pid": 68959,
    "index": 42
  },
  {
    "name": "Require(36) node_modules/egg-mongoose/app/extend/context.js",
    "start": 1565847509480,
    "end": 1565847509480,
    "duration": 0,
    "pid": 68959,
    "index": 43
  },
  {
    "name": "Require(37) node_modules/egg/app/extend/context.js",
    "start": 1565847509480,
    "end": 1565847509481,
    "duration": 1,
    "pid": 68959,
    "index": 44
  },
  {
    "name": "Load extend/helper.js",
    "start": 1565847509482,
    "end": 1565847509491,
    "duration": 9,
    "pid": 68959,
    "index": 45
  },
  {
    "name": "Require(38) node_modules/egg-security/app/extend/helper.js",
    "start": 1565847509482,
    "end": 1565847509489,
    "duration": 7,
    "pid": 68959,
    "index": 46
  },
  {
    "name": "Require(39) node_modules/egg/app/extend/helper.js",
    "start": 1565847509490,
    "end": 1565847509490,
    "duration": 0,
    "pid": 68959,
    "index": 47
  },
  {
    "name": "Load app.js",
    "start": 1565847509491,
    "end": 1565847509507,
    "duration": 16,
    "pid": 68959,
    "index": 48
  },
  {
    "name": "Require(40) node_modules/egg-session/app.js",
    "start": 1565847509491,
    "end": 1565847509491,
    "duration": 0,
    "pid": 68959,
    "index": 49
  },
  {
    "name": "Require(41) node_modules/egg-security/app.js",
    "start": 1565847509491,
    "end": 1565847509492,
    "duration": 1,
    "pid": 68959,
    "index": 50
  },
  {
    "name": "Require(42) node_modules/egg-onerror/app.js",
    "start": 1565847509492,
    "end": 1565847509496,
    "duration": 4,
    "pid": 68959,
    "index": 51
  },
  {
    "name": "Require(43) node_modules/egg-i18n/app.js",
    "start": 1565847509496,
    "end": 1565847509502,
    "duration": 6,
    "pid": 68959,
    "index": 52
  },
  {
    "name": "Require(44) node_modules/egg-watcher/app.js",
    "start": 1565847509502,
    "end": 1565847509503,
    "duration": 1,
    "pid": 68959,
    "index": 53
  },
  {
    "name": "Require(45) node_modules/egg-schedule/app.js",
    "start": 1565847509503,
    "end": 1565847509504,
    "duration": 1,
    "pid": 68959,
    "index": 54
  },
  {
    "name": "Require(46) node_modules/egg-multipart/app.js",
    "start": 1565847509504,
    "end": 1565847509505,
    "duration": 1,
    "pid": 68959,
    "index": 55
  },
  {
    "name": "Require(47) node_modules/egg-development/app.js",
    "start": 1565847509505,
    "end": 1565847509505,
    "duration": 0,
    "pid": 68959,
    "index": 56
  },
  {
    "name": "Require(48) node_modules/egg-logrotator/app.js",
    "start": 1565847509505,
    "end": 1565847509505,
    "duration": 0,
    "pid": 68959,
    "index": 57
  },
  {
    "name": "Require(49) node_modules/egg-static/app.js",
    "start": 1565847509505,
    "end": 1565847509506,
    "duration": 1,
    "pid": 68959,
    "index": 58
  },
  {
    "name": "Require(50) node_modules/egg-view-nunjucks/app.js",
    "start": 1565847509506,
    "end": 1565847509506,
    "duration": 0,
    "pid": 68959,
    "index": 59
  },
  {
    "name": "Require(51) node_modules/egg-redis/app.js",
    "start": 1565847509506,
    "end": 1565847509506,
    "duration": 0,
    "pid": 68959,
    "index": 60
  },
  {
    "name": "Require(52) node_modules/egg-mongoose/app.js",
    "start": 1565847509506,
    "end": 1565847509506,
    "duration": 0,
    "pid": 68959,
    "index": 61
  },
  {
    "name": "Require(53) app.js",
    "start": 1565847509507,
    "end": 1565847509507,
    "duration": 0,
    "pid": 68959,
    "index": 62
  },
  {
    "name": "Before Start in node_modules/egg-watcher/lib/init.js:15:14",
    "start": 1565847509514,
    "end": 1565847509788,
    "duration": 274,
    "pid": 68959,
    "index": 63
  },
  {
    "name": "Before Start in node_modules/egg-redis/lib/redis.js:53:7",
    "start": 1565847509558,
    "end": 1565847509786,
    "duration": 228,
    "pid": 68959,
    "index": 64
  },
  {
    "name": "Before Start in node_modules/egg-mongoose/lib/mongoose.js:91:7",
    "start": 1565847509715,
    "end": 1565847509783,
    "duration": 68,
    "pid": 68959,
    "index": 65
  },
  {
    "name": "Before Start in node_modules/egg-mongoose/lib/mongoose.js:49:9",
    "start": 1565847509715,
    "end": 1565847509770,
    "duration": 55,
    "pid": 68959,
    "index": 66
  },
  {
    "name": "Load Service",
    "start": 1565847509715,
    "end": 1565847509718,
    "duration": 3,
    "pid": 68959,
    "index": 67
  },
  {
    "name": "Load \"service\" to Context",
    "start": 1565847509715,
    "end": 1565847509718,
    "duration": 3,
    "pid": 68959,
    "index": 68
  },
  {
    "name": "Load Middleware",
    "start": 1565847509718,
    "end": 1565847509751,
    "duration": 33,
    "pid": 68959,
    "index": 69
  },
  {
    "name": "Load \"middlewares\" to Application",
    "start": 1565847509718,
    "end": 1565847509746,
    "duration": 28,
    "pid": 68959,
    "index": 70
  },
  {
    "name": "Load Controller",
    "start": 1565847509751,
    "end": 1565847509753,
    "duration": 2,
    "pid": 68959,
    "index": 71
  },
  {
    "name": "Load \"controller\" to Application",
    "start": 1565847509751,
    "end": 1565847509753,
    "duration": 2,
    "pid": 68959,
    "index": 72
  },
  {
    "name": "Load Router",
    "start": 1565847509753,
    "end": 1565847509755,
    "duration": 2,
    "pid": 68959,
    "index": 73
  },
  {
    "name": "Require(54) app/router.js",
    "start": 1565847509753,
    "end": 1565847509753,
    "duration": 0,
    "pid": 68959,
    "index": 74
  },
  {
    "name": "Before Start in node_modules/egg-core/lib/egg.js:303:10",
    "start": 1565847509753,
    "end": 1565847509770,
    "duration": 17,
    "pid": 68959,
    "index": 75
  },
  {
    "name": "Load \"model\" to Application",
    "start": 1565847509762,
    "end": 1565847509769,
    "duration": 7,
    "pid": 68959,
    "index": 76
  }
]