[
  {
    "name": "Application Start",
    "start": 1565847403348,
    "end": 1565847403730,
    "duration": 382,
    "pid": 68918,
    "index": 0
  },
  {
    "name": "Load Plugin",
    "start": 1565847403351,
    "end": 1565847403360,
    "duration": 9,
    "pid": 68918,
    "index": 1
  },
  {
    "name": "Load Config",
    "start": 1565847403360,
    "end": 1565847403377,
    "duration": 17,
    "pid": 68918,
    "index": 2
  },
  {
    "name": "Require(0) config/config.default.js",
    "start": 1565847403361,
    "end": 1565847403361,
    "duration": 0,
    "pid": 68918,
    "index": 3
  },
  {
    "name": "Require(1) node_modules/egg-session/config/config.default.js",
    "start": 1565847403362,
    "end": 1565847403362,
    "duration": 0,
    "pid": 68918,
    "index": 4
  },
  {
    "name": "Require(2) node_modules/egg-security/config/config.default.js",
    "start": 1565847403362,
    "end": 1565847403363,
    "duration": 1,
    "pid": 68918,
    "index": 5
  },
  {
    "name": "Require(3) node_modules/egg-jsonp/config/config.default.js",
    "start": 1565847403363,
    "end": 1565847403364,
    "duration": 1,
    "pid": 68918,
    "index": 6
  },
  {
    "name": "Require(4) node_modules/egg-onerror/config/config.default.js",
    "start": 1565847403364,
    "end": 1565847403364,
    "duration": 0,
    "pid": 68918,
    "index": 7
  },
  {
    "name": "Require(5) node_modules/egg-i18n/config/config.default.js",
    "start": 1565847403364,
    "end": 1565847403364,
    "duration": 0,
    "pid": 68918,
    "index": 8
  },
  {
    "name": "Require(6) node_modules/egg-watcher/config/config.default.js",
    "start": 1565847403364,
    "end": 1565847403365,
    "duration": 1,
    "pid": 68918,
    "index": 9
  },
  {
    "name": "Require(7) node_modules/egg-schedule/config/config.default.js",
    "start": 1565847403365,
    "end": 1565847403365,
    "duration": 0,
    "pid": 68918,
    "index": 10
  },
  {
    "name": "Require(8) node_modules/egg-multipart/config/config.default.js",
    "start": 1565847403365,
    "end": 1565847403366,
    "duration": 1,
    "pid": 68918,
    "index": 11
  },
  {
    "name": "Require(9) node_modules/egg-development/config/config.default.js",
    "start": 1565847403366,
    "end": 1565847403366,
    "duration": 0,
    "pid": 68918,
    "index": 12
  },
  {
    "name": "Require(10) node_modules/egg-logrotator/config/config.default.js",
    "start": 1565847403367,
    "end": 1565847403367,
    "duration": 0,
    "pid": 68918,
    "index": 13
  },
  {
    "name": "Require(11) node_modules/egg-static/config/config.default.js",
    "start": 1565847403367,
    "end": 1565847403367,
    "duration": 0,
    "pid": 68918,
    "index": 14
  },
  {
    "name": "Require(12) node_modules/egg-view/config/config.default.js",
    "start": 1565847403367,
    "end": 1565847403368,
    "duration": 1,
    "pid": 68918,
    "index": 15
  },
  {
    "name": "Require(13) node_modules/egg-view-nunjucks/config/config.default.js",
    "start": 1565847403368,
    "end": 1565847403368,
    "duration": 0,
    "pid": 68918,
    "index": 16
  },
  {
    "name": "Require(14) node_modules/egg-redis/config/config.default.js",
    "start": 1565847403368,
    "end": 1565847403368,
    "duration": 0,
    "pid": 68918,
    "index": 17
  },
  {
    "name": "Require(15) node_modules/egg-mongoose/config/config.default.js",
    "start": 1565847403369,
    "end": 1565847403369,
    "duration": 0,
    "pid": 68918,
    "index": 18
  },
  {
    "name": "Require(16) node_modules/egg/config/config.default.js",
    "start": 1565847403369,
    "end": 1565847403369,
    "duration": 0,
    "pid": 68918,
    "index": 19
  },
  {
    "name": "Require(17) config/config.default.js",
    "start": 1565847403371,
    "end": 1565847403371,
    "duration": 0,
    "pid": 68918,
    "index": 20
  },
  {
    "name": "Require(18) node_modules/egg-security/config/config.local.js",
    "start": 1565847403375,
    "end": 1565847403376,
    "duration": 1,
    "pid": 68918,
    "index": 21
  },
  {
    "name": "Require(19) node_modules/egg-watcher/config/config.local.js",
    "start": 1565847403376,
    "end": 1565847403376,
    "duration": 0,
    "pid": 68918,
    "index": 22
  },
  {
    "name": "Require(20) node_modules/egg-view/config/config.local.js",
    "start": 1565847403376,
    "end": 1565847403376,
    "duration": 0,
    "pid": 68918,
    "index": 23
  },
  {
    "name": "Require(21) node_modules/egg-view-nunjucks/config/config.local.js",
    "start": 1565847403377,
    "end": 1565847403377,
    "duration": 0,
    "pid": 68918,
    "index": 24
  },
  {
    "name": "Require(22) node_modules/egg/config/config.local.js",
    "start": 1565847403377,
    "end": 1565847403377,
    "duration": 0,
    "pid": 68918,
    "index": 25
  },
  {
    "name": "Load extend/application.js",
    "start": 1565847403378,
    "end": 1565847403394,
    "duration": 16,
    "pid": 68918,
    "index": 26
  },
  {
    "name": "Require(23) node_modules/egg-session/app/extend/application.js",
    "start": 1565847403378,
    "end": 1565847403378,
    "duration": 0,
    "pid": 68918,
    "index": 27
  },
  {
    "name": "Require(24) node_modules/egg-security/app/extend/application.js",
    "start": 1565847403378,
    "end": 1565847403379,
    "duration": 1,
    "pid": 68918,
    "index": 28
  },
  {
    "name": "Require(25) node_modules/egg-jsonp/app/extend/application.js",
    "start": 1565847403379,
    "end": 1565847403379,
    "duration": 0,
    "pid": 68918,
    "index": 29
  },
  {
    "name": "Require(26) node_modules/egg-logrotator/app/extend/application.js",
    "start": 1565847403380,
    "end": 1565847403381,
    "duration": 1,
    "pid": 68918,
    "index": 30
  },
  {
    "name": "Require(27) node_modules/egg-view/app/extend/application.js",
    "start": 1565847403381,
    "end": 1565847403382,
    "duration": 1,
    "pid": 68918,
    "index": 31
  },
  {
    "name": "Require(28) node_modules/egg-view-nunjucks/app/extend/application.js",
    "start": 1565847403382,
    "end": 1565847403393,
    "duration": 11,
    "pid": 68918,
    "index": 32
  },
  {
    "name": "Load extend/request.js",
    "start": 1565847403394,
    "end": 1565847403397,
    "duration": 3,
    "pid": 68918,
    "index": 33
  },
  {
    "name": "Require(29) node_modules/egg/app/extend/request.js",
    "start": 1565847403395,
    "end": 1565847403396,
    "duration": 1,
    "pid": 68918,
    "index": 34
  },
  {
    "name": "Load extend/response.js",
    "start": 1565847403397,
    "end": 1565847403399,
    "duration": 2,
    "pid": 68918,
    "index": 35
  },
  {
    "name": "Require(30) node_modules/egg/app/extend/response.js",
    "start": 1565847403397,
    "end": 1565847403398,
    "duration": 1,
    "pid": 68918,
    "index": 36
  },
  {
    "name": "Load extend/context.js",
    "start": 1565847403399,
    "end": 1565847403425,
    "duration": 26,
    "pid": 68918,
    "index": 37
  },
  {
    "name": "Require(31) node_modules/egg-security/app/extend/context.js",
    "start": 1565847403399,
    "end": 1565847403402,
    "duration": 3,
    "pid": 68918,
    "index": 38
  },
  {
    "name": "Require(32) node_modules/egg-jsonp/app/extend/context.js",
    "start": 1565847403402,
    "end": 1565847403403,
    "duration": 1,
    "pid": 68918,
    "index": 39
  },
  {
    "name": "Require(33) node_modules/egg-i18n/app/extend/context.js",
    "start": 1565847403403,
    "end": 1565847403403,
    "duration": 0,
    "pid": 68918,
    "index": 40
  },
  {
    "name": "Require(34) node_modules/egg-multipart/app/extend/context.js",
    "start": 1565847403403,
    "end": 1565847403422,
    "duration": 19,
    "pid": 68918,
    "index": 41
  },
  {
    "name": "Require(35) node_modules/egg-view/app/extend/context.js",
    "start": 1565847403422,
    "end": 1565847403423,
    "duration": 1,
    "pid": 68918,
    "index": 42
  },
  {
    "name": "Require(36) node_modules/egg-mongoose/app/extend/context.js",
    "start": 1565847403423,
    "end": 1565847403423,
    "duration": 0,
    "pid": 68918,
    "index": 43
  },
  {
    "name": "Require(37) node_modules/egg/app/extend/context.js",
    "start": 1565847403423,
    "end": 1565847403424,
    "duration": 1,
    "pid": 68918,
    "index": 44
  },
  {
    "name": "Load extend/helper.js",
    "start": 1565847403425,
    "end": 1565847403434,
    "duration": 9,
    "pid": 68918,
    "index": 45
  },
  {
    "name": "Require(38) node_modules/egg-security/app/extend/helper.js",
    "start": 1565847403425,
    "end": 1565847403433,
    "duration": 8,
    "pid": 68918,
    "index": 46
  },
  {
    "name": "Require(39) node_modules/egg/app/extend/helper.js",
    "start": 1565847403433,
    "end": 1565847403434,
    "duration": 1,
    "pid": 68918,
    "index": 47
  },
  {
    "name": "Load app.js",
    "start": 1565847403435,
    "end": 1565847403449,
    "duration": 14,
    "pid": 68918,
    "index": 48
  },
  {
    "name": "Require(40) node_modules/egg-session/app.js",
    "start": 1565847403435,
    "end": 1565847403435,
    "duration": 0,
    "pid": 68918,
    "index": 49
  },
  {
    "name": "Require(41) node_modules/egg-security/app.js",
    "start": 1565847403435,
    "end": 1565847403435,
    "duration": 0,
    "pid": 68918,
    "index": 50
  },
  {
    "name": "Require(42) node_modules/egg-onerror/app.js",
    "start": 1565847403436,
    "end": 1565847403439,
    "duration": 3,
    "pid": 68918,
    "index": 51
  },
  {
    "name": "Require(43) node_modules/egg-i18n/app.js",
    "start": 1565847403439,
    "end": 1565847403444,
    "duration": 5,
    "pid": 68918,
    "index": 52
  },
  {
    "name": "Require(44) node_modules/egg-watcher/app.js",
    "start": 1565847403444,
    "end": 1565847403445,
    "duration": 1,
    "pid": 68918,
    "index": 53
  },
  {
    "name": "Require(45) node_modules/egg-schedule/app.js",
    "start": 1565847403446,
    "end": 1565847403446,
    "duration": 0,
    "pid": 68918,
    "index": 54
  },
  {
    "name": "Require(46) node_modules/egg-multipart/app.js",
    "start": 1565847403446,
    "end": 1565847403447,
    "duration": 1,
    "pid": 68918,
    "index": 55
  },
  {
    "name": "Require(47) node_modules/egg-development/app.js",
    "start": 1565847403447,
    "end": 1565847403447,
    "duration": 0,
    "pid": 68918,
    "index": 56
  },
  {
    "name": "Require(48) node_modules/egg-logrotator/app.js",
    "start": 1565847403447,
    "end": 1565847403447,
    "duration": 0,
    "pid": 68918,
    "index": 57
  },
  {
    "name": "Require(49) node_modules/egg-static/app.js",
    "start": 1565847403447,
    "end": 1565847403448,
    "duration": 1,
    "pid": 68918,
    "index": 58
  },
  {
    "name": "Require(50) node_modules/egg-view-nunjucks/app.js",
    "start": 1565847403448,
    "end": 1565847403448,
    "duration": 0,
    "pid": 68918,
    "index": 59
  },
  {
    "name": "Require(51) node_modules/egg-redis/app.js",
    "start": 1565847403448,
    "end": 1565847403449,
    "duration": 1,
    "pid": 68918,
    "index": 60
  },
  {
    "name": "Require(52) node_modules/egg-mongoose/app.js",
    "start": 1565847403449,
    "end": 1565847403449,
    "duration": 0,
    "pid": 68918,
    "index": 61
  },
  {
    "name": "Require(53) app.js",
    "start": 1565847403449,
    "end": 1565847403449,
    "duration": 0,
    "pid": 68918,
    "index": 62
  },
  {
    "name": "Before Start in node_modules/egg-watcher/lib/init.js:15:14",
    "start": 1565847403456,
    "end": 1565847403730,
    "duration": 274,
    "pid": 68918,
    "index": 63
  },
  {
    "name": "Before Start in node_modules/egg-redis/lib/redis.js:53:7",
    "start": 1565847403499,
    "end": 1565847403728,
    "duration": 229,
    "pid": 68918,
    "index": 64
  },
  {
    "name": "Before Start in node_modules/egg-mongoose/lib/mongoose.js:91:7",
    "start": 1565847403658,
    "end": 1565847403725,
    "duration": 67,
    "pid": 68918,
    "index": 65
  },
  {
    "name": "Before Start in node_modules/egg-mongoose/lib/mongoose.js:49:9",
    "start": 1565847403658,
    "end": 1565847403712,
    "duration": 54,
    "pid": 68918,
    "index": 66
  },
  {
    "name": "Load Service",
    "start": 1565847403659,
    "end": 1565847403662,
    "duration": 3,
    "pid": 68918,
    "index": 67
  },
  {
    "name": "Load \"service\" to Context",
    "start": 1565847403659,
    "end": 1565847403662,
    "duration": 3,
    "pid": 68918,
    "index": 68
  },
  {
    "name": "Load Middleware",
    "start": 1565847403662,
    "end": 1565847403693,
    "duration": 31,
    "pid": 68918,
    "index": 69
  },
  {
    "name": "Load \"middlewares\" to Application",
    "start": 1565847403662,
    "end": 1565847403688,
    "duration": 26,
    "pid": 68918,
    "index": 70
  },
  {
    "name": "Load Controller",
    "start": 1565847403693,
    "end": 1565847403695,
    "duration": 2,
    "pid": 68918,
    "index": 71
  },
  {
    "name": "Load \"controller\" to Application",
    "start": 1565847403693,
    "end": 1565847403695,
    "duration": 2,
    "pid": 68918,
    "index": 72
  },
  {
    "name": "Load Router",
    "start": 1565847403695,
    "end": 1565847403696,
    "duration": 1,
    "pid": 68918,
    "index": 73
  },
  {
    "name": "Require(54) app/router.js",
    "start": 1565847403695,
    "end": 1565847403695,
    "duration": 0,
    "pid": 68918,
    "index": 74
  },
  {
    "name": "Before Start in node_modules/egg-core/lib/egg.js:303:10",
    "start": 1565847403695,
    "end": 1565847403712,
    "duration": 17,
    "pid": 68918,
    "index": 75
  },
  {
    "name": "Load \"model\" to Application",
    "start": 1565847403703,
    "end": 1565847403711,
    "duration": 8,
    "pid": 68918,
    "index": 76
  }
]