[
  {
    "name": "Application Start",
    "start": 1565861771694,
    "end": 1565861772464,
    "duration": 770,
    "pid": 71787,
    "index": 0
  },
  {
    "name": "Load Plugin",
    "start": 1565861771698,
    "end": 1565861771714,
    "duration": 16,
    "pid": 71787,
    "index": 1
  },
  {
    "name": "Load Config",
    "start": 1565861771714,
    "end": 1565861771756,
    "duration": 42,
    "pid": 71787,
    "index": 2
  },
  {
    "name": "Require(0) config/config.default.js",
    "start": 1565861771714,
    "end": 1565861771715,
    "duration": 1,
    "pid": 71787,
    "index": 3
  },
  {
    "name": "Require(1) node_modules/egg-session/config/config.default.js",
    "start": 1565861771717,
    "end": 1565861771718,
    "duration": 1,
    "pid": 71787,
    "index": 4
  },
  {
    "name": "Require(2) node_modules/egg-security/config/config.default.js",
    "start": 1565861771718,
    "end": 1565861771719,
    "duration": 1,
    "pid": 71787,
    "index": 5
  },
  {
    "name": "Require(3) node_modules/egg-jsonp/config/config.default.js",
    "start": 1565861771720,
    "end": 1565861771721,
    "duration": 1,
    "pid": 71787,
    "index": 6
  },
  {
    "name": "Require(4) node_modules/egg-onerror/config/config.default.js",
    "start": 1565861771721,
    "end": 1565861771722,
    "duration": 1,
    "pid": 71787,
    "index": 7
  },
  {
    "name": "Require(5) node_modules/egg-i18n/config/config.default.js",
    "start": 1565861771722,
    "end": 1565861771723,
    "duration": 1,
    "pid": 71787,
    "index": 8
  },
  {
    "name": "Require(6) node_modules/egg-watcher/config/config.default.js",
    "start": 1565861771723,
    "end": 1565861771724,
    "duration": 1,
    "pid": 71787,
    "index": 9
  },
  {
    "name": "Require(7) node_modules/egg-schedule/config/config.default.js",
    "start": 1565861771724,
    "end": 1565861771725,
    "duration": 1,
    "pid": 71787,
    "index": 10
  },
  {
    "name": "Require(8) node_modules/egg-multipart/config/config.default.js",
    "start": 1565861771725,
    "end": 1565861771726,
    "duration": 1,
    "pid": 71787,
    "index": 11
  },
  {
    "name": "Require(9) node_modules/egg-development/config/config.default.js",
    "start": 1565861771726,
    "end": 1565861771727,
    "duration": 1,
    "pid": 71787,
    "index": 12
  },
  {
    "name": "Require(10) node_modules/egg-logrotator/config/config.default.js",
    "start": 1565861771727,
    "end": 1565861771728,
    "duration": 1,
    "pid": 71787,
    "index": 13
  },
  {
    "name": "Require(11) node_modules/egg-static/config/config.default.js",
    "start": 1565861771729,
    "end": 1565861771729,
    "duration": 0,
    "pid": 71787,
    "index": 14
  },
  {
    "name": "Require(12) node_modules/egg-view/config/config.default.js",
    "start": 1565861771730,
    "end": 1565861771743,
    "duration": 13,
    "pid": 71787,
    "index": 15
  },
  {
    "name": "Require(13) node_modules/egg-view-nunjucks/config/config.default.js",
    "start": 1565861771744,
    "end": 1565861771744,
    "duration": 0,
    "pid": 71787,
    "index": 16
  },
  {
    "name": "Require(14) node_modules/egg-redis/config/config.default.js",
    "start": 1565861771745,
    "end": 1565861771745,
    "duration": 0,
    "pid": 71787,
    "index": 17
  },
  {
    "name": "Require(15) node_modules/egg-mongoose/config/config.default.js",
    "start": 1565861771746,
    "end": 1565861771746,
    "duration": 0,
    "pid": 71787,
    "index": 18
  },
  {
    "name": "Require(16) node_modules/egg/config/config.default.js",
    "start": 1565861771746,
    "end": 1565861771747,
    "duration": 1,
    "pid": 71787,
    "index": 19
  },
  {
    "name": "Require(17) config/config.default.js",
    "start": 1565861771749,
    "end": 1565861771749,
    "duration": 0,
    "pid": 71787,
    "index": 20
  },
  {
    "name": "Require(18) node_modules/egg-security/config/config.local.js",
    "start": 1565861771749,
    "end": 1565861771750,
    "duration": 1,
    "pid": 71787,
    "index": 21
  },
  {
    "name": "Require(19) node_modules/egg-watcher/config/config.local.js",
    "start": 1565861771751,
    "end": 1565861771752,
    "duration": 1,
    "pid": 71787,
    "index": 22
  },
  {
    "name": "Require(20) node_modules/egg-view/config/config.local.js",
    "start": 1565861771752,
    "end": 1565861771753,
    "duration": 1,
    "pid": 71787,
    "index": 23
  },
  {
    "name": "Require(21) node_modules/egg-view-nunjucks/config/config.local.js",
    "start": 1565861771754,
    "end": 1565861771754,
    "duration": 0,
    "pid": 71787,
    "index": 24
  },
  {
    "name": "Require(22) node_modules/egg/config/config.local.js",
    "start": 1565861771755,
    "end": 1565861771756,
    "duration": 1,
    "pid": 71787,
    "index": 25
  },
  {
    "name": "Load extend/application.js",
    "start": 1565861771762,
    "end": 1565861771813,
    "duration": 51,
    "pid": 71787,
    "index": 26
  },
  {
    "name": "Require(23) node_modules/egg-session/app/extend/application.js",
    "start": 1565861771764,
    "end": 1565861771765,
    "duration": 1,
    "pid": 71787,
    "index": 27
  },
  {
    "name": "Require(24) node_modules/egg-security/app/extend/application.js",
    "start": 1565861771765,
    "end": 1565861771767,
    "duration": 2,
    "pid": 71787,
    "index": 28
  },
  {
    "name": "Require(25) node_modules/egg-jsonp/app/extend/application.js",
    "start": 1565861771767,
    "end": 1565861771769,
    "duration": 2,
    "pid": 71787,
    "index": 29
  },
  {
    "name": "Require(26) node_modules/egg-logrotator/app/extend/application.js",
    "start": 1565861771770,
    "end": 1565861771772,
    "duration": 2,
    "pid": 71787,
    "index": 30
  },
  {
    "name": "Require(27) node_modules/egg-view/app/extend/application.js",
    "start": 1565861771773,
    "end": 1565861771774,
    "duration": 1,
    "pid": 71787,
    "index": 31
  },
  {
    "name": "Require(28) node_modules/egg-view-nunjucks/app/extend/application.js",
    "start": 1565861771774,
    "end": 1565861771812,
    "duration": 38,
    "pid": 71787,
    "index": 32
  },
  {
    "name": "Load extend/request.js",
    "start": 1565861771813,
    "end": 1565861771815,
    "duration": 2,
    "pid": 71787,
    "index": 33
  },
  {
    "name": "Require(29) node_modules/egg/app/extend/request.js",
    "start": 1565861771813,
    "end": 1565861771814,
    "duration": 1,
    "pid": 71787,
    "index": 34
  },
  {
    "name": "Load extend/response.js",
    "start": 1565861771815,
    "end": 1565861771818,
    "duration": 3,
    "pid": 71787,
    "index": 35
  },
  {
    "name": "Require(30) node_modules/egg/app/extend/response.js",
    "start": 1565861771816,
    "end": 1565861771817,
    "duration": 1,
    "pid": 71787,
    "index": 36
  },
  {
    "name": "Load extend/context.js",
    "start": 1565861771818,
    "end": 1565861771878,
    "duration": 60,
    "pid": 71787,
    "index": 37
  },
  {
    "name": "Require(31) node_modules/egg-security/app/extend/context.js",
    "start": 1565861771818,
    "end": 1565861771832,
    "duration": 14,
    "pid": 71787,
    "index": 38
  },
  {
    "name": "Require(32) node_modules/egg-jsonp/app/extend/context.js",
    "start": 1565861771832,
    "end": 1565861771834,
    "duration": 2,
    "pid": 71787,
    "index": 39
  },
  {
    "name": "Require(33) node_modules/egg-i18n/app/extend/context.js",
    "start": 1565861771834,
    "end": 1565861771835,
    "duration": 1,
    "pid": 71787,
    "index": 40
  },
  {
    "name": "Require(34) node_modules/egg-multipart/app/extend/context.js",
    "start": 1565861771835,
    "end": 1565861771872,
    "duration": 37,
    "pid": 71787,
    "index": 41
  },
  {
    "name": "Require(35) node_modules/egg-view/app/extend/context.js",
    "start": 1565861771873,
    "end": 1565861771875,
    "duration": 2,
    "pid": 71787,
    "index": 42
  },
  {
    "name": "Require(36) node_modules/egg-mongoose/app/extend/context.js",
    "start": 1565861771875,
    "end": 1565861771876,
    "duration": 1,
    "pid": 71787,
    "index": 43
  },
  {
    "name": "Require(37) node_modules/egg/app/extend/context.js",
    "start": 1565861771876,
    "end": 1565861771877,
    "duration": 1,
    "pid": 71787,
    "index": 44
  },
  {
    "name": "Load extend/helper.js",
    "start": 1565861771878,
    "end": 1565861771895,
    "duration": 17,
    "pid": 71787,
    "index": 45
  },
  {
    "name": "Require(38) node_modules/egg-security/app/extend/helper.js",
    "start": 1565861771878,
    "end": 1565861771893,
    "duration": 15,
    "pid": 71787,
    "index": 46
  },
  {
    "name": "Require(39) node_modules/egg/app/extend/helper.js",
    "start": 1565861771893,
    "end": 1565861771894,
    "duration": 1,
    "pid": 71787,
    "index": 47
  },
  {
    "name": "Load app.js",
    "start": 1565861771895,
    "end": 1565861771932,
    "duration": 37,
    "pid": 71787,
    "index": 48
  },
  {
    "name": "Require(40) node_modules/egg-session/app.js",
    "start": 1565861771895,
    "end": 1565861771896,
    "duration": 1,
    "pid": 71787,
    "index": 49
  },
  {
    "name": "Require(41) node_modules/egg-security/app.js",
    "start": 1565861771896,
    "end": 1565861771897,
    "duration": 1,
    "pid": 71787,
    "index": 50
  },
  {
    "name": "Require(42) node_modules/egg-onerror/app.js",
    "start": 1565861771897,
    "end": 1565861771906,
    "duration": 9,
    "pid": 71787,
    "index": 51
  },
  {
    "name": "Require(43) node_modules/egg-i18n/app.js",
    "start": 1565861771906,
    "end": 1565861771920,
    "duration": 14,
    "pid": 71787,
    "index": 52
  },
  {
    "name": "Require(44) node_modules/egg-watcher/app.js",
    "start": 1565861771920,
    "end": 1565861771923,
    "duration": 3,
    "pid": 71787,
    "index": 53
  },
  {
    "name": "Require(45) node_modules/egg-schedule/app.js",
    "start": 1565861771923,
    "end": 1565861771924,
    "duration": 1,
    "pid": 71787,
    "index": 54
  },
  {
    "name": "Require(46) node_modules/egg-multipart/app.js",
    "start": 1565861771924,
    "end": 1565861771926,
    "duration": 2,
    "pid": 71787,
    "index": 55
  },
  {
    "name": "Require(47) node_modules/egg-development/app.js",
    "start": 1565861771926,
    "end": 1565861771927,
    "duration": 1,
    "pid": 71787,
    "index": 56
  },
  {
    "name": "Require(48) node_modules/egg-logrotator/app.js",
    "start": 1565861771927,
    "end": 1565861771927,
    "duration": 0,
    "pid": 71787,
    "index": 57
  },
  {
    "name": "Require(49) node_modules/egg-static/app.js",
    "start": 1565861771928,
    "end": 1565861771928,
    "duration": 0,
    "pid": 71787,
    "index": 58
  },
  {
    "name": "Require(50) node_modules/egg-view-nunjucks/app.js",
    "start": 1565861771928,
    "end": 1565861771929,
    "duration": 1,
    "pid": 71787,
    "index": 59
  },
  {
    "name": "Require(51) node_modules/egg-redis/app.js",
    "start": 1565861771929,
    "end": 1565861771930,
    "duration": 1,
    "pid": 71787,
    "index": 60
  },
  {
    "name": "Require(52) node_modules/egg-mongoose/app.js",
    "start": 1565861771930,
    "end": 1565861771930,
    "duration": 0,
    "pid": 71787,
    "index": 61
  },
  {
    "name": "Require(53) app.js",
    "start": 1565861771931,
    "end": 1565861771931,
    "duration": 0,
    "pid": 71787,
    "index": 62
  },
  {
    "name": "Before Start in node_modules/egg-watcher/lib/init.js:15:14",
    "start": 1565861771940,
    "end": 1565861772464,
    "duration": 524,
    "pid": 71787,
    "index": 63
  },
  {
    "name": "Before Start in node_modules/egg-redis/lib/redis.js:53:7",
    "start": 1565861772014,
    "end": 1565861772462,
    "duration": 448,
    "pid": 71787,
    "index": 64
  },
  {
    "name": "Before Start in node_modules/egg-mongoose/lib/mongoose.js:91:7",
    "start": 1565861772357,
    "end": 1565861772460,
    "duration": 103,
    "pid": 71787,
    "index": 65
  },
  {
    "name": "Before Start in node_modules/egg-mongoose/lib/mongoose.js:49:9",
    "start": 1565861772357,
    "end": 1565861772447,
    "duration": 90,
    "pid": 71787,
    "index": 66
  },
  {
    "name": "Load Service",
    "start": 1565861772357,
    "end": 1565861772360,
    "duration": 3,
    "pid": 71787,
    "index": 67
  },
  {
    "name": "Load \"service\" to Context",
    "start": 1565861772357,
    "end": 1565861772360,
    "duration": 3,
    "pid": 71787,
    "index": 68
  },
  {
    "name": "Load Middleware",
    "start": 1565861772360,
    "end": 1565861772426,
    "duration": 66,
    "pid": 71787,
    "index": 69
  },
  {
    "name": "Load \"middlewares\" to Application",
    "start": 1565861772360,
    "end": 1565861772417,
    "duration": 57,
    "pid": 71787,
    "index": 70
  },
  {
    "name": "Load Controller",
    "start": 1565861772426,
    "end": 1565861772428,
    "duration": 2,
    "pid": 71787,
    "index": 71
  },
  {
    "name": "Load \"controller\" to Application",
    "start": 1565861772426,
    "end": 1565861772428,
    "duration": 2,
    "pid": 71787,
    "index": 72
  },
  {
    "name": "Load Router",
    "start": 1565861772428,
    "end": 1565861772430,
    "duration": 2,
    "pid": 71787,
    "index": 73
  },
  {
    "name": "Require(54) app/router.js",
    "start": 1565861772428,
    "end": 1565861772428,
    "duration": 0,
    "pid": 71787,
    "index": 74
  },
  {
    "name": "Before Start in node_modules/egg-core/lib/egg.js:303:10",
    "start": 1565861772429,
    "end": 1565861772447,
    "duration": 18,
    "pid": 71787,
    "index": 75
  },
  {
    "name": "Load \"model\" to Application",
    "start": 1565861772437,
    "end": 1565861772446,
    "duration": 9,
    "pid": 71787,
    "index": 76
  }
]