[
  {
    "name": "Application Start",
    "start": 1565846793525,
    "end": 1565846793888,
    "duration": 363,
    "pid": 68689,
    "index": 0
  },
  {
    "name": "Load Plugin",
    "start": 1565846793528,
    "end": 1565846793534,
    "duration": 6,
    "pid": 68689,
    "index": 1
  },
  {
    "name": "Load Config",
    "start": 1565846793534,
    "end": 1565846793548,
    "duration": 14,
    "pid": 68689,
    "index": 2
  },
  {
    "name": "Require(0) config/config.default.js",
    "start": 1565846793535,
    "end": 1565846793535,
    "duration": 0,
    "pid": 68689,
    "index": 3
  },
  {
    "name": "Require(1) node_modules/egg-session/config/config.default.js",
    "start": 1565846793538,
    "end": 1565846793538,
    "duration": 0,
    "pid": 68689,
    "index": 4
  },
  {
    "name": "Require(2) node_modules/egg-security/config/config.default.js",
    "start": 1565846793538,
    "end": 1565846793539,
    "duration": 1,
    "pid": 68689,
    "index": 5
  },
  {
    "name": "Require(3) node_modules/egg-jsonp/config/config.default.js",
    "start": 1565846793539,
    "end": 1565846793539,
    "duration": 0,
    "pid": 68689,
    "index": 6
  },
  {
    "name": "Require(4) node_modules/egg-onerror/config/config.default.js",
    "start": 1565846793540,
    "end": 1565846793540,
    "duration": 0,
    "pid": 68689,
    "index": 7
  },
  {
    "name": "Require(5) node_modules/egg-i18n/config/config.default.js",
    "start": 1565846793540,
    "end": 1565846793540,
    "duration": 0,
    "pid": 68689,
    "index": 8
  },
  {
    "name": "Require(6) node_modules/egg-watcher/config/config.default.js",
    "start": 1565846793540,
    "end": 1565846793540,
    "duration": 0,
    "pid": 68689,
    "index": 9
  },
  {
    "name": "Require(7) node_modules/egg-schedule/config/config.default.js",
    "start": 1565846793541,
    "end": 1565846793541,
    "duration": 0,
    "pid": 68689,
    "index": 10
  },
  {
    "name": "Require(8) node_modules/egg-multipart/config/config.default.js",
    "start": 1565846793541,
    "end": 1565846793541,
    "duration": 0,
    "pid": 68689,
    "index": 11
  },
  {
    "name": "Require(9) node_modules/egg-development/config/config.default.js",
    "start": 1565846793542,
    "end": 1565846793542,
    "duration": 0,
    "pid": 68689,
    "index": 12
  },
  {
    "name": "Require(10) node_modules/egg-logrotator/config/config.default.js",
    "start": 1565846793542,
    "end": 1565846793542,
    "duration": 0,
    "pid": 68689,
    "index": 13
  },
  {
    "name": "Require(11) node_modules/egg-static/config/config.default.js",
    "start": 1565846793542,
    "end": 1565846793543,
    "duration": 1,
    "pid": 68689,
    "index": 14
  },
  {
    "name": "Require(12) node_modules/egg-view/config/config.default.js",
    "start": 1565846793543,
    "end": 1565846793543,
    "duration": 0,
    "pid": 68689,
    "index": 15
  },
  {
    "name": "Require(13) node_modules/egg-view-nunjucks/config/config.default.js",
    "start": 1565846793543,
    "end": 1565846793543,
    "duration": 0,
    "pid": 68689,
    "index": 16
  },
  {
    "name": "Require(14) node_modules/egg-redis/config/config.default.js",
    "start": 1565846793544,
    "end": 1565846793544,
    "duration": 0,
    "pid": 68689,
    "index": 17
  },
  {
    "name": "Require(15) node_modules/egg-mongoose/config/config.default.js",
    "start": 1565846793544,
    "end": 1565846793544,
    "duration": 0,
    "pid": 68689,
    "index": 18
  },
  {
    "name": "Require(16) node_modules/egg/config/config.default.js",
    "start": 1565846793544,
    "end": 1565846793545,
    "duration": 1,
    "pid": 68689,
    "index": 19
  },
  {
    "name": "Require(17) config/config.default.js",
    "start": 1565846793546,
    "end": 1565846793546,
    "duration": 0,
    "pid": 68689,
    "index": 20
  },
  {
    "name": "Require(18) node_modules/egg-security/config/config.local.js",
    "start": 1565846793546,
    "end": 1565846793546,
    "duration": 0,
    "pid": 68689,
    "index": 21
  },
  {
    "name": "Require(19) node_modules/egg-watcher/config/config.local.js",
    "start": 1565846793546,
    "end": 1565846793547,
    "duration": 1,
    "pid": 68689,
    "index": 22
  },
  {
    "name": "Require(20) node_modules/egg-view/config/config.local.js",
    "start": 1565846793547,
    "end": 1565846793547,
    "duration": 0,
    "pid": 68689,
    "index": 23
  },
  {
    "name": "Require(21) node_modules/egg-view-nunjucks/config/config.local.js",
    "start": 1565846793547,
    "end": 1565846793547,
    "duration": 0,
    "pid": 68689,
    "index": 24
  },
  {
    "name": "Require(22) node_modules/egg/config/config.local.js",
    "start": 1565846793548,
    "end": 1565846793548,
    "duration": 0,
    "pid": 68689,
    "index": 25
  },
  {
    "name": "Load extend/application.js",
    "start": 1565846793549,
    "end": 1565846793570,
    "duration": 21,
    "pid": 68689,
    "index": 26
  },
  {
    "name": "Require(23) node_modules/egg-session/app/extend/application.js",
    "start": 1565846793554,
    "end": 1565846793555,
    "duration": 1,
    "pid": 68689,
    "index": 27
  },
  {
    "name": "Require(24) node_modules/egg-security/app/extend/application.js",
    "start": 1565846793555,
    "end": 1565846793555,
    "duration": 0,
    "pid": 68689,
    "index": 28
  },
  {
    "name": "Require(25) node_modules/egg-jsonp/app/extend/application.js",
    "start": 1565846793555,
    "end": 1565846793556,
    "duration": 1,
    "pid": 68689,
    "index": 29
  },
  {
    "name": "Require(26) node_modules/egg-logrotator/app/extend/application.js",
    "start": 1565846793556,
    "end": 1565846793557,
    "duration": 1,
    "pid": 68689,
    "index": 30
  },
  {
    "name": "Require(27) node_modules/egg-view/app/extend/application.js",
    "start": 1565846793557,
    "end": 1565846793557,
    "duration": 0,
    "pid": 68689,
    "index": 31
  },
  {
    "name": "Require(28) node_modules/egg-view-nunjucks/app/extend/application.js",
    "start": 1565846793557,
    "end": 1565846793570,
    "duration": 13,
    "pid": 68689,
    "index": 32
  },
  {
    "name": "Load extend/request.js",
    "start": 1565846793570,
    "end": 1565846793572,
    "duration": 2,
    "pid": 68689,
    "index": 33
  },
  {
    "name": "Require(29) node_modules/egg/app/extend/request.js",
    "start": 1565846793571,
    "end": 1565846793572,
    "duration": 1,
    "pid": 68689,
    "index": 34
  },
  {
    "name": "Load extend/response.js",
    "start": 1565846793572,
    "end": 1565846793575,
    "duration": 3,
    "pid": 68689,
    "index": 35
  },
  {
    "name": "Require(30) node_modules/egg/app/extend/response.js",
    "start": 1565846793573,
    "end": 1565846793574,
    "duration": 1,
    "pid": 68689,
    "index": 36
  },
  {
    "name": "Load extend/context.js",
    "start": 1565846793575,
    "end": 1565846793599,
    "duration": 24,
    "pid": 68689,
    "index": 37
  },
  {
    "name": "Require(31) node_modules/egg-security/app/extend/context.js",
    "start": 1565846793575,
    "end": 1565846793578,
    "duration": 3,
    "pid": 68689,
    "index": 38
  },
  {
    "name": "Require(32) node_modules/egg-jsonp/app/extend/context.js",
    "start": 1565846793578,
    "end": 1565846793578,
    "duration": 0,
    "pid": 68689,
    "index": 39
  },
  {
    "name": "Require(33) node_modules/egg-i18n/app/extend/context.js",
    "start": 1565846793578,
    "end": 1565846793579,
    "duration": 1,
    "pid": 68689,
    "index": 40
  },
  {
    "name": "Require(34) node_modules/egg-multipart/app/extend/context.js",
    "start": 1565846793579,
    "end": 1565846793597,
    "duration": 18,
    "pid": 68689,
    "index": 41
  },
  {
    "name": "Require(35) node_modules/egg-view/app/extend/context.js",
    "start": 1565846793597,
    "end": 1565846793598,
    "duration": 1,
    "pid": 68689,
    "index": 42
  },
  {
    "name": "Require(36) node_modules/egg-mongoose/app/extend/context.js",
    "start": 1565846793598,
    "end": 1565846793598,
    "duration": 0,
    "pid": 68689,
    "index": 43
  },
  {
    "name": "Require(37) node_modules/egg/app/extend/context.js",
    "start": 1565846793598,
    "end": 1565846793598,
    "duration": 0,
    "pid": 68689,
    "index": 44
  },
  {
    "name": "Load extend/helper.js",
    "start": 1565846793599,
    "end": 1565846793608,
    "duration": 9,
    "pid": 68689,
    "index": 45
  },
  {
    "name": "Require(38) node_modules/egg-security/app/extend/helper.js",
    "start": 1565846793599,
    "end": 1565846793607,
    "duration": 8,
    "pid": 68689,
    "index": 46
  },
  {
    "name": "Require(39) node_modules/egg/app/extend/helper.js",
    "start": 1565846793607,
    "end": 1565846793607,
    "duration": 0,
    "pid": 68689,
    "index": 47
  },
  {
    "name": "Load app.js",
    "start": 1565846793608,
    "end": 1565846793624,
    "duration": 16,
    "pid": 68689,
    "index": 48
  },
  {
    "name": "Require(40) node_modules/egg-session/app.js",
    "start": 1565846793608,
    "end": 1565846793608,
    "duration": 0,
    "pid": 68689,
    "index": 49
  },
  {
    "name": "Require(41) node_modules/egg-security/app.js",
    "start": 1565846793609,
    "end": 1565846793609,
    "duration": 0,
    "pid": 68689,
    "index": 50
  },
  {
    "name": "Require(42) node_modules/egg-onerror/app.js",
    "start": 1565846793609,
    "end": 1565846793612,
    "duration": 3,
    "pid": 68689,
    "index": 51
  },
  {
    "name": "Require(43) node_modules/egg-i18n/app.js",
    "start": 1565846793613,
    "end": 1565846793619,
    "duration": 6,
    "pid": 68689,
    "index": 52
  },
  {
    "name": "Require(44) node_modules/egg-watcher/app.js",
    "start": 1565846793619,
    "end": 1565846793620,
    "duration": 1,
    "pid": 68689,
    "index": 53
  },
  {
    "name": "Require(45) node_modules/egg-schedule/app.js",
    "start": 1565846793620,
    "end": 1565846793621,
    "duration": 1,
    "pid": 68689,
    "index": 54
  },
  {
    "name": "Require(46) node_modules/egg-multipart/app.js",
    "start": 1565846793621,
    "end": 1565846793622,
    "duration": 1,
    "pid": 68689,
    "index": 55
  },
  {
    "name": "Require(47) node_modules/egg-development/app.js",
    "start": 1565846793622,
    "end": 1565846793622,
    "duration": 0,
    "pid": 68689,
    "index": 56
  },
  {
    "name": "Require(48) node_modules/egg-logrotator/app.js",
    "start": 1565846793622,
    "end": 1565846793622,
    "duration": 0,
    "pid": 68689,
    "index": 57
  },
  {
    "name": "Require(49) node_modules/egg-static/app.js",
    "start": 1565846793622,
    "end": 1565846793623,
    "duration": 1,
    "pid": 68689,
    "index": 58
  },
  {
    "name": "Require(50) node_modules/egg-view-nunjucks/app.js",
    "start": 1565846793623,
    "end": 1565846793623,
    "duration": 0,
    "pid": 68689,
    "index": 59
  },
  {
    "name": "Require(51) node_modules/egg-redis/app.js",
    "start": 1565846793623,
    "end": 1565846793623,
    "duration": 0,
    "pid": 68689,
    "index": 60
  },
  {
    "name": "Require(52) node_modules/egg-mongoose/app.js",
    "start": 1565846793624,
    "end": 1565846793624,
    "duration": 0,
    "pid": 68689,
    "index": 61
  },
  {
    "name": "Before Start in node_modules/egg-watcher/lib/init.js:15:14",
    "start": 1565846793630,
    "end": 1565846793887,
    "duration": 257,
    "pid": 68689,
    "index": 62
  },
  {
    "name": "Before Start in node_modules/egg-redis/lib/redis.js:53:7",
    "start": 1565846793674,
    "end": 1565846793885,
    "duration": 211,
    "pid": 68689,
    "index": 63
  },
  {
    "name": "Before Start in node_modules/egg-mongoose/lib/mongoose.js:91:7",
    "start": 1565846793819,
    "end": 1565846793883,
    "duration": 64,
    "pid": 68689,
    "index": 64
  },
  {
    "name": "Before Start in node_modules/egg-mongoose/lib/mongoose.js:49:9",
    "start": 1565846793820,
    "end": 1565846793870,
    "duration": 50,
    "pid": 68689,
    "index": 65
  },
  {
    "name": "Load Service",
    "start": 1565846793820,
    "end": 1565846793823,
    "duration": 3,
    "pid": 68689,
    "index": 66
  },
  {
    "name": "Load \"service\" to Context",
    "start": 1565846793820,
    "end": 1565846793823,
    "duration": 3,
    "pid": 68689,
    "index": 67
  },
  {
    "name": "Load Middleware",
    "start": 1565846793823,
    "end": 1565846793852,
    "duration": 29,
    "pid": 68689,
    "index": 68
  },
  {
    "name": "Load \"middlewares\" to Application",
    "start": 1565846793823,
    "end": 1565846793847,
    "duration": 24,
    "pid": 68689,
    "index": 69
  },
  {
    "name": "Load Controller",
    "start": 1565846793852,
    "end": 1565846793853,
    "duration": 1,
    "pid": 68689,
    "index": 70
  },
  {
    "name": "Load \"controller\" to Application",
    "start": 1565846793852,
    "end": 1565846793853,
    "duration": 1,
    "pid": 68689,
    "index": 71
  },
  {
    "name": "Load Router",
    "start": 1565846793853,
    "end": 1565846793855,
    "duration": 2,
    "pid": 68689,
    "index": 72
  },
  {
    "name": "Require(53) app/router.js",
    "start": 1565846793853,
    "end": 1565846793854,
    "duration": 1,
    "pid": 68689,
    "index": 73
  },
  {
    "name": "Before Start in node_modules/egg-core/lib/egg.js:303:10",
    "start": 1565846793854,
    "end": 1565846793870,
    "duration": 16,
    "pid": 68689,
    "index": 74
  },
  {
    "name": "Load \"model\" to Application",
    "start": 1565846793861,
    "end": 1565846793869,
    "duration": 8,
    "pid": 68689,
    "index": 75
  }
]