[
  {
    "name": "Application Start",
    "start": 1565846539673,
    "end": 1565846540046,
    "duration": 373,
    "pid": 68593,
    "index": 0
  },
  {
    "name": "Load Plugin",
    "start": 1565846539676,
    "end": 1565846539686,
    "duration": 10,
    "pid": 68593,
    "index": 1
  },
  {
    "name": "Load Config",
    "start": 1565846539686,
    "end": 1565846539695,
    "duration": 9,
    "pid": 68593,
    "index": 2
  },
  {
    "name": "Require(0) config/config.default.js",
    "start": 1565846539686,
    "end": 1565846539686,
    "duration": 0,
    "pid": 68593,
    "index": 3
  },
  {
    "name": "Require(1) node_modules/egg-session/config/config.default.js",
    "start": 1565846539687,
    "end": 1565846539688,
    "duration": 1,
    "pid": 68593,
    "index": 4
  },
  {
    "name": "Require(2) node_modules/egg-security/config/config.default.js",
    "start": 1565846539688,
    "end": 1565846539688,
    "duration": 0,
    "pid": 68593,
    "index": 5
  },
  {
    "name": "Require(3) node_modules/egg-jsonp/config/config.default.js",
    "start": 1565846539688,
    "end": 1565846539688,
    "duration": 0,
    "pid": 68593,
    "index": 6
  },
  {
    "name": "Require(4) node_modules/egg-onerror/config/config.default.js",
    "start": 1565846539689,
    "end": 1565846539689,
    "duration": 0,
    "pid": 68593,
    "index": 7
  },
  {
    "name": "Require(5) node_modules/egg-i18n/config/config.default.js",
    "start": 1565846539689,
    "end": 1565846539689,
    "duration": 0,
    "pid": 68593,
    "index": 8
  },
  {
    "name": "Require(6) node_modules/egg-watcher/config/config.default.js",
    "start": 1565846539689,
    "end": 1565846539689,
    "duration": 0,
    "pid": 68593,
    "index": 9
  },
  {
    "name": "Require(7) node_modules/egg-schedule/config/config.default.js",
    "start": 1565846539689,
    "end": 1565846539690,
    "duration": 1,
    "pid": 68593,
    "index": 10
  },
  {
    "name": "Require(8) node_modules/egg-multipart/config/config.default.js",
    "start": 1565846539690,
    "end": 1565846539690,
    "duration": 0,
    "pid": 68593,
    "index": 11
  },
  {
    "name": "Require(9) node_modules/egg-development/config/config.default.js",
    "start": 1565846539690,
    "end": 1565846539690,
    "duration": 0,
    "pid": 68593,
    "index": 12
  },
  {
    "name": "Require(10) node_modules/egg-logrotator/config/config.default.js",
    "start": 1565846539690,
    "end": 1565846539691,
    "duration": 1,
    "pid": 68593,
    "index": 13
  },
  {
    "name": "Require(11) node_modules/egg-static/config/config.default.js",
    "start": 1565846539691,
    "end": 1565846539691,
    "duration": 0,
    "pid": 68593,
    "index": 14
  },
  {
    "name": "Require(12) node_modules/egg-view/config/config.default.js",
    "start": 1565846539691,
    "end": 1565846539691,
    "duration": 0,
    "pid": 68593,
    "index": 15
  },
  {
    "name": "Require(13) node_modules/egg-view-nunjucks/config/config.default.js",
    "start": 1565846539691,
    "end": 1565846539691,
    "duration": 0,
    "pid": 68593,
    "index": 16
  },
  {
    "name": "Require(14) node_modules/egg-redis/config/config.default.js",
    "start": 1565846539692,
    "end": 1565846539692,
    "duration": 0,
    "pid": 68593,
    "index": 17
  },
  {
    "name": "Require(15) node_modules/egg-mongoose/config/config.default.js",
    "start": 1565846539692,
    "end": 1565846539692,
    "duration": 0,
    "pid": 68593,
    "index": 18
  },
  {
    "name": "Require(16) node_modules/egg/config/config.default.js",
    "start": 1565846539692,
    "end": 1565846539692,
    "duration": 0,
    "pid": 68593,
    "index": 19
  },
  {
    "name": "Require(17) config/config.default.js",
    "start": 1565846539693,
    "end": 1565846539693,
    "duration": 0,
    "pid": 68593,
    "index": 20
  },
  {
    "name": "Require(18) node_modules/egg-security/config/config.local.js",
    "start": 1565846539694,
    "end": 1565846539694,
    "duration": 0,
    "pid": 68593,
    "index": 21
  },
  {
    "name": "Require(19) node_modules/egg-watcher/config/config.local.js",
    "start": 1565846539694,
    "end": 1565846539694,
    "duration": 0,
    "pid": 68593,
    "index": 22
  },
  {
    "name": "Require(20) node_modules/egg-view/config/config.local.js",
    "start": 1565846539694,
    "end": 1565846539694,
    "duration": 0,
    "pid": 68593,
    "index": 23
  },
  {
    "name": "Require(21) node_modules/egg-view-nunjucks/config/config.local.js",
    "start": 1565846539695,
    "end": 1565846539695,
    "duration": 0,
    "pid": 68593,
    "index": 24
  },
  {
    "name": "Require(22) node_modules/egg/config/config.local.js",
    "start": 1565846539695,
    "end": 1565846539695,
    "duration": 0,
    "pid": 68593,
    "index": 25
  },
  {
    "name": "Load extend/application.js",
    "start": 1565846539696,
    "end": 1565846539711,
    "duration": 15,
    "pid": 68593,
    "index": 26
  },
  {
    "name": "Require(23) node_modules/egg-session/app/extend/application.js",
    "start": 1565846539696,
    "end": 1565846539696,
    "duration": 0,
    "pid": 68593,
    "index": 27
  },
  {
    "name": "Require(24) node_modules/egg-security/app/extend/application.js",
    "start": 1565846539696,
    "end": 1565846539697,
    "duration": 1,
    "pid": 68593,
    "index": 28
  },
  {
    "name": "Require(25) node_modules/egg-jsonp/app/extend/application.js",
    "start": 1565846539697,
    "end": 1565846539697,
    "duration": 0,
    "pid": 68593,
    "index": 29
  },
  {
    "name": "Require(26) node_modules/egg-logrotator/app/extend/application.js",
    "start": 1565846539698,
    "end": 1565846539698,
    "duration": 0,
    "pid": 68593,
    "index": 30
  },
  {
    "name": "Require(27) node_modules/egg-view/app/extend/application.js",
    "start": 1565846539698,
    "end": 1565846539699,
    "duration": 1,
    "pid": 68593,
    "index": 31
  },
  {
    "name": "Require(28) node_modules/egg-view-nunjucks/app/extend/application.js",
    "start": 1565846539699,
    "end": 1565846539710,
    "duration": 11,
    "pid": 68593,
    "index": 32
  },
  {
    "name": "Load extend/request.js",
    "start": 1565846539711,
    "end": 1565846539713,
    "duration": 2,
    "pid": 68593,
    "index": 33
  },
  {
    "name": "Require(29) node_modules/egg/app/extend/request.js",
    "start": 1565846539712,
    "end": 1565846539712,
    "duration": 0,
    "pid": 68593,
    "index": 34
  },
  {
    "name": "Load extend/response.js",
    "start": 1565846539713,
    "end": 1565846539714,
    "duration": 1,
    "pid": 68593,
    "index": 35
  },
  {
    "name": "Require(30) node_modules/egg/app/extend/response.js",
    "start": 1565846539713,
    "end": 1565846539714,
    "duration": 1,
    "pid": 68593,
    "index": 36
  },
  {
    "name": "Load extend/context.js",
    "start": 1565846539714,
    "end": 1565846539739,
    "duration": 25,
    "pid": 68593,
    "index": 37
  },
  {
    "name": "Require(31) node_modules/egg-security/app/extend/context.js",
    "start": 1565846539714,
    "end": 1565846539718,
    "duration": 4,
    "pid": 68593,
    "index": 38
  },
  {
    "name": "Require(32) node_modules/egg-jsonp/app/extend/context.js",
    "start": 1565846539718,
    "end": 1565846539718,
    "duration": 0,
    "pid": 68593,
    "index": 39
  },
  {
    "name": "Require(33) node_modules/egg-i18n/app/extend/context.js",
    "start": 1565846539718,
    "end": 1565846539718,
    "duration": 0,
    "pid": 68593,
    "index": 40
  },
  {
    "name": "Require(34) node_modules/egg-multipart/app/extend/context.js",
    "start": 1565846539719,
    "end": 1565846539737,
    "duration": 18,
    "pid": 68593,
    "index": 41
  },
  {
    "name": "Require(35) node_modules/egg-view/app/extend/context.js",
    "start": 1565846539737,
    "end": 1565846539737,
    "duration": 0,
    "pid": 68593,
    "index": 42
  },
  {
    "name": "Require(36) node_modules/egg-mongoose/app/extend/context.js",
    "start": 1565846539737,
    "end": 1565846539737,
    "duration": 0,
    "pid": 68593,
    "index": 43
  },
  {
    "name": "Require(37) node_modules/egg/app/extend/context.js",
    "start": 1565846539738,
    "end": 1565846539738,
    "duration": 0,
    "pid": 68593,
    "index": 44
  },
  {
    "name": "Load extend/helper.js",
    "start": 1565846539739,
    "end": 1565846539748,
    "duration": 9,
    "pid": 68593,
    "index": 45
  },
  {
    "name": "Require(38) node_modules/egg-security/app/extend/helper.js",
    "start": 1565846539739,
    "end": 1565846539747,
    "duration": 8,
    "pid": 68593,
    "index": 46
  },
  {
    "name": "Require(39) node_modules/egg/app/extend/helper.js",
    "start": 1565846539747,
    "end": 1565846539747,
    "duration": 0,
    "pid": 68593,
    "index": 47
  },
  {
    "name": "Load app.js",
    "start": 1565846539748,
    "end": 1565846539765,
    "duration": 17,
    "pid": 68593,
    "index": 48
  },
  {
    "name": "Require(40) node_modules/egg-session/app.js",
    "start": 1565846539748,
    "end": 1565846539749,
    "duration": 1,
    "pid": 68593,
    "index": 49
  },
  {
    "name": "Require(41) node_modules/egg-security/app.js",
    "start": 1565846539749,
    "end": 1565846539749,
    "duration": 0,
    "pid": 68593,
    "index": 50
  },
  {
    "name": "Require(42) node_modules/egg-onerror/app.js",
    "start": 1565846539749,
    "end": 1565846539753,
    "duration": 4,
    "pid": 68593,
    "index": 51
  },
  {
    "name": "Require(43) node_modules/egg-i18n/app.js",
    "start": 1565846539753,
    "end": 1565846539760,
    "duration": 7,
    "pid": 68593,
    "index": 52
  },
  {
    "name": "Require(44) node_modules/egg-watcher/app.js",
    "start": 1565846539760,
    "end": 1565846539761,
    "duration": 1,
    "pid": 68593,
    "index": 53
  },
  {
    "name": "Require(45) node_modules/egg-schedule/app.js",
    "start": 1565846539761,
    "end": 1565846539762,
    "duration": 1,
    "pid": 68593,
    "index": 54
  },
  {
    "name": "Require(46) node_modules/egg-multipart/app.js",
    "start": 1565846539762,
    "end": 1565846539763,
    "duration": 1,
    "pid": 68593,
    "index": 55
  },
  {
    "name": "Require(47) node_modules/egg-development/app.js",
    "start": 1565846539763,
    "end": 1565846539763,
    "duration": 0,
    "pid": 68593,
    "index": 56
  },
  {
    "name": "Require(48) node_modules/egg-logrotator/app.js",
    "start": 1565846539763,
    "end": 1565846539763,
    "duration": 0,
    "pid": 68593,
    "index": 57
  },
  {
    "name": "Require(49) node_modules/egg-static/app.js",
    "start": 1565846539763,
    "end": 1565846539764,
    "duration": 1,
    "pid": 68593,
    "index": 58
  },
  {
    "name": "Require(50) node_modules/egg-view-nunjucks/app.js",
    "start": 1565846539764,
    "end": 1565846539764,
    "duration": 0,
    "pid": 68593,
    "index": 59
  },
  {
    "name": "Require(51) node_modules/egg-redis/app.js",
    "start": 1565846539764,
    "end": 1565846539764,
    "duration": 0,
    "pid": 68593,
    "index": 60
  },
  {
    "name": "Require(52) node_modules/egg-mongoose/app.js",
    "start": 1565846539765,
    "end": 1565846539765,
    "duration": 0,
    "pid": 68593,
    "index": 61
  },
  {
    "name": "Before Start in node_modules/egg-watcher/lib/init.js:15:14",
    "start": 1565846539772,
    "end": 1565846540045,
    "duration": 273,
    "pid": 68593,
    "index": 62
  },
  {
    "name": "Before Start in node_modules/egg-redis/lib/redis.js:53:7",
    "start": 1565846539819,
    "end": 1565846540043,
    "duration": 224,
    "pid": 68593,
    "index": 63
  },
  {
    "name": "Before Start in node_modules/egg-mongoose/lib/mongoose.js:91:7",
    "start": 1565846539966,
    "end": 1565846540041,
    "duration": 75,
    "pid": 68593,
    "index": 64
  },
  {
    "name": "Before Start in node_modules/egg-mongoose/lib/mongoose.js:49:9",
    "start": 1565846539966,
    "end": 1565846540026,
    "duration": 60,
    "pid": 68593,
    "index": 65
  },
  {
    "name": "Load Service",
    "start": 1565846539966,
    "end": 1565846539969,
    "duration": 3,
    "pid": 68593,
    "index": 66
  },
  {
    "name": "Load \"service\" to Context",
    "start": 1565846539966,
    "end": 1565846539969,
    "duration": 3,
    "pid": 68593,
    "index": 67
  },
  {
    "name": "Load Middleware",
    "start": 1565846539969,
    "end": 1565846540008,
    "duration": 39,
    "pid": 68593,
    "index": 68
  },
  {
    "name": "Load \"middlewares\" to Application",
    "start": 1565846539970,
    "end": 1565846540000,
    "duration": 30,
    "pid": 68593,
    "index": 69
  },
  {
    "name": "Load Controller",
    "start": 1565846540008,
    "end": 1565846540009,
    "duration": 1,
    "pid": 68593,
    "index": 70
  },
  {
    "name": "Load \"controller\" to Application",
    "start": 1565846540008,
    "end": 1565846540009,
    "duration": 1,
    "pid": 68593,
    "index": 71
  },
  {
    "name": "Load Router",
    "start": 1565846540009,
    "end": 1565846540011,
    "duration": 2,
    "pid": 68593,
    "index": 72
  },
  {
    "name": "Require(53) app/router.js",
    "start": 1565846540009,
    "end": 1565846540009,
    "duration": 0,
    "pid": 68593,
    "index": 73
  },
  {
    "name": "Before Start in node_modules/egg-core/lib/egg.js:303:10",
    "start": 1565846540010,
    "end": 1565846540026,
    "duration": 16,
    "pid": 68593,
    "index": 74
  },
  {
    "name": "Load \"model\" to Application",
    "start": 1565846540018,
    "end": 1565846540025,
    "duration": 7,
    "pid": 68593,
    "index": 75
  }
]