[
  {
    "name": "Application Start",
    "start": 1565846925728,
    "end": 1565846926387,
    "duration": 659,
    "pid": 68726,
    "index": 0
  },
  {
    "name": "Load Plugin",
    "start": 1565846925734,
    "end": 1565846925748,
    "duration": 14,
    "pid": 68726,
    "index": 1
  },
  {
    "name": "Load Config",
    "start": 1565846925749,
    "end": 1565846925774,
    "duration": 25,
    "pid": 68726,
    "index": 2
  },
  {
    "name": "Require(0) config/config.default.js",
    "start": 1565846925749,
    "end": 1565846925750,
    "duration": 1,
    "pid": 68726,
    "index": 3
  },
  {
    "name": "Require(1) node_modules/egg-session/config/config.default.js",
    "start": 1565846925751,
    "end": 1565846925751,
    "duration": 0,
    "pid": 68726,
    "index": 4
  },
  {
    "name": "Require(2) node_modules/egg-security/config/config.default.js",
    "start": 1565846925752,
    "end": 1565846925752,
    "duration": 0,
    "pid": 68726,
    "index": 5
  },
  {
    "name": "Require(3) node_modules/egg-jsonp/config/config.default.js",
    "start": 1565846925753,
    "end": 1565846925753,
    "duration": 0,
    "pid": 68726,
    "index": 6
  },
  {
    "name": "Require(4) node_modules/egg-onerror/config/config.default.js",
    "start": 1565846925754,
    "end": 1565846925754,
    "duration": 0,
    "pid": 68726,
    "index": 7
  },
  {
    "name": "Require(5) node_modules/egg-i18n/config/config.default.js",
    "start": 1565846925754,
    "end": 1565846925755,
    "duration": 1,
    "pid": 68726,
    "index": 8
  },
  {
    "name": "Require(6) node_modules/egg-watcher/config/config.default.js",
    "start": 1565846925755,
    "end": 1565846925756,
    "duration": 1,
    "pid": 68726,
    "index": 9
  },
  {
    "name": "Require(7) node_modules/egg-schedule/config/config.default.js",
    "start": 1565846925756,
    "end": 1565846925756,
    "duration": 0,
    "pid": 68726,
    "index": 10
  },
  {
    "name": "Require(8) node_modules/egg-multipart/config/config.default.js",
    "start": 1565846925756,
    "end": 1565846925757,
    "duration": 1,
    "pid": 68726,
    "index": 11
  },
  {
    "name": "Require(9) node_modules/egg-development/config/config.default.js",
    "start": 1565846925757,
    "end": 1565846925758,
    "duration": 1,
    "pid": 68726,
    "index": 12
  },
  {
    "name": "Require(10) node_modules/egg-logrotator/config/config.default.js",
    "start": 1565846925758,
    "end": 1565846925759,
    "duration": 1,
    "pid": 68726,
    "index": 13
  },
  {
    "name": "Require(11) node_modules/egg-static/config/config.default.js",
    "start": 1565846925759,
    "end": 1565846925760,
    "duration": 1,
    "pid": 68726,
    "index": 14
  },
  {
    "name": "Require(12) node_modules/egg-view/config/config.default.js",
    "start": 1565846925760,
    "end": 1565846925765,
    "duration": 5,
    "pid": 68726,
    "index": 15
  },
  {
    "name": "Require(13) node_modules/egg-view-nunjucks/config/config.default.js",
    "start": 1565846925765,
    "end": 1565846925766,
    "duration": 1,
    "pid": 68726,
    "index": 16
  },
  {
    "name": "Require(14) node_modules/egg-redis/config/config.default.js",
    "start": 1565846925766,
    "end": 1565846925766,
    "duration": 0,
    "pid": 68726,
    "index": 17
  },
  {
    "name": "Require(15) node_modules/egg-mongoose/config/config.default.js",
    "start": 1565846925767,
    "end": 1565846925767,
    "duration": 0,
    "pid": 68726,
    "index": 18
  },
  {
    "name": "Require(16) node_modules/egg/config/config.default.js",
    "start": 1565846925767,
    "end": 1565846925768,
    "duration": 1,
    "pid": 68726,
    "index": 19
  },
  {
    "name": "Require(17) config/config.default.js",
    "start": 1565846925770,
    "end": 1565846925770,
    "duration": 0,
    "pid": 68726,
    "index": 20
  },
  {
    "name": "Require(18) node_modules/egg-security/config/config.local.js",
    "start": 1565846925770,
    "end": 1565846925771,
    "duration": 1,
    "pid": 68726,
    "index": 21
  },
  {
    "name": "Require(19) node_modules/egg-watcher/config/config.local.js",
    "start": 1565846925771,
    "end": 1565846925772,
    "duration": 1,
    "pid": 68726,
    "index": 22
  },
  {
    "name": "Require(20) node_modules/egg-view/config/config.local.js",
    "start": 1565846925772,
    "end": 1565846925773,
    "duration": 1,
    "pid": 68726,
    "index": 23
  },
  {
    "name": "Require(21) node_modules/egg-view-nunjucks/config/config.local.js",
    "start": 1565846925773,
    "end": 1565846925773,
    "duration": 0,
    "pid": 68726,
    "index": 24
  },
  {
    "name": "Require(22) node_modules/egg/config/config.local.js",
    "start": 1565846925774,
    "end": 1565846925774,
    "duration": 0,
    "pid": 68726,
    "index": 25
  },
  {
    "name": "Load extend/application.js",
    "start": 1565846925775,
    "end": 1565846925814,
    "duration": 39,
    "pid": 68726,
    "index": 26
  },
  {
    "name": "Require(23) node_modules/egg-session/app/extend/application.js",
    "start": 1565846925776,
    "end": 1565846925776,
    "duration": 0,
    "pid": 68726,
    "index": 27
  },
  {
    "name": "Require(24) node_modules/egg-security/app/extend/application.js",
    "start": 1565846925776,
    "end": 1565846925778,
    "duration": 2,
    "pid": 68726,
    "index": 28
  },
  {
    "name": "Require(25) node_modules/egg-jsonp/app/extend/application.js",
    "start": 1565846925778,
    "end": 1565846925780,
    "duration": 2,
    "pid": 68726,
    "index": 29
  },
  {
    "name": "Require(26) node_modules/egg-logrotator/app/extend/application.js",
    "start": 1565846925780,
    "end": 1565846925782,
    "duration": 2,
    "pid": 68726,
    "index": 30
  },
  {
    "name": "Require(27) node_modules/egg-view/app/extend/application.js",
    "start": 1565846925782,
    "end": 1565846925784,
    "duration": 2,
    "pid": 68726,
    "index": 31
  },
  {
    "name": "Require(28) node_modules/egg-view-nunjucks/app/extend/application.js",
    "start": 1565846925784,
    "end": 1565846925813,
    "duration": 29,
    "pid": 68726,
    "index": 32
  },
  {
    "name": "Load extend/request.js",
    "start": 1565846925814,
    "end": 1565846925817,
    "duration": 3,
    "pid": 68726,
    "index": 33
  },
  {
    "name": "Require(29) node_modules/egg/app/extend/request.js",
    "start": 1565846925815,
    "end": 1565846925816,
    "duration": 1,
    "pid": 68726,
    "index": 34
  },
  {
    "name": "Load extend/response.js",
    "start": 1565846925817,
    "end": 1565846925819,
    "duration": 2,
    "pid": 68726,
    "index": 35
  },
  {
    "name": "Require(30) node_modules/egg/app/extend/response.js",
    "start": 1565846925818,
    "end": 1565846925818,
    "duration": 0,
    "pid": 68726,
    "index": 36
  },
  {
    "name": "Load extend/context.js",
    "start": 1565846925819,
    "end": 1565846925867,
    "duration": 48,
    "pid": 68726,
    "index": 37
  },
  {
    "name": "Require(31) node_modules/egg-security/app/extend/context.js",
    "start": 1565846925819,
    "end": 1565846925827,
    "duration": 8,
    "pid": 68726,
    "index": 38
  },
  {
    "name": "Require(32) node_modules/egg-jsonp/app/extend/context.js",
    "start": 1565846925828,
    "end": 1565846925829,
    "duration": 1,
    "pid": 68726,
    "index": 39
  },
  {
    "name": "Require(33) node_modules/egg-i18n/app/extend/context.js",
    "start": 1565846925829,
    "end": 1565846925830,
    "duration": 1,
    "pid": 68726,
    "index": 40
  },
  {
    "name": "Require(34) node_modules/egg-multipart/app/extend/context.js",
    "start": 1565846925830,
    "end": 1565846925863,
    "duration": 33,
    "pid": 68726,
    "index": 41
  },
  {
    "name": "Require(35) node_modules/egg-view/app/extend/context.js",
    "start": 1565846925863,
    "end": 1565846925865,
    "duration": 2,
    "pid": 68726,
    "index": 42
  },
  {
    "name": "Require(36) node_modules/egg-mongoose/app/extend/context.js",
    "start": 1565846925865,
    "end": 1565846925865,
    "duration": 0,
    "pid": 68726,
    "index": 43
  },
  {
    "name": "Require(37) node_modules/egg/app/extend/context.js",
    "start": 1565846925866,
    "end": 1565846925867,
    "duration": 1,
    "pid": 68726,
    "index": 44
  },
  {
    "name": "Load extend/helper.js",
    "start": 1565846925868,
    "end": 1565846925886,
    "duration": 18,
    "pid": 68726,
    "index": 45
  },
  {
    "name": "Require(38) node_modules/egg-security/app/extend/helper.js",
    "start": 1565846925868,
    "end": 1565846925884,
    "duration": 16,
    "pid": 68726,
    "index": 46
  },
  {
    "name": "Require(39) node_modules/egg/app/extend/helper.js",
    "start": 1565846925885,
    "end": 1565846925885,
    "duration": 0,
    "pid": 68726,
    "index": 47
  },
  {
    "name": "Load app.js",
    "start": 1565846925886,
    "end": 1565846925918,
    "duration": 32,
    "pid": 68726,
    "index": 48
  },
  {
    "name": "Require(40) node_modules/egg-session/app.js",
    "start": 1565846925887,
    "end": 1565846925887,
    "duration": 0,
    "pid": 68726,
    "index": 49
  },
  {
    "name": "Require(41) node_modules/egg-security/app.js",
    "start": 1565846925887,
    "end": 1565846925889,
    "duration": 2,
    "pid": 68726,
    "index": 50
  },
  {
    "name": "Require(42) node_modules/egg-onerror/app.js",
    "start": 1565846925889,
    "end": 1565846925896,
    "duration": 7,
    "pid": 68726,
    "index": 51
  },
  {
    "name": "Require(43) node_modules/egg-i18n/app.js",
    "start": 1565846925896,
    "end": 1565846925907,
    "duration": 11,
    "pid": 68726,
    "index": 52
  },
  {
    "name": "Require(44) node_modules/egg-watcher/app.js",
    "start": 1565846925907,
    "end": 1565846925910,
    "duration": 3,
    "pid": 68726,
    "index": 53
  },
  {
    "name": "Require(45) node_modules/egg-schedule/app.js",
    "start": 1565846925910,
    "end": 1565846925911,
    "duration": 1,
    "pid": 68726,
    "index": 54
  },
  {
    "name": "Require(46) node_modules/egg-multipart/app.js",
    "start": 1565846925911,
    "end": 1565846925914,
    "duration": 3,
    "pid": 68726,
    "index": 55
  },
  {
    "name": "Require(47) node_modules/egg-development/app.js",
    "start": 1565846925914,
    "end": 1565846925914,
    "duration": 0,
    "pid": 68726,
    "index": 56
  },
  {
    "name": "Require(48) node_modules/egg-logrotator/app.js",
    "start": 1565846925914,
    "end": 1565846925915,
    "duration": 1,
    "pid": 68726,
    "index": 57
  },
  {
    "name": "Require(49) node_modules/egg-static/app.js",
    "start": 1565846925915,
    "end": 1565846925915,
    "duration": 0,
    "pid": 68726,
    "index": 58
  },
  {
    "name": "Require(50) node_modules/egg-view-nunjucks/app.js",
    "start": 1565846925915,
    "end": 1565846925916,
    "duration": 1,
    "pid": 68726,
    "index": 59
  },
  {
    "name": "Require(51) node_modules/egg-redis/app.js",
    "start": 1565846925916,
    "end": 1565846925917,
    "duration": 1,
    "pid": 68726,
    "index": 60
  },
  {
    "name": "Require(52) node_modules/egg-mongoose/app.js",
    "start": 1565846925917,
    "end": 1565846925917,
    "duration": 0,
    "pid": 68726,
    "index": 61
  },
  {
    "name": "Before Start in node_modules/egg-watcher/lib/init.js:15:14",
    "start": 1565846925925,
    "end": 1565846926386,
    "duration": 461,
    "pid": 68726,
    "index": 62
  },
  {
    "name": "Before Start in node_modules/egg-redis/lib/redis.js:53:7",
    "start": 1565846925990,
    "end": 1565846926384,
    "duration": 394,
    "pid": 68726,
    "index": 63
  },
  {
    "name": "Before Start in node_modules/egg-mongoose/lib/mongoose.js:91:7",
    "start": 1565846926277,
    "end": 1565846926382,
    "duration": 105,
    "pid": 68726,
    "index": 64
  },
  {
    "name": "Before Start in node_modules/egg-mongoose/lib/mongoose.js:49:9",
    "start": 1565846926277,
    "end": 1565846926369,
    "duration": 92,
    "pid": 68726,
    "index": 65
  },
  {
    "name": "Load Service",
    "start": 1565846926277,
    "end": 1565846926280,
    "duration": 3,
    "pid": 68726,
    "index": 66
  },
  {
    "name": "Load \"service\" to Context",
    "start": 1565846926277,
    "end": 1565846926280,
    "duration": 3,
    "pid": 68726,
    "index": 67
  },
  {
    "name": "Load Middleware",
    "start": 1565846926280,
    "end": 1565846926349,
    "duration": 69,
    "pid": 68726,
    "index": 68
  },
  {
    "name": "Load \"middlewares\" to Application",
    "start": 1565846926280,
    "end": 1565846926340,
    "duration": 60,
    "pid": 68726,
    "index": 69
  },
  {
    "name": "Load Controller",
    "start": 1565846926349,
    "end": 1565846926351,
    "duration": 2,
    "pid": 68726,
    "index": 70
  },
  {
    "name": "Load \"controller\" to Application",
    "start": 1565846926349,
    "end": 1565846926351,
    "duration": 2,
    "pid": 68726,
    "index": 71
  },
  {
    "name": "Load Router",
    "start": 1565846926351,
    "end": 1565846926353,
    "duration": 2,
    "pid": 68726,
    "index": 72
  },
  {
    "name": "Require(53) app/router.js",
    "start": 1565846926351,
    "end": 1565846926352,
    "duration": 1,
    "pid": 68726,
    "index": 73
  },
  {
    "name": "Before Start in node_modules/egg-core/lib/egg.js:303:10",
    "start": 1565846926352,
    "end": 1565846926369,
    "duration": 17,
    "pid": 68726,
    "index": 74
  },
  {
    "name": "Load \"model\" to Application",
    "start": 1565846926360,
    "end": 1565846926368,
    "duration": 8,
    "pid": 68726,
    "index": 75
  }
]