[
  {
    "name": "Application Start",
    "start": 1565848176681,
    "end": 1565848177076,
    "duration": 395,
    "pid": 69179,
    "index": 0
  },
  {
    "name": "Load Plugin",
    "start": 1565848176684,
    "end": 1565848176693,
    "duration": 9,
    "pid": 69179,
    "index": 1
  },
  {
    "name": "Load Config",
    "start": 1565848176693,
    "end": 1565848176714,
    "duration": 21,
    "pid": 69179,
    "index": 2
  },
  {
    "name": "Require(0) config/config.default.js",
    "start": 1565848176694,
    "end": 1565848176694,
    "duration": 0,
    "pid": 69179,
    "index": 3
  },
  {
    "name": "Require(1) node_modules/egg-session/config/config.default.js",
    "start": 1565848176695,
    "end": 1565848176696,
    "duration": 1,
    "pid": 69179,
    "index": 4
  },
  {
    "name": "Require(2) node_modules/egg-security/config/config.default.js",
    "start": 1565848176696,
    "end": 1565848176696,
    "duration": 0,
    "pid": 69179,
    "index": 5
  },
  {
    "name": "Require(3) node_modules/egg-jsonp/config/config.default.js",
    "start": 1565848176697,
    "end": 1565848176697,
    "duration": 0,
    "pid": 69179,
    "index": 6
  },
  {
    "name": "Require(4) node_modules/egg-onerror/config/config.default.js",
    "start": 1565848176697,
    "end": 1565848176697,
    "duration": 0,
    "pid": 69179,
    "index": 7
  },
  {
    "name": "Require(5) node_modules/egg-i18n/config/config.default.js",
    "start": 1565848176698,
    "end": 1565848176698,
    "duration": 0,
    "pid": 69179,
    "index": 8
  },
  {
    "name": "Require(6) node_modules/egg-watcher/config/config.default.js",
    "start": 1565848176698,
    "end": 1565848176698,
    "duration": 0,
    "pid": 69179,
    "index": 9
  },
  {
    "name": "Require(7) node_modules/egg-schedule/config/config.default.js",
    "start": 1565848176698,
    "end": 1565848176699,
    "duration": 1,
    "pid": 69179,
    "index": 10
  },
  {
    "name": "Require(8) node_modules/egg-multipart/config/config.default.js",
    "start": 1565848176699,
    "end": 1565848176699,
    "duration": 0,
    "pid": 69179,
    "index": 11
  },
  {
    "name": "Require(9) node_modules/egg-development/config/config.default.js",
    "start": 1565848176700,
    "end": 1565848176700,
    "duration": 0,
    "pid": 69179,
    "index": 12
  },
  {
    "name": "Require(10) node_modules/egg-logrotator/config/config.default.js",
    "start": 1565848176700,
    "end": 1565848176700,
    "duration": 0,
    "pid": 69179,
    "index": 13
  },
  {
    "name": "Require(11) node_modules/egg-static/config/config.default.js",
    "start": 1565848176700,
    "end": 1565848176701,
    "duration": 1,
    "pid": 69179,
    "index": 14
  },
  {
    "name": "Require(12) node_modules/egg-view/config/config.default.js",
    "start": 1565848176701,
    "end": 1565848176701,
    "duration": 0,
    "pid": 69179,
    "index": 15
  },
  {
    "name": "Require(13) node_modules/egg-view-nunjucks/config/config.default.js",
    "start": 1565848176701,
    "end": 1565848176702,
    "duration": 1,
    "pid": 69179,
    "index": 16
  },
  {
    "name": "Require(14) node_modules/egg-redis/config/config.default.js",
    "start": 1565848176702,
    "end": 1565848176702,
    "duration": 0,
    "pid": 69179,
    "index": 17
  },
  {
    "name": "Require(15) node_modules/egg-mongoose/config/config.default.js",
    "start": 1565848176702,
    "end": 1565848176702,
    "duration": 0,
    "pid": 69179,
    "index": 18
  },
  {
    "name": "Require(16) node_modules/egg/config/config.default.js",
    "start": 1565848176703,
    "end": 1565848176703,
    "duration": 0,
    "pid": 69179,
    "index": 19
  },
  {
    "name": "Require(17) config/config.default.js",
    "start": 1565848176705,
    "end": 1565848176705,
    "duration": 0,
    "pid": 69179,
    "index": 20
  },
  {
    "name": "Require(18) node_modules/egg-security/config/config.local.js",
    "start": 1565848176711,
    "end": 1565848176712,
    "duration": 1,
    "pid": 69179,
    "index": 21
  },
  {
    "name": "Require(19) node_modules/egg-watcher/config/config.local.js",
    "start": 1565848176712,
    "end": 1565848176712,
    "duration": 0,
    "pid": 69179,
    "index": 22
  },
  {
    "name": "Require(20) node_modules/egg-view/config/config.local.js",
    "start": 1565848176713,
    "end": 1565848176713,
    "duration": 0,
    "pid": 69179,
    "index": 23
  },
  {
    "name": "Require(21) node_modules/egg-view-nunjucks/config/config.local.js",
    "start": 1565848176713,
    "end": 1565848176713,
    "duration": 0,
    "pid": 69179,
    "index": 24
  },
  {
    "name": "Require(22) node_modules/egg/config/config.local.js",
    "start": 1565848176714,
    "end": 1565848176714,
    "duration": 0,
    "pid": 69179,
    "index": 25
  },
  {
    "name": "Load extend/application.js",
    "start": 1565848176715,
    "end": 1565848176734,
    "duration": 19,
    "pid": 69179,
    "index": 26
  },
  {
    "name": "Require(23) node_modules/egg-session/app/extend/application.js",
    "start": 1565848176715,
    "end": 1565848176716,
    "duration": 1,
    "pid": 69179,
    "index": 27
  },
  {
    "name": "Require(24) node_modules/egg-security/app/extend/application.js",
    "start": 1565848176716,
    "end": 1565848176716,
    "duration": 0,
    "pid": 69179,
    "index": 28
  },
  {
    "name": "Require(25) node_modules/egg-jsonp/app/extend/application.js",
    "start": 1565848176716,
    "end": 1565848176717,
    "duration": 1,
    "pid": 69179,
    "index": 29
  },
  {
    "name": "Require(26) node_modules/egg-logrotator/app/extend/application.js",
    "start": 1565848176717,
    "end": 1565848176718,
    "duration": 1,
    "pid": 69179,
    "index": 30
  },
  {
    "name": "Require(27) node_modules/egg-view/app/extend/application.js",
    "start": 1565848176718,
    "end": 1565848176719,
    "duration": 1,
    "pid": 69179,
    "index": 31
  },
  {
    "name": "Require(28) node_modules/egg-view-nunjucks/app/extend/application.js",
    "start": 1565848176719,
    "end": 1565848176733,
    "duration": 14,
    "pid": 69179,
    "index": 32
  },
  {
    "name": "Load extend/request.js",
    "start": 1565848176734,
    "end": 1565848176736,
    "duration": 2,
    "pid": 69179,
    "index": 33
  },
  {
    "name": "Require(29) node_modules/egg/app/extend/request.js",
    "start": 1565848176734,
    "end": 1565848176735,
    "duration": 1,
    "pid": 69179,
    "index": 34
  },
  {
    "name": "Load extend/response.js",
    "start": 1565848176736,
    "end": 1565848176737,
    "duration": 1,
    "pid": 69179,
    "index": 35
  },
  {
    "name": "Require(30) node_modules/egg/app/extend/response.js",
    "start": 1565848176736,
    "end": 1565848176737,
    "duration": 1,
    "pid": 69179,
    "index": 36
  },
  {
    "name": "Load extend/context.js",
    "start": 1565848176737,
    "end": 1565848176767,
    "duration": 30,
    "pid": 69179,
    "index": 37
  },
  {
    "name": "Require(31) node_modules/egg-security/app/extend/context.js",
    "start": 1565848176737,
    "end": 1565848176741,
    "duration": 4,
    "pid": 69179,
    "index": 38
  },
  {
    "name": "Require(32) node_modules/egg-jsonp/app/extend/context.js",
    "start": 1565848176741,
    "end": 1565848176742,
    "duration": 1,
    "pid": 69179,
    "index": 39
  },
  {
    "name": "Require(33) node_modules/egg-i18n/app/extend/context.js",
    "start": 1565848176742,
    "end": 1565848176742,
    "duration": 0,
    "pid": 69179,
    "index": 40
  },
  {
    "name": "Require(34) node_modules/egg-multipart/app/extend/context.js",
    "start": 1565848176743,
    "end": 1565848176765,
    "duration": 22,
    "pid": 69179,
    "index": 41
  },
  {
    "name": "Require(35) node_modules/egg-view/app/extend/context.js",
    "start": 1565848176765,
    "end": 1565848176765,
    "duration": 0,
    "pid": 69179,
    "index": 42
  },
  {
    "name": "Require(36) node_modules/egg-mongoose/app/extend/context.js",
    "start": 1565848176766,
    "end": 1565848176766,
    "duration": 0,
    "pid": 69179,
    "index": 43
  },
  {
    "name": "Require(37) node_modules/egg/app/extend/context.js",
    "start": 1565848176766,
    "end": 1565848176766,
    "duration": 0,
    "pid": 69179,
    "index": 44
  },
  {
    "name": "Load extend/helper.js",
    "start": 1565848176767,
    "end": 1565848176776,
    "duration": 9,
    "pid": 69179,
    "index": 45
  },
  {
    "name": "Require(38) node_modules/egg-security/app/extend/helper.js",
    "start": 1565848176767,
    "end": 1565848176775,
    "duration": 8,
    "pid": 69179,
    "index": 46
  },
  {
    "name": "Require(39) node_modules/egg/app/extend/helper.js",
    "start": 1565848176775,
    "end": 1565848176776,
    "duration": 1,
    "pid": 69179,
    "index": 47
  },
  {
    "name": "Load app.js",
    "start": 1565848176777,
    "end": 1565848176792,
    "duration": 15,
    "pid": 69179,
    "index": 48
  },
  {
    "name": "Require(40) node_modules/egg-session/app.js",
    "start": 1565848176777,
    "end": 1565848176777,
    "duration": 0,
    "pid": 69179,
    "index": 49
  },
  {
    "name": "Require(41) node_modules/egg-security/app.js",
    "start": 1565848176777,
    "end": 1565848176778,
    "duration": 1,
    "pid": 69179,
    "index": 50
  },
  {
    "name": "Require(42) node_modules/egg-onerror/app.js",
    "start": 1565848176778,
    "end": 1565848176782,
    "duration": 4,
    "pid": 69179,
    "index": 51
  },
  {
    "name": "Require(43) node_modules/egg-i18n/app.js",
    "start": 1565848176782,
    "end": 1565848176787,
    "duration": 5,
    "pid": 69179,
    "index": 52
  },
  {
    "name": "Require(44) node_modules/egg-watcher/app.js",
    "start": 1565848176787,
    "end": 1565848176788,
    "duration": 1,
    "pid": 69179,
    "index": 53
  },
  {
    "name": "Require(45) node_modules/egg-schedule/app.js",
    "start": 1565848176789,
    "end": 1565848176789,
    "duration": 0,
    "pid": 69179,
    "index": 54
  },
  {
    "name": "Require(46) node_modules/egg-multipart/app.js",
    "start": 1565848176789,
    "end": 1565848176790,
    "duration": 1,
    "pid": 69179,
    "index": 55
  },
  {
    "name": "Require(47) node_modules/egg-development/app.js",
    "start": 1565848176790,
    "end": 1565848176790,
    "duration": 0,
    "pid": 69179,
    "index": 56
  },
  {
    "name": "Require(48) node_modules/egg-logrotator/app.js",
    "start": 1565848176790,
    "end": 1565848176790,
    "duration": 0,
    "pid": 69179,
    "index": 57
  },
  {
    "name": "Require(49) node_modules/egg-static/app.js",
    "start": 1565848176790,
    "end": 1565848176790,
    "duration": 0,
    "pid": 69179,
    "index": 58
  },
  {
    "name": "Require(50) node_modules/egg-view-nunjucks/app.js",
    "start": 1565848176791,
    "end": 1565848176791,
    "duration": 0,
    "pid": 69179,
    "index": 59
  },
  {
    "name": "Require(51) node_modules/egg-redis/app.js",
    "start": 1565848176791,
    "end": 1565848176791,
    "duration": 0,
    "pid": 69179,
    "index": 60
  },
  {
    "name": "Require(52) node_modules/egg-mongoose/app.js",
    "start": 1565848176791,
    "end": 1565848176791,
    "duration": 0,
    "pid": 69179,
    "index": 61
  },
  {
    "name": "Require(53) app.js",
    "start": 1565848176792,
    "end": 1565848176792,
    "duration": 0,
    "pid": 69179,
    "index": 62
  },
  {
    "name": "Before Start in node_modules/egg-watcher/lib/init.js:15:14",
    "start": 1565848176799,
    "end": 1565848177075,
    "duration": 276,
    "pid": 69179,
    "index": 63
  },
  {
    "name": "Before Start in node_modules/egg-redis/lib/redis.js:53:7",
    "start": 1565848176842,
    "end": 1565848177073,
    "duration": 231,
    "pid": 69179,
    "index": 64
  },
  {
    "name": "Before Start in node_modules/egg-mongoose/lib/mongoose.js:91:7",
    "start": 1565848176999,
    "end": 1565848177070,
    "duration": 71,
    "pid": 69179,
    "index": 65
  },
  {
    "name": "Before Start in node_modules/egg-mongoose/lib/mongoose.js:49:9",
    "start": 1565848176999,
    "end": 1565848177055,
    "duration": 56,
    "pid": 69179,
    "index": 66
  },
  {
    "name": "Load Service",
    "start": 1565848176999,
    "end": 1565848177002,
    "duration": 3,
    "pid": 69179,
    "index": 67
  },
  {
    "name": "Load \"service\" to Context",
    "start": 1565848176999,
    "end": 1565848177002,
    "duration": 3,
    "pid": 69179,
    "index": 68
  },
  {
    "name": "Load Middleware",
    "start": 1565848177002,
    "end": 1565848177035,
    "duration": 33,
    "pid": 69179,
    "index": 69
  },
  {
    "name": "Load \"middlewares\" to Application",
    "start": 1565848177003,
    "end": 1565848177030,
    "duration": 27,
    "pid": 69179,
    "index": 70
  },
  {
    "name": "Load Controller",
    "start": 1565848177035,
    "end": 1565848177037,
    "duration": 2,
    "pid": 69179,
    "index": 71
  },
  {
    "name": "Load \"controller\" to Application",
    "start": 1565848177035,
    "end": 1565848177037,
    "duration": 2,
    "pid": 69179,
    "index": 72
  },
  {
    "name": "Load Router",
    "start": 1565848177037,
    "end": 1565848177039,
    "duration": 2,
    "pid": 69179,
    "index": 73
  },
  {
    "name": "Require(54) app/router.js",
    "start": 1565848177037,
    "end": 1565848177037,
    "duration": 0,
    "pid": 69179,
    "index": 74
  },
  {
    "name": "Before Start in node_modules/egg-core/lib/egg.js:303:10",
    "start": 1565848177038,
    "end": 1565848177055,
    "duration": 17,
    "pid": 69179,
    "index": 75
  },
  {
    "name": "Load \"model\" to Application",
    "start": 1565848177046,
    "end": 1565848177054,
    "duration": 8,
    "pid": 69179,
    "index": 76
  }
]