[
  {
    "name": "Application Start",
    "start": 1565846500266,
    "end": 1565846500842,
    "duration": 576,
    "pid": 68535,
    "index": 0
  },
  {
    "name": "Load Plugin",
    "start": 1565846500270,
    "end": 1565846500281,
    "duration": 11,
    "pid": 68535,
    "index": 1
  },
  {
    "name": "Load Config",
    "start": 1565846500281,
    "end": 1565846500301,
    "duration": 20,
    "pid": 68535,
    "index": 2
  },
  {
    "name": "Require(0) config/config.default.js",
    "start": 1565846500282,
    "end": 1565846500283,
    "duration": 1,
    "pid": 68535,
    "index": 3
  },
  {
    "name": "Require(1) node_modules/egg-session/config/config.default.js",
    "start": 1565846500284,
    "end": 1565846500284,
    "duration": 0,
    "pid": 68535,
    "index": 4
  },
  {
    "name": "Require(2) node_modules/egg-security/config/config.default.js",
    "start": 1565846500284,
    "end": 1565846500285,
    "duration": 1,
    "pid": 68535,
    "index": 5
  },
  {
    "name": "Require(3) node_modules/egg-jsonp/config/config.default.js",
    "start": 1565846500285,
    "end": 1565846500286,
    "duration": 1,
    "pid": 68535,
    "index": 6
  },
  {
    "name": "Require(4) node_modules/egg-onerror/config/config.default.js",
    "start": 1565846500286,
    "end": 1565846500287,
    "duration": 1,
    "pid": 68535,
    "index": 7
  },
  {
    "name": "Require(5) node_modules/egg-i18n/config/config.default.js",
    "start": 1565846500287,
    "end": 1565846500288,
    "duration": 1,
    "pid": 68535,
    "index": 8
  },
  {
    "name": "Require(6) node_modules/egg-watcher/config/config.default.js",
    "start": 1565846500288,
    "end": 1565846500289,
    "duration": 1,
    "pid": 68535,
    "index": 9
  },
  {
    "name": "Require(7) node_modules/egg-schedule/config/config.default.js",
    "start": 1565846500289,
    "end": 1565846500289,
    "duration": 0,
    "pid": 68535,
    "index": 10
  },
  {
    "name": "Require(8) node_modules/egg-multipart/config/config.default.js",
    "start": 1565846500290,
    "end": 1565846500290,
    "duration": 0,
    "pid": 68535,
    "index": 11
  },
  {
    "name": "Require(9) node_modules/egg-development/config/config.default.js",
    "start": 1565846500291,
    "end": 1565846500291,
    "duration": 0,
    "pid": 68535,
    "index": 12
  },
  {
    "name": "Require(10) node_modules/egg-logrotator/config/config.default.js",
    "start": 1565846500291,
    "end": 1565846500292,
    "duration": 1,
    "pid": 68535,
    "index": 13
  },
  {
    "name": "Require(11) node_modules/egg-static/config/config.default.js",
    "start": 1565846500292,
    "end": 1565846500293,
    "duration": 1,
    "pid": 68535,
    "index": 14
  },
  {
    "name": "Require(12) node_modules/egg-view/config/config.default.js",
    "start": 1565846500293,
    "end": 1565846500293,
    "duration": 0,
    "pid": 68535,
    "index": 15
  },
  {
    "name": "Require(13) node_modules/egg-view-nunjucks/config/config.default.js",
    "start": 1565846500293,
    "end": 1565846500294,
    "duration": 1,
    "pid": 68535,
    "index": 16
  },
  {
    "name": "Require(14) node_modules/egg-redis/config/config.default.js",
    "start": 1565846500294,
    "end": 1565846500294,
    "duration": 0,
    "pid": 68535,
    "index": 17
  },
  {
    "name": "Require(15) node_modules/egg-mongoose/config/config.default.js",
    "start": 1565846500295,
    "end": 1565846500295,
    "duration": 0,
    "pid": 68535,
    "index": 18
  },
  {
    "name": "Require(16) node_modules/egg/config/config.default.js",
    "start": 1565846500295,
    "end": 1565846500296,
    "duration": 1,
    "pid": 68535,
    "index": 19
  },
  {
    "name": "Require(17) config/config.default.js",
    "start": 1565846500297,
    "end": 1565846500297,
    "duration": 0,
    "pid": 68535,
    "index": 20
  },
  {
    "name": "Require(18) node_modules/egg-security/config/config.local.js",
    "start": 1565846500297,
    "end": 1565846500298,
    "duration": 1,
    "pid": 68535,
    "index": 21
  },
  {
    "name": "Require(19) node_modules/egg-watcher/config/config.local.js",
    "start": 1565846500298,
    "end": 1565846500299,
    "duration": 1,
    "pid": 68535,
    "index": 22
  },
  {
    "name": "Require(20) node_modules/egg-view/config/config.local.js",
    "start": 1565846500299,
    "end": 1565846500300,
    "duration": 1,
    "pid": 68535,
    "index": 23
  },
  {
    "name": "Require(21) node_modules/egg-view-nunjucks/config/config.local.js",
    "start": 1565846500300,
    "end": 1565846500300,
    "duration": 0,
    "pid": 68535,
    "index": 24
  },
  {
    "name": "Require(22) node_modules/egg/config/config.local.js",
    "start": 1565846500300,
    "end": 1565846500301,
    "duration": 1,
    "pid": 68535,
    "index": 25
  },
  {
    "name": "Load extend/application.js",
    "start": 1565846500302,
    "end": 1565846500331,
    "duration": 29,
    "pid": 68535,
    "index": 26
  },
  {
    "name": "Require(23) node_modules/egg-session/app/extend/application.js",
    "start": 1565846500302,
    "end": 1565846500303,
    "duration": 1,
    "pid": 68535,
    "index": 27
  },
  {
    "name": "Require(24) node_modules/egg-security/app/extend/application.js",
    "start": 1565846500303,
    "end": 1565846500303,
    "duration": 0,
    "pid": 68535,
    "index": 28
  },
  {
    "name": "Require(25) node_modules/egg-jsonp/app/extend/application.js",
    "start": 1565846500304,
    "end": 1565846500305,
    "duration": 1,
    "pid": 68535,
    "index": 29
  },
  {
    "name": "Require(26) node_modules/egg-logrotator/app/extend/application.js",
    "start": 1565846500305,
    "end": 1565846500306,
    "duration": 1,
    "pid": 68535,
    "index": 30
  },
  {
    "name": "Require(27) node_modules/egg-view/app/extend/application.js",
    "start": 1565846500306,
    "end": 1565846500307,
    "duration": 1,
    "pid": 68535,
    "index": 31
  },
  {
    "name": "Require(28) node_modules/egg-view-nunjucks/app/extend/application.js",
    "start": 1565846500308,
    "end": 1565846500329,
    "duration": 21,
    "pid": 68535,
    "index": 32
  },
  {
    "name": "Load extend/request.js",
    "start": 1565846500331,
    "end": 1565846500333,
    "duration": 2,
    "pid": 68535,
    "index": 33
  },
  {
    "name": "Require(29) node_modules/egg/app/extend/request.js",
    "start": 1565846500331,
    "end": 1565846500332,
    "duration": 1,
    "pid": 68535,
    "index": 34
  },
  {
    "name": "Load extend/response.js",
    "start": 1565846500333,
    "end": 1565846500335,
    "duration": 2,
    "pid": 68535,
    "index": 35
  },
  {
    "name": "Require(30) node_modules/egg/app/extend/response.js",
    "start": 1565846500334,
    "end": 1565846500335,
    "duration": 1,
    "pid": 68535,
    "index": 36
  },
  {
    "name": "Load extend/context.js",
    "start": 1565846500335,
    "end": 1565846500374,
    "duration": 39,
    "pid": 68535,
    "index": 37
  },
  {
    "name": "Require(31) node_modules/egg-security/app/extend/context.js",
    "start": 1565846500335,
    "end": 1565846500341,
    "duration": 6,
    "pid": 68535,
    "index": 38
  },
  {
    "name": "Require(32) node_modules/egg-jsonp/app/extend/context.js",
    "start": 1565846500341,
    "end": 1565846500343,
    "duration": 2,
    "pid": 68535,
    "index": 39
  },
  {
    "name": "Require(33) node_modules/egg-i18n/app/extend/context.js",
    "start": 1565846500343,
    "end": 1565846500343,
    "duration": 0,
    "pid": 68535,
    "index": 40
  },
  {
    "name": "Require(34) node_modules/egg-multipart/app/extend/context.js",
    "start": 1565846500343,
    "end": 1565846500371,
    "duration": 28,
    "pid": 68535,
    "index": 41
  },
  {
    "name": "Require(35) node_modules/egg-view/app/extend/context.js",
    "start": 1565846500371,
    "end": 1565846500372,
    "duration": 1,
    "pid": 68535,
    "index": 42
  },
  {
    "name": "Require(36) node_modules/egg-mongoose/app/extend/context.js",
    "start": 1565846500372,
    "end": 1565846500373,
    "duration": 1,
    "pid": 68535,
    "index": 43
  },
  {
    "name": "Require(37) node_modules/egg/app/extend/context.js",
    "start": 1565846500373,
    "end": 1565846500374,
    "duration": 1,
    "pid": 68535,
    "index": 44
  },
  {
    "name": "Load extend/helper.js",
    "start": 1565846500375,
    "end": 1565846500388,
    "duration": 13,
    "pid": 68535,
    "index": 45
  },
  {
    "name": "Require(38) node_modules/egg-security/app/extend/helper.js",
    "start": 1565846500375,
    "end": 1565846500387,
    "duration": 12,
    "pid": 68535,
    "index": 46
  },
  {
    "name": "Require(39) node_modules/egg/app/extend/helper.js",
    "start": 1565846500387,
    "end": 1565846500388,
    "duration": 1,
    "pid": 68535,
    "index": 47
  },
  {
    "name": "Load app.js",
    "start": 1565846500389,
    "end": 1565846500414,
    "duration": 25,
    "pid": 68535,
    "index": 48
  },
  {
    "name": "Require(40) node_modules/egg-session/app.js",
    "start": 1565846500389,
    "end": 1565846500389,
    "duration": 0,
    "pid": 68535,
    "index": 49
  },
  {
    "name": "Require(41) node_modules/egg-security/app.js",
    "start": 1565846500389,
    "end": 1565846500390,
    "duration": 1,
    "pid": 68535,
    "index": 50
  },
  {
    "name": "Require(42) node_modules/egg-onerror/app.js",
    "start": 1565846500391,
    "end": 1565846500395,
    "duration": 4,
    "pid": 68535,
    "index": 51
  },
  {
    "name": "Require(43) node_modules/egg-i18n/app.js",
    "start": 1565846500396,
    "end": 1565846500405,
    "duration": 9,
    "pid": 68535,
    "index": 52
  },
  {
    "name": "Require(44) node_modules/egg-watcher/app.js",
    "start": 1565846500405,
    "end": 1565846500407,
    "duration": 2,
    "pid": 68535,
    "index": 53
  },
  {
    "name": "Require(45) node_modules/egg-schedule/app.js",
    "start": 1565846500407,
    "end": 1565846500408,
    "duration": 1,
    "pid": 68535,
    "index": 54
  },
  {
    "name": "Require(46) node_modules/egg-multipart/app.js",
    "start": 1565846500409,
    "end": 1565846500410,
    "duration": 1,
    "pid": 68535,
    "index": 55
  },
  {
    "name": "Require(47) node_modules/egg-development/app.js",
    "start": 1565846500410,
    "end": 1565846500411,
    "duration": 1,
    "pid": 68535,
    "index": 56
  },
  {
    "name": "Require(48) node_modules/egg-logrotator/app.js",
    "start": 1565846500411,
    "end": 1565846500411,
    "duration": 0,
    "pid": 68535,
    "index": 57
  },
  {
    "name": "Require(49) node_modules/egg-static/app.js",
    "start": 1565846500411,
    "end": 1565846500412,
    "duration": 1,
    "pid": 68535,
    "index": 58
  },
  {
    "name": "Require(50) node_modules/egg-view-nunjucks/app.js",
    "start": 1565846500412,
    "end": 1565846500412,
    "duration": 0,
    "pid": 68535,
    "index": 59
  },
  {
    "name": "Require(51) node_modules/egg-redis/app.js",
    "start": 1565846500412,
    "end": 1565846500413,
    "duration": 1,
    "pid": 68535,
    "index": 60
  },
  {
    "name": "Require(52) node_modules/egg-mongoose/app.js",
    "start": 1565846500413,
    "end": 1565846500414,
    "duration": 1,
    "pid": 68535,
    "index": 61
  },
  {
    "name": "Before Start in node_modules/egg-watcher/lib/init.js:15:14",
    "start": 1565846500422,
    "end": 1565846500841,
    "duration": 419,
    "pid": 68535,
    "index": 62
  },
  {
    "name": "Before Start in node_modules/egg-redis/lib/redis.js:53:7",
    "start": 1565846500486,
    "end": 1565846500839,
    "duration": 353,
    "pid": 68535,
    "index": 63
  },
  {
    "name": "Before Start in node_modules/egg-mongoose/lib/mongoose.js:91:7",
    "start": 1565846500742,
    "end": 1565846500837,
    "duration": 95,
    "pid": 68535,
    "index": 64
  },
  {
    "name": "Before Start in node_modules/egg-mongoose/lib/mongoose.js:49:9",
    "start": 1565846500742,
    "end": 1565846500825,
    "duration": 83,
    "pid": 68535,
    "index": 65
  },
  {
    "name": "Load Service",
    "start": 1565846500742,
    "end": 1565846500746,
    "duration": 4,
    "pid": 68535,
    "index": 66
  },
  {
    "name": "Load \"service\" to Context",
    "start": 1565846500742,
    "end": 1565846500746,
    "duration": 4,
    "pid": 68535,
    "index": 67
  },
  {
    "name": "Load Middleware",
    "start": 1565846500746,
    "end": 1565846500803,
    "duration": 57,
    "pid": 68535,
    "index": 68
  },
  {
    "name": "Load \"middlewares\" to Application",
    "start": 1565846500746,
    "end": 1565846500793,
    "duration": 47,
    "pid": 68535,
    "index": 69
  },
  {
    "name": "Load Controller",
    "start": 1565846500803,
    "end": 1565846500805,
    "duration": 2,
    "pid": 68535,
    "index": 70
  },
  {
    "name": "Load \"controller\" to Application",
    "start": 1565846500803,
    "end": 1565846500805,
    "duration": 2,
    "pid": 68535,
    "index": 71
  },
  {
    "name": "Load Router",
    "start": 1565846500805,
    "end": 1565846500808,
    "duration": 3,
    "pid": 68535,
    "index": 72
  },
  {
    "name": "Require(53) app/router.js",
    "start": 1565846500805,
    "end": 1565846500806,
    "duration": 1,
    "pid": 68535,
    "index": 73
  },
  {
    "name": "Before Start in node_modules/egg-core/lib/egg.js:303:10",
    "start": 1565846500806,
    "end": 1565846500825,
    "duration": 19,
    "pid": 68535,
    "index": 74
  },
  {
    "name": "Load \"model\" to Application",
    "start": 1565846500816,
    "end": 1565846500824,
    "duration": 8,
    "pid": 68535,
    "index": 75
  }
]