[
  {
    "name": "Application Start",
    "start": 1562696412266,
    "end": 1562696412820,
    "duration": 554,
    "pid": 29473,
    "index": 0
  },
  {
    "name": "Load Plugin",
    "start": 1562696412271,
    "end": 1562696412292,
    "duration": 21,
    "pid": 29473,
    "index": 1
  },
  {
    "name": "Load Config",
    "start": 1562696412292,
    "end": 1562696412323,
    "duration": 31,
    "pid": 29473,
    "index": 2
  },
  {
    "name": "Require(0) config/config.default.js",
    "start": 1562696412293,
    "end": 1562696412294,
    "duration": 1,
    "pid": 29473,
    "index": 3
  },
  {
    "name": "Require(1) node_modules/egg-session/config/config.default.js",
    "start": 1562696412296,
    "end": 1562696412296,
    "duration": 0,
    "pid": 29473,
    "index": 4
  },
  {
    "name": "Require(2) node_modules/egg-security/config/config.default.js",
    "start": 1562696412297,
    "end": 1562696412298,
    "duration": 1,
    "pid": 29473,
    "index": 5
  },
  {
    "name": "Require(3) node_modules/egg-jsonp/config/config.default.js",
    "start": 1562696412299,
    "end": 1562696412299,
    "duration": 0,
    "pid": 29473,
    "index": 6
  },
  {
    "name": "Require(4) node_modules/egg-onerror/config/config.default.js",
    "start": 1562696412300,
    "end": 1562696412301,
    "duration": 1,
    "pid": 29473,
    "index": 7
  },
  {
    "name": "Require(5) node_modules/egg-i18n/config/config.default.js",
    "start": 1562696412301,
    "end": 1562696412302,
    "duration": 1,
    "pid": 29473,
    "index": 8
  },
  {
    "name": "Require(6) node_modules/egg-watcher/config/config.default.js",
    "start": 1562696412303,
    "end": 1562696412304,
    "duration": 1,
    "pid": 29473,
    "index": 9
  },
  {
    "name": "Require(7) node_modules/egg-schedule/config/config.default.js",
    "start": 1562696412304,
    "end": 1562696412305,
    "duration": 1,
    "pid": 29473,
    "index": 10
  },
  {
    "name": "Require(8) node_modules/egg-multipart/config/config.default.js",
    "start": 1562696412305,
    "end": 1562696412306,
    "duration": 1,
    "pid": 29473,
    "index": 11
  },
  {
    "name": "Require(9) node_modules/egg-development/config/config.default.js",
    "start": 1562696412307,
    "end": 1562696412307,
    "duration": 0,
    "pid": 29473,
    "index": 12
  },
  {
    "name": "Require(10) node_modules/egg-logrotator/config/config.default.js",
    "start": 1562696412308,
    "end": 1562696412309,
    "duration": 1,
    "pid": 29473,
    "index": 13
  },
  {
    "name": "Require(11) node_modules/egg-static/config/config.default.js",
    "start": 1562696412309,
    "end": 1562696412310,
    "duration": 1,
    "pid": 29473,
    "index": 14
  },
  {
    "name": "Require(12) node_modules/egg-view/config/config.default.js",
    "start": 1562696412311,
    "end": 1562696412311,
    "duration": 0,
    "pid": 29473,
    "index": 15
  },
  {
    "name": "Require(13) node_modules/egg-mongoose/config/config.default.js",
    "start": 1562696412312,
    "end": 1562696412313,
    "duration": 1,
    "pid": 29473,
    "index": 16
  },
  {
    "name": "Require(14) node_modules/egg-validate/config/config.default.js",
    "start": 1562696412313,
    "end": 1562696412313,
    "duration": 0,
    "pid": 29473,
    "index": 17
  },
  {
    "name": "Require(15) node_modules/egg/config/config.default.js",
    "start": 1562696412316,
    "end": 1562696412317,
    "duration": 1,
    "pid": 29473,
    "index": 18
  },
  {
    "name": "Require(16) config/config.default.js",
    "start": 1562696412319,
    "end": 1562696412319,
    "duration": 0,
    "pid": 29473,
    "index": 19
  },
  {
    "name": "Require(17) node_modules/egg-security/config/config.local.js",
    "start": 1562696412319,
    "end": 1562696412320,
    "duration": 1,
    "pid": 29473,
    "index": 20
  },
  {
    "name": "Require(18) node_modules/egg-watcher/config/config.local.js",
    "start": 1562696412320,
    "end": 1562696412321,
    "duration": 1,
    "pid": 29473,
    "index": 21
  },
  {
    "name": "Require(19) node_modules/egg-view/config/config.local.js",
    "start": 1562696412322,
    "end": 1562696412322,
    "duration": 0,
    "pid": 29473,
    "index": 22
  },
  {
    "name": "Require(20) node_modules/egg/config/config.local.js",
    "start": 1562696412323,
    "end": 1562696412323,
    "duration": 0,
    "pid": 29473,
    "index": 23
  },
  {
    "name": "Load extend/application.js",
    "start": 1562696412324,
    "end": 1562696412338,
    "duration": 14,
    "pid": 29473,
    "index": 24
  },
  {
    "name": "Require(21) node_modules/egg-session/app/extend/application.js",
    "start": 1562696412325,
    "end": 1562696412325,
    "duration": 0,
    "pid": 29473,
    "index": 25
  },
  {
    "name": "Require(22) node_modules/egg-security/app/extend/application.js",
    "start": 1562696412325,
    "end": 1562696412326,
    "duration": 1,
    "pid": 29473,
    "index": 26
  },
  {
    "name": "Require(23) node_modules/egg-jsonp/app/extend/application.js",
    "start": 1562696412327,
    "end": 1562696412328,
    "duration": 1,
    "pid": 29473,
    "index": 27
  },
  {
    "name": "Require(24) node_modules/egg-logrotator/app/extend/application.js",
    "start": 1562696412329,
    "end": 1562696412335,
    "duration": 6,
    "pid": 29473,
    "index": 28
  },
  {
    "name": "Require(25) node_modules/egg-view/app/extend/application.js",
    "start": 1562696412335,
    "end": 1562696412338,
    "duration": 3,
    "pid": 29473,
    "index": 29
  },
  {
    "name": "Load extend/request.js",
    "start": 1562696412338,
    "end": 1562696412341,
    "duration": 3,
    "pid": 29473,
    "index": 30
  },
  {
    "name": "Require(26) node_modules/egg/app/extend/request.js",
    "start": 1562696412339,
    "end": 1562696412340,
    "duration": 1,
    "pid": 29473,
    "index": 31
  },
  {
    "name": "Load extend/response.js",
    "start": 1562696412341,
    "end": 1562696412343,
    "duration": 2,
    "pid": 29473,
    "index": 32
  },
  {
    "name": "Require(27) node_modules/egg/app/extend/response.js",
    "start": 1562696412342,
    "end": 1562696412342,
    "duration": 0,
    "pid": 29473,
    "index": 33
  },
  {
    "name": "Load extend/context.js",
    "start": 1562696412343,
    "end": 1562696412396,
    "duration": 53,
    "pid": 29473,
    "index": 34
  },
  {
    "name": "Require(28) node_modules/egg-security/app/extend/context.js",
    "start": 1562696412343,
    "end": 1562696412353,
    "duration": 10,
    "pid": 29473,
    "index": 35
  },
  {
    "name": "Require(29) node_modules/egg-jsonp/app/extend/context.js",
    "start": 1562696412353,
    "end": 1562696412355,
    "duration": 2,
    "pid": 29473,
    "index": 36
  },
  {
    "name": "Require(30) node_modules/egg-i18n/app/extend/context.js",
    "start": 1562696412355,
    "end": 1562696412356,
    "duration": 1,
    "pid": 29473,
    "index": 37
  },
  {
    "name": "Require(31) node_modules/egg-multipart/app/extend/context.js",
    "start": 1562696412356,
    "end": 1562696412391,
    "duration": 35,
    "pid": 29473,
    "index": 38
  },
  {
    "name": "Require(32) node_modules/egg-view/app/extend/context.js",
    "start": 1562696412391,
    "end": 1562696412393,
    "duration": 2,
    "pid": 29473,
    "index": 39
  },
  {
    "name": "Require(33) node_modules/egg-mongoose/app/extend/context.js",
    "start": 1562696412393,
    "end": 1562696412393,
    "duration": 0,
    "pid": 29473,
    "index": 40
  },
  {
    "name": "Require(34) node_modules/egg-validate/app/extend/context.js",
    "start": 1562696412394,
    "end": 1562696412394,
    "duration": 0,
    "pid": 29473,
    "index": 41
  },
  {
    "name": "Require(35) node_modules/egg/app/extend/context.js",
    "start": 1562696412394,
    "end": 1562696412396,
    "duration": 2,
    "pid": 29473,
    "index": 42
  },
  {
    "name": "Load extend/helper.js",
    "start": 1562696412396,
    "end": 1562696412414,
    "duration": 18,
    "pid": 29473,
    "index": 43
  },
  {
    "name": "Require(36) node_modules/egg-security/app/extend/helper.js",
    "start": 1562696412397,
    "end": 1562696412412,
    "duration": 15,
    "pid": 29473,
    "index": 44
  },
  {
    "name": "Require(37) node_modules/egg/app/extend/helper.js",
    "start": 1562696412413,
    "end": 1562696412413,
    "duration": 0,
    "pid": 29473,
    "index": 45
  },
  {
    "name": "Load app.js",
    "start": 1562696412414,
    "end": 1562696412447,
    "duration": 33,
    "pid": 29473,
    "index": 46
  },
  {
    "name": "Require(38) node_modules/egg-session/app.js",
    "start": 1562696412414,
    "end": 1562696412415,
    "duration": 1,
    "pid": 29473,
    "index": 47
  },
  {
    "name": "Require(39) node_modules/egg-security/app.js",
    "start": 1562696412415,
    "end": 1562696412416,
    "duration": 1,
    "pid": 29473,
    "index": 48
  },
  {
    "name": "Require(40) node_modules/egg-onerror/app.js",
    "start": 1562696412416,
    "end": 1562696412423,
    "duration": 7,
    "pid": 29473,
    "index": 49
  },
  {
    "name": "Require(41) node_modules/egg-i18n/app.js",
    "start": 1562696412423,
    "end": 1562696412434,
    "duration": 11,
    "pid": 29473,
    "index": 50
  },
  {
    "name": "Require(42) node_modules/egg-watcher/app.js",
    "start": 1562696412434,
    "end": 1562696412437,
    "duration": 3,
    "pid": 29473,
    "index": 51
  },
  {
    "name": "Require(43) node_modules/egg-schedule/app.js",
    "start": 1562696412437,
    "end": 1562696412439,
    "duration": 2,
    "pid": 29473,
    "index": 52
  },
  {
    "name": "Require(44) node_modules/egg-multipart/app.js",
    "start": 1562696412440,
    "end": 1562696412442,
    "duration": 2,
    "pid": 29473,
    "index": 53
  },
  {
    "name": "Require(45) node_modules/egg-development/app.js",
    "start": 1562696412442,
    "end": 1562696412443,
    "duration": 1,
    "pid": 29473,
    "index": 54
  },
  {
    "name": "Require(46) node_modules/egg-logrotator/app.js",
    "start": 1562696412443,
    "end": 1562696412443,
    "duration": 0,
    "pid": 29473,
    "index": 55
  },
  {
    "name": "Require(47) node_modules/egg-static/app.js",
    "start": 1562696412443,
    "end": 1562696412444,
    "duration": 1,
    "pid": 29473,
    "index": 56
  },
  {
    "name": "Require(48) node_modules/egg-mongoose/app.js",
    "start": 1562696412444,
    "end": 1562696412445,
    "duration": 1,
    "pid": 29473,
    "index": 57
  },
  {
    "name": "Require(49) node_modules/egg-validate/app.js",
    "start": 1562696412445,
    "end": 1562696412446,
    "duration": 1,
    "pid": 29473,
    "index": 58
  },
  {
    "name": "Before Start in node_modules/egg-watcher/lib/init.js:15:14",
    "start": 1562696412457,
    "end": 1562696412820,
    "duration": 363,
    "pid": 29473,
    "index": 59
  },
  {
    "name": "Before Start in node_modules/egg-mongoose/lib/mongoose.js:91:7",
    "start": 1562696412717,
    "end": 1562696412816,
    "duration": 99,
    "pid": 29473,
    "index": 60
  },
  {
    "name": "Before Start in node_modules/egg-mongoose/lib/mongoose.js:49:9",
    "start": 1562696412717,
    "end": 1562696412800,
    "duration": 83,
    "pid": 29473,
    "index": 61
  },
  {
    "name": "Load Service",
    "start": 1562696412717,
    "end": 1562696412720,
    "duration": 3,
    "pid": 29473,
    "index": 62
  },
  {
    "name": "Load \"service\" to Context",
    "start": 1562696412718,
    "end": 1562696412720,
    "duration": 2,
    "pid": 29473,
    "index": 63
  },
  {
    "name": "Load Middleware",
    "start": 1562696412720,
    "end": 1562696412778,
    "duration": 58,
    "pid": 29473,
    "index": 64
  },
  {
    "name": "Load \"middlewares\" to Application",
    "start": 1562696412720,
    "end": 1562696412771,
    "duration": 51,
    "pid": 29473,
    "index": 65
  },
  {
    "name": "Load Controller",
    "start": 1562696412778,
    "end": 1562696412780,
    "duration": 2,
    "pid": 29473,
    "index": 66
  },
  {
    "name": "Load \"controller\" to Application",
    "start": 1562696412778,
    "end": 1562696412780,
    "duration": 2,
    "pid": 29473,
    "index": 67
  },
  {
    "name": "Load Router",
    "start": 1562696412780,
    "end": 1562696412787,
    "duration": 7,
    "pid": 29473,
    "index": 68
  },
  {
    "name": "Require(50) app/router.js",
    "start": 1562696412781,
    "end": 1562696412783,
    "duration": 2,
    "pid": 29473,
    "index": 69
  },
  {
    "name": "Before Start in node_modules/egg-core/lib/egg.js:303:10",
    "start": 1562696412784,
    "end": 1562696412800,
    "duration": 16,
    "pid": 29473,
    "index": 70
  },
  {
    "name": "Load \"model\" to Application",
    "start": 1562696412793,
    "end": 1562696412800,
    "duration": 7,
    "pid": 29473,
    "index": 71
  }
]