[
  {
    "name": "Application Start",
    "start": 1562699298659,
    "end": 1562699298981,
    "duration": 322,
    "pid": 30453,
    "index": 0
  },
  {
    "name": "Load Plugin",
    "start": 1562699298663,
    "end": 1562699298668,
    "duration": 5,
    "pid": 30453,
    "index": 1
  },
  {
    "name": "Load Config",
    "start": 1562699298668,
    "end": 1562699298679,
    "duration": 11,
    "pid": 30453,
    "index": 2
  },
  {
    "name": "Require(0) config/config.default.js",
    "start": 1562699298669,
    "end": 1562699298669,
    "duration": 0,
    "pid": 30453,
    "index": 3
  },
  {
    "name": "Require(1) node_modules/egg-session/config/config.default.js",
    "start": 1562699298670,
    "end": 1562699298670,
    "duration": 0,
    "pid": 30453,
    "index": 4
  },
  {
    "name": "Require(2) node_modules/egg-security/config/config.default.js",
    "start": 1562699298670,
    "end": 1562699298670,
    "duration": 0,
    "pid": 30453,
    "index": 5
  },
  {
    "name": "Require(3) node_modules/egg-jsonp/config/config.default.js",
    "start": 1562699298671,
    "end": 1562699298671,
    "duration": 0,
    "pid": 30453,
    "index": 6
  },
  {
    "name": "Require(4) node_modules/egg-onerror/config/config.default.js",
    "start": 1562699298671,
    "end": 1562699298671,
    "duration": 0,
    "pid": 30453,
    "index": 7
  },
  {
    "name": "Require(5) node_modules/egg-i18n/config/config.default.js",
    "start": 1562699298671,
    "end": 1562699298671,
    "duration": 0,
    "pid": 30453,
    "index": 8
  },
  {
    "name": "Require(6) node_modules/egg-watcher/config/config.default.js",
    "start": 1562699298671,
    "end": 1562699298672,
    "duration": 1,
    "pid": 30453,
    "index": 9
  },
  {
    "name": "Require(7) node_modules/egg-schedule/config/config.default.js",
    "start": 1562699298672,
    "end": 1562699298672,
    "duration": 0,
    "pid": 30453,
    "index": 10
  },
  {
    "name": "Require(8) node_modules/egg-multipart/config/config.default.js",
    "start": 1562699298672,
    "end": 1562699298672,
    "duration": 0,
    "pid": 30453,
    "index": 11
  },
  {
    "name": "Require(9) node_modules/egg-development/config/config.default.js",
    "start": 1562699298672,
    "end": 1562699298673,
    "duration": 1,
    "pid": 30453,
    "index": 12
  },
  {
    "name": "Require(10) node_modules/egg-logrotator/config/config.default.js",
    "start": 1562699298673,
    "end": 1562699298673,
    "duration": 0,
    "pid": 30453,
    "index": 13
  },
  {
    "name": "Require(11) node_modules/egg-static/config/config.default.js",
    "start": 1562699298673,
    "end": 1562699298673,
    "duration": 0,
    "pid": 30453,
    "index": 14
  },
  {
    "name": "Require(12) node_modules/egg-view/config/config.default.js",
    "start": 1562699298674,
    "end": 1562699298674,
    "duration": 0,
    "pid": 30453,
    "index": 15
  },
  {
    "name": "Require(13) node_modules/egg-mongoose/config/config.default.js",
    "start": 1562699298674,
    "end": 1562699298674,
    "duration": 0,
    "pid": 30453,
    "index": 16
  },
  {
    "name": "Require(14) node_modules/egg-validate/config/config.default.js",
    "start": 1562699298674,
    "end": 1562699298674,
    "duration": 0,
    "pid": 30453,
    "index": 17
  },
  {
    "name": "Require(15) node_modules/egg/config/config.default.js",
    "start": 1562699298674,
    "end": 1562699298676,
    "duration": 2,
    "pid": 30453,
    "index": 18
  },
  {
    "name": "Require(16) config/config.default.js",
    "start": 1562699298678,
    "end": 1562699298678,
    "duration": 0,
    "pid": 30453,
    "index": 19
  },
  {
    "name": "Require(17) node_modules/egg-security/config/config.local.js",
    "start": 1562699298678,
    "end": 1562699298678,
    "duration": 0,
    "pid": 30453,
    "index": 20
  },
  {
    "name": "Require(18) node_modules/egg-watcher/config/config.local.js",
    "start": 1562699298678,
    "end": 1562699298679,
    "duration": 1,
    "pid": 30453,
    "index": 21
  },
  {
    "name": "Require(19) node_modules/egg-view/config/config.local.js",
    "start": 1562699298679,
    "end": 1562699298679,
    "duration": 0,
    "pid": 30453,
    "index": 22
  },
  {
    "name": "Require(20) node_modules/egg/config/config.local.js",
    "start": 1562699298679,
    "end": 1562699298679,
    "duration": 0,
    "pid": 30453,
    "index": 23
  },
  {
    "name": "Load extend/application.js",
    "start": 1562699298680,
    "end": 1562699298685,
    "duration": 5,
    "pid": 30453,
    "index": 24
  },
  {
    "name": "Require(21) node_modules/egg-session/app/extend/application.js",
    "start": 1562699298681,
    "end": 1562699298681,
    "duration": 0,
    "pid": 30453,
    "index": 25
  },
  {
    "name": "Require(22) node_modules/egg-security/app/extend/application.js",
    "start": 1562699298681,
    "end": 1562699298681,
    "duration": 0,
    "pid": 30453,
    "index": 26
  },
  {
    "name": "Require(23) node_modules/egg-jsonp/app/extend/application.js",
    "start": 1562699298682,
    "end": 1562699298682,
    "duration": 0,
    "pid": 30453,
    "index": 27
  },
  {
    "name": "Require(24) node_modules/egg-logrotator/app/extend/application.js",
    "start": 1562699298683,
    "end": 1562699298684,
    "duration": 1,
    "pid": 30453,
    "index": 28
  },
  {
    "name": "Require(25) node_modules/egg-view/app/extend/application.js",
    "start": 1562699298684,
    "end": 1562699298684,
    "duration": 0,
    "pid": 30453,
    "index": 29
  },
  {
    "name": "Load extend/request.js",
    "start": 1562699298685,
    "end": 1562699298692,
    "duration": 7,
    "pid": 30453,
    "index": 30
  },
  {
    "name": "Require(26) node_modules/egg/app/extend/request.js",
    "start": 1562699298691,
    "end": 1562699298691,
    "duration": 0,
    "pid": 30453,
    "index": 31
  },
  {
    "name": "Load extend/response.js",
    "start": 1562699298692,
    "end": 1562699298693,
    "duration": 1,
    "pid": 30453,
    "index": 32
  },
  {
    "name": "Require(27) node_modules/egg/app/extend/response.js",
    "start": 1562699298692,
    "end": 1562699298693,
    "duration": 1,
    "pid": 30453,
    "index": 33
  },
  {
    "name": "Load extend/context.js",
    "start": 1562699298693,
    "end": 1562699298721,
    "duration": 28,
    "pid": 30453,
    "index": 34
  },
  {
    "name": "Require(28) node_modules/egg-security/app/extend/context.js",
    "start": 1562699298693,
    "end": 1562699298697,
    "duration": 4,
    "pid": 30453,
    "index": 35
  },
  {
    "name": "Require(29) node_modules/egg-jsonp/app/extend/context.js",
    "start": 1562699298697,
    "end": 1562699298697,
    "duration": 0,
    "pid": 30453,
    "index": 36
  },
  {
    "name": "Require(30) node_modules/egg-i18n/app/extend/context.js",
    "start": 1562699298697,
    "end": 1562699298697,
    "duration": 0,
    "pid": 30453,
    "index": 37
  },
  {
    "name": "Require(31) node_modules/egg-multipart/app/extend/context.js",
    "start": 1562699298698,
    "end": 1562699298718,
    "duration": 20,
    "pid": 30453,
    "index": 38
  },
  {
    "name": "Require(32) node_modules/egg-view/app/extend/context.js",
    "start": 1562699298718,
    "end": 1562699298719,
    "duration": 1,
    "pid": 30453,
    "index": 39
  },
  {
    "name": "Require(33) node_modules/egg-mongoose/app/extend/context.js",
    "start": 1562699298719,
    "end": 1562699298719,
    "duration": 0,
    "pid": 30453,
    "index": 40
  },
  {
    "name": "Require(34) node_modules/egg-validate/app/extend/context.js",
    "start": 1562699298719,
    "end": 1562699298719,
    "duration": 0,
    "pid": 30453,
    "index": 41
  },
  {
    "name": "Require(35) node_modules/egg/app/extend/context.js",
    "start": 1562699298719,
    "end": 1562699298720,
    "duration": 1,
    "pid": 30453,
    "index": 42
  },
  {
    "name": "Load extend/helper.js",
    "start": 1562699298721,
    "end": 1562699298728,
    "duration": 7,
    "pid": 30453,
    "index": 43
  },
  {
    "name": "Require(36) node_modules/egg-security/app/extend/helper.js",
    "start": 1562699298721,
    "end": 1562699298727,
    "duration": 6,
    "pid": 30453,
    "index": 44
  },
  {
    "name": "Require(37) node_modules/egg/app/extend/helper.js",
    "start": 1562699298728,
    "end": 1562699298728,
    "duration": 0,
    "pid": 30453,
    "index": 45
  },
  {
    "name": "Load app.js",
    "start": 1562699298729,
    "end": 1562699298743,
    "duration": 14,
    "pid": 30453,
    "index": 46
  },
  {
    "name": "Require(38) node_modules/egg-session/app.js",
    "start": 1562699298729,
    "end": 1562699298729,
    "duration": 0,
    "pid": 30453,
    "index": 47
  },
  {
    "name": "Require(39) node_modules/egg-security/app.js",
    "start": 1562699298729,
    "end": 1562699298729,
    "duration": 0,
    "pid": 30453,
    "index": 48
  },
  {
    "name": "Require(40) node_modules/egg-onerror/app.js",
    "start": 1562699298730,
    "end": 1562699298733,
    "duration": 3,
    "pid": 30453,
    "index": 49
  },
  {
    "name": "Require(41) node_modules/egg-i18n/app.js",
    "start": 1562699298733,
    "end": 1562699298738,
    "duration": 5,
    "pid": 30453,
    "index": 50
  },
  {
    "name": "Require(42) node_modules/egg-watcher/app.js",
    "start": 1562699298738,
    "end": 1562699298739,
    "duration": 1,
    "pid": 30453,
    "index": 51
  },
  {
    "name": "Require(43) node_modules/egg-schedule/app.js",
    "start": 1562699298739,
    "end": 1562699298740,
    "duration": 1,
    "pid": 30453,
    "index": 52
  },
  {
    "name": "Require(44) node_modules/egg-multipart/app.js",
    "start": 1562699298740,
    "end": 1562699298741,
    "duration": 1,
    "pid": 30453,
    "index": 53
  },
  {
    "name": "Require(45) node_modules/egg-development/app.js",
    "start": 1562699298741,
    "end": 1562699298741,
    "duration": 0,
    "pid": 30453,
    "index": 54
  },
  {
    "name": "Require(46) node_modules/egg-logrotator/app.js",
    "start": 1562699298741,
    "end": 1562699298741,
    "duration": 0,
    "pid": 30453,
    "index": 55
  },
  {
    "name": "Require(47) node_modules/egg-static/app.js",
    "start": 1562699298741,
    "end": 1562699298741,
    "duration": 0,
    "pid": 30453,
    "index": 56
  },
  {
    "name": "Require(48) node_modules/egg-mongoose/app.js",
    "start": 1562699298742,
    "end": 1562699298742,
    "duration": 0,
    "pid": 30453,
    "index": 57
  },
  {
    "name": "Require(49) node_modules/egg-validate/app.js",
    "start": 1562699298742,
    "end": 1562699298742,
    "duration": 0,
    "pid": 30453,
    "index": 58
  },
  {
    "name": "Before Start in node_modules/egg-watcher/lib/init.js:15:14",
    "start": 1562699298750,
    "end": 1562699298981,
    "duration": 231,
    "pid": 30453,
    "index": 59
  },
  {
    "name": "Before Start in node_modules/egg-mongoose/lib/mongoose.js:91:7",
    "start": 1562699298906,
    "end": 1562699298977,
    "duration": 71,
    "pid": 30453,
    "index": 60
  },
  {
    "name": "Before Start in node_modules/egg-mongoose/lib/mongoose.js:49:9",
    "start": 1562699298906,
    "end": 1562699298960,
    "duration": 54,
    "pid": 30453,
    "index": 61
  },
  {
    "name": "Load Service",
    "start": 1562699298906,
    "end": 1562699298909,
    "duration": 3,
    "pid": 30453,
    "index": 62
  },
  {
    "name": "Load \"service\" to Context",
    "start": 1562699298907,
    "end": 1562699298909,
    "duration": 2,
    "pid": 30453,
    "index": 63
  },
  {
    "name": "Load Middleware",
    "start": 1562699298910,
    "end": 1562699298940,
    "duration": 30,
    "pid": 30453,
    "index": 64
  },
  {
    "name": "Load \"middlewares\" to Application",
    "start": 1562699298910,
    "end": 1562699298936,
    "duration": 26,
    "pid": 30453,
    "index": 65
  },
  {
    "name": "Load Controller",
    "start": 1562699298940,
    "end": 1562699298944,
    "duration": 4,
    "pid": 30453,
    "index": 66
  },
  {
    "name": "Load \"controller\" to Application",
    "start": 1562699298940,
    "end": 1562699298944,
    "duration": 4,
    "pid": 30453,
    "index": 67
  },
  {
    "name": "Load Router",
    "start": 1562699298944,
    "end": 1562699298948,
    "duration": 4,
    "pid": 30453,
    "index": 68
  },
  {
    "name": "Require(50) app/router.js",
    "start": 1562699298945,
    "end": 1562699298945,
    "duration": 0,
    "pid": 30453,
    "index": 69
  },
  {
    "name": "Before Start in node_modules/egg-core/lib/egg.js:303:10",
    "start": 1562699298945,
    "end": 1562699298960,
    "duration": 15,
    "pid": 30453,
    "index": 70
  },
  {
    "name": "Load \"model\" to Application",
    "start": 1562699298954,
    "end": 1562699298960,
    "duration": 6,
    "pid": 30453,
    "index": 71
  }
]