[
  {
    "name": "Application Start",
    "start": 1562698668523,
    "end": 1562698669063,
    "duration": 540,
    "pid": 30240,
    "index": 0
  },
  {
    "name": "Load Plugin",
    "start": 1562698668526,
    "end": 1562698668534,
    "duration": 8,
    "pid": 30240,
    "index": 1
  },
  {
    "name": "Load Config",
    "start": 1562698668534,
    "end": 1562698668552,
    "duration": 18,
    "pid": 30240,
    "index": 2
  },
  {
    "name": "Require(0) config/config.default.js",
    "start": 1562698668534,
    "end": 1562698668535,
    "duration": 1,
    "pid": 30240,
    "index": 3
  },
  {
    "name": "Require(1) node_modules/egg-session/config/config.default.js",
    "start": 1562698668536,
    "end": 1562698668536,
    "duration": 0,
    "pid": 30240,
    "index": 4
  },
  {
    "name": "Require(2) node_modules/egg-security/config/config.default.js",
    "start": 1562698668536,
    "end": 1562698668537,
    "duration": 1,
    "pid": 30240,
    "index": 5
  },
  {
    "name": "Require(3) node_modules/egg-jsonp/config/config.default.js",
    "start": 1562698668537,
    "end": 1562698668538,
    "duration": 1,
    "pid": 30240,
    "index": 6
  },
  {
    "name": "Require(4) node_modules/egg-onerror/config/config.default.js",
    "start": 1562698668538,
    "end": 1562698668539,
    "duration": 1,
    "pid": 30240,
    "index": 7
  },
  {
    "name": "Require(5) node_modules/egg-i18n/config/config.default.js",
    "start": 1562698668539,
    "end": 1562698668540,
    "duration": 1,
    "pid": 30240,
    "index": 8
  },
  {
    "name": "Require(6) node_modules/egg-watcher/config/config.default.js",
    "start": 1562698668540,
    "end": 1562698668541,
    "duration": 1,
    "pid": 30240,
    "index": 9
  },
  {
    "name": "Require(7) node_modules/egg-schedule/config/config.default.js",
    "start": 1562698668541,
    "end": 1562698668541,
    "duration": 0,
    "pid": 30240,
    "index": 10
  },
  {
    "name": "Require(8) node_modules/egg-multipart/config/config.default.js",
    "start": 1562698668541,
    "end": 1562698668541,
    "duration": 0,
    "pid": 30240,
    "index": 11
  },
  {
    "name": "Require(9) node_modules/egg-development/config/config.default.js",
    "start": 1562698668542,
    "end": 1562698668542,
    "duration": 0,
    "pid": 30240,
    "index": 12
  },
  {
    "name": "Require(10) node_modules/egg-logrotator/config/config.default.js",
    "start": 1562698668542,
    "end": 1562698668543,
    "duration": 1,
    "pid": 30240,
    "index": 13
  },
  {
    "name": "Require(11) node_modules/egg-static/config/config.default.js",
    "start": 1562698668543,
    "end": 1562698668543,
    "duration": 0,
    "pid": 30240,
    "index": 14
  },
  {
    "name": "Require(12) node_modules/egg-view/config/config.default.js",
    "start": 1562698668543,
    "end": 1562698668544,
    "duration": 1,
    "pid": 30240,
    "index": 15
  },
  {
    "name": "Require(13) node_modules/egg-mongoose/config/config.default.js",
    "start": 1562698668544,
    "end": 1562698668544,
    "duration": 0,
    "pid": 30240,
    "index": 16
  },
  {
    "name": "Require(14) node_modules/egg-validate/config/config.default.js",
    "start": 1562698668545,
    "end": 1562698668545,
    "duration": 0,
    "pid": 30240,
    "index": 17
  },
  {
    "name": "Require(15) node_modules/egg/config/config.default.js",
    "start": 1562698668545,
    "end": 1562698668546,
    "duration": 1,
    "pid": 30240,
    "index": 18
  },
  {
    "name": "Require(16) config/config.default.js",
    "start": 1562698668549,
    "end": 1562698668549,
    "duration": 0,
    "pid": 30240,
    "index": 19
  },
  {
    "name": "Require(17) node_modules/egg-security/config/config.local.js",
    "start": 1562698668549,
    "end": 1562698668549,
    "duration": 0,
    "pid": 30240,
    "index": 20
  },
  {
    "name": "Require(18) node_modules/egg-watcher/config/config.local.js",
    "start": 1562698668550,
    "end": 1562698668550,
    "duration": 0,
    "pid": 30240,
    "index": 21
  },
  {
    "name": "Require(19) node_modules/egg-view/config/config.local.js",
    "start": 1562698668551,
    "end": 1562698668551,
    "duration": 0,
    "pid": 30240,
    "index": 22
  },
  {
    "name": "Require(20) node_modules/egg/config/config.local.js",
    "start": 1562698668551,
    "end": 1562698668552,
    "duration": 1,
    "pid": 30240,
    "index": 23
  },
  {
    "name": "Load extend/application.js",
    "start": 1562698668553,
    "end": 1562698668567,
    "duration": 14,
    "pid": 30240,
    "index": 24
  },
  {
    "name": "Require(21) node_modules/egg-session/app/extend/application.js",
    "start": 1562698668553,
    "end": 1562698668554,
    "duration": 1,
    "pid": 30240,
    "index": 25
  },
  {
    "name": "Require(22) node_modules/egg-security/app/extend/application.js",
    "start": 1562698668554,
    "end": 1562698668555,
    "duration": 1,
    "pid": 30240,
    "index": 26
  },
  {
    "name": "Require(23) node_modules/egg-jsonp/app/extend/application.js",
    "start": 1562698668555,
    "end": 1562698668557,
    "duration": 2,
    "pid": 30240,
    "index": 27
  },
  {
    "name": "Require(24) node_modules/egg-logrotator/app/extend/application.js",
    "start": 1562698668558,
    "end": 1562698668559,
    "duration": 1,
    "pid": 30240,
    "index": 28
  },
  {
    "name": "Require(25) node_modules/egg-view/app/extend/application.js",
    "start": 1562698668559,
    "end": 1562698668561,
    "duration": 2,
    "pid": 30240,
    "index": 29
  },
  {
    "name": "Load extend/request.js",
    "start": 1562698668567,
    "end": 1562698668569,
    "duration": 2,
    "pid": 30240,
    "index": 30
  },
  {
    "name": "Require(26) node_modules/egg/app/extend/request.js",
    "start": 1562698668567,
    "end": 1562698668569,
    "duration": 2,
    "pid": 30240,
    "index": 31
  },
  {
    "name": "Load extend/response.js",
    "start": 1562698668569,
    "end": 1562698668572,
    "duration": 3,
    "pid": 30240,
    "index": 32
  },
  {
    "name": "Require(27) node_modules/egg/app/extend/response.js",
    "start": 1562698668570,
    "end": 1562698668571,
    "duration": 1,
    "pid": 30240,
    "index": 33
  },
  {
    "name": "Load extend/context.js",
    "start": 1562698668572,
    "end": 1562698668615,
    "duration": 43,
    "pid": 30240,
    "index": 34
  },
  {
    "name": "Require(28) node_modules/egg-security/app/extend/context.js",
    "start": 1562698668572,
    "end": 1562698668579,
    "duration": 7,
    "pid": 30240,
    "index": 35
  },
  {
    "name": "Require(29) node_modules/egg-jsonp/app/extend/context.js",
    "start": 1562698668579,
    "end": 1562698668581,
    "duration": 2,
    "pid": 30240,
    "index": 36
  },
  {
    "name": "Require(30) node_modules/egg-i18n/app/extend/context.js",
    "start": 1562698668581,
    "end": 1562698668582,
    "duration": 1,
    "pid": 30240,
    "index": 37
  },
  {
    "name": "Require(31) node_modules/egg-multipart/app/extend/context.js",
    "start": 1562698668582,
    "end": 1562698668611,
    "duration": 29,
    "pid": 30240,
    "index": 38
  },
  {
    "name": "Require(32) node_modules/egg-view/app/extend/context.js",
    "start": 1562698668611,
    "end": 1562698668612,
    "duration": 1,
    "pid": 30240,
    "index": 39
  },
  {
    "name": "Require(33) node_modules/egg-mongoose/app/extend/context.js",
    "start": 1562698668612,
    "end": 1562698668613,
    "duration": 1,
    "pid": 30240,
    "index": 40
  },
  {
    "name": "Require(34) node_modules/egg-validate/app/extend/context.js",
    "start": 1562698668613,
    "end": 1562698668613,
    "duration": 0,
    "pid": 30240,
    "index": 41
  },
  {
    "name": "Require(35) node_modules/egg/app/extend/context.js",
    "start": 1562698668613,
    "end": 1562698668614,
    "duration": 1,
    "pid": 30240,
    "index": 42
  },
  {
    "name": "Load extend/helper.js",
    "start": 1562698668615,
    "end": 1562698668630,
    "duration": 15,
    "pid": 30240,
    "index": 43
  },
  {
    "name": "Require(36) node_modules/egg-security/app/extend/helper.js",
    "start": 1562698668615,
    "end": 1562698668629,
    "duration": 14,
    "pid": 30240,
    "index": 44
  },
  {
    "name": "Require(37) node_modules/egg/app/extend/helper.js",
    "start": 1562698668629,
    "end": 1562698668630,
    "duration": 1,
    "pid": 30240,
    "index": 45
  },
  {
    "name": "Load app.js",
    "start": 1562698668630,
    "end": 1562698668661,
    "duration": 31,
    "pid": 30240,
    "index": 46
  },
  {
    "name": "Require(38) node_modules/egg-session/app.js",
    "start": 1562698668631,
    "end": 1562698668631,
    "duration": 0,
    "pid": 30240,
    "index": 47
  },
  {
    "name": "Require(39) node_modules/egg-security/app.js",
    "start": 1562698668631,
    "end": 1562698668632,
    "duration": 1,
    "pid": 30240,
    "index": 48
  },
  {
    "name": "Require(40) node_modules/egg-onerror/app.js",
    "start": 1562698668633,
    "end": 1562698668639,
    "duration": 6,
    "pid": 30240,
    "index": 49
  },
  {
    "name": "Require(41) node_modules/egg-i18n/app.js",
    "start": 1562698668639,
    "end": 1562698668650,
    "duration": 11,
    "pid": 30240,
    "index": 50
  },
  {
    "name": "Require(42) node_modules/egg-watcher/app.js",
    "start": 1562698668650,
    "end": 1562698668653,
    "duration": 3,
    "pid": 30240,
    "index": 51
  },
  {
    "name": "Require(43) node_modules/egg-schedule/app.js",
    "start": 1562698668653,
    "end": 1562698668654,
    "duration": 1,
    "pid": 30240,
    "index": 52
  },
  {
    "name": "Require(44) node_modules/egg-multipart/app.js",
    "start": 1562698668654,
    "end": 1562698668656,
    "duration": 2,
    "pid": 30240,
    "index": 53
  },
  {
    "name": "Require(45) node_modules/egg-development/app.js",
    "start": 1562698668656,
    "end": 1562698668657,
    "duration": 1,
    "pid": 30240,
    "index": 54
  },
  {
    "name": "Require(46) node_modules/egg-logrotator/app.js",
    "start": 1562698668657,
    "end": 1562698668657,
    "duration": 0,
    "pid": 30240,
    "index": 55
  },
  {
    "name": "Require(47) node_modules/egg-static/app.js",
    "start": 1562698668658,
    "end": 1562698668658,
    "duration": 0,
    "pid": 30240,
    "index": 56
  },
  {
    "name": "Require(48) node_modules/egg-mongoose/app.js",
    "start": 1562698668658,
    "end": 1562698668659,
    "duration": 1,
    "pid": 30240,
    "index": 57
  },
  {
    "name": "Require(49) node_modules/egg-validate/app.js",
    "start": 1562698668659,
    "end": 1562698668661,
    "duration": 2,
    "pid": 30240,
    "index": 58
  },
  {
    "name": "Before Start in node_modules/egg-watcher/lib/init.js:15:14",
    "start": 1562698668669,
    "end": 1562698669063,
    "duration": 394,
    "pid": 30240,
    "index": 59
  },
  {
    "name": "Before Start in node_modules/egg-mongoose/lib/mongoose.js:91:7",
    "start": 1562698668949,
    "end": 1562698669058,
    "duration": 109,
    "pid": 30240,
    "index": 60
  },
  {
    "name": "Before Start in node_modules/egg-mongoose/lib/mongoose.js:49:9",
    "start": 1562698668949,
    "end": 1562698669042,
    "duration": 93,
    "pid": 30240,
    "index": 61
  },
  {
    "name": "Load Service",
    "start": 1562698668949,
    "end": 1562698668953,
    "duration": 4,
    "pid": 30240,
    "index": 62
  },
  {
    "name": "Load \"service\" to Context",
    "start": 1562698668949,
    "end": 1562698668953,
    "duration": 4,
    "pid": 30240,
    "index": 63
  },
  {
    "name": "Load Middleware",
    "start": 1562698668953,
    "end": 1562698669016,
    "duration": 63,
    "pid": 30240,
    "index": 64
  },
  {
    "name": "Load \"middlewares\" to Application",
    "start": 1562698668953,
    "end": 1562698669009,
    "duration": 56,
    "pid": 30240,
    "index": 65
  },
  {
    "name": "Load Controller",
    "start": 1562698669016,
    "end": 1562698669021,
    "duration": 5,
    "pid": 30240,
    "index": 66
  },
  {
    "name": "Load \"controller\" to Application",
    "start": 1562698669016,
    "end": 1562698669021,
    "duration": 5,
    "pid": 30240,
    "index": 67
  },
  {
    "name": "Load Router",
    "start": 1562698669021,
    "end": 1562698669025,
    "duration": 4,
    "pid": 30240,
    "index": 68
  },
  {
    "name": "Require(50) app/router.js",
    "start": 1562698669021,
    "end": 1562698669022,
    "duration": 1,
    "pid": 30240,
    "index": 69
  },
  {
    "name": "Before Start in node_modules/egg-core/lib/egg.js:303:10",
    "start": 1562698669022,
    "end": 1562698669042,
    "duration": 20,
    "pid": 30240,
    "index": 70
  },
  {
    "name": "Load \"model\" to Application",
    "start": 1562698669033,
    "end": 1562698669041,
    "duration": 8,
    "pid": 30240,
    "index": 71
  }
]