[
  {
    "name": "Application Start",
    "start": 1562698141144,
    "end": 1562698141479,
    "duration": 335,
    "pid": 30074,
    "index": 0
  },
  {
    "name": "Load Plugin",
    "start": 1562698141147,
    "end": 1562698141153,
    "duration": 6,
    "pid": 30074,
    "index": 1
  },
  {
    "name": "Load Config",
    "start": 1562698141153,
    "end": 1562698141165,
    "duration": 12,
    "pid": 30074,
    "index": 2
  },
  {
    "name": "Require(0) config/config.default.js",
    "start": 1562698141153,
    "end": 1562698141153,
    "duration": 0,
    "pid": 30074,
    "index": 3
  },
  {
    "name": "Require(1) node_modules/egg-session/config/config.default.js",
    "start": 1562698141154,
    "end": 1562698141154,
    "duration": 0,
    "pid": 30074,
    "index": 4
  },
  {
    "name": "Require(2) node_modules/egg-security/config/config.default.js",
    "start": 1562698141155,
    "end": 1562698141155,
    "duration": 0,
    "pid": 30074,
    "index": 5
  },
  {
    "name": "Require(3) node_modules/egg-jsonp/config/config.default.js",
    "start": 1562698141155,
    "end": 1562698141155,
    "duration": 0,
    "pid": 30074,
    "index": 6
  },
  {
    "name": "Require(4) node_modules/egg-onerror/config/config.default.js",
    "start": 1562698141156,
    "end": 1562698141156,
    "duration": 0,
    "pid": 30074,
    "index": 7
  },
  {
    "name": "Require(5) node_modules/egg-i18n/config/config.default.js",
    "start": 1562698141156,
    "end": 1562698141156,
    "duration": 0,
    "pid": 30074,
    "index": 8
  },
  {
    "name": "Require(6) node_modules/egg-watcher/config/config.default.js",
    "start": 1562698141156,
    "end": 1562698141156,
    "duration": 0,
    "pid": 30074,
    "index": 9
  },
  {
    "name": "Require(7) node_modules/egg-schedule/config/config.default.js",
    "start": 1562698141157,
    "end": 1562698141157,
    "duration": 0,
    "pid": 30074,
    "index": 10
  },
  {
    "name": "Require(8) node_modules/egg-multipart/config/config.default.js",
    "start": 1562698141157,
    "end": 1562698141157,
    "duration": 0,
    "pid": 30074,
    "index": 11
  },
  {
    "name": "Require(9) node_modules/egg-development/config/config.default.js",
    "start": 1562698141158,
    "end": 1562698141158,
    "duration": 0,
    "pid": 30074,
    "index": 12
  },
  {
    "name": "Require(10) node_modules/egg-logrotator/config/config.default.js",
    "start": 1562698141158,
    "end": 1562698141158,
    "duration": 0,
    "pid": 30074,
    "index": 13
  },
  {
    "name": "Require(11) node_modules/egg-static/config/config.default.js",
    "start": 1562698141158,
    "end": 1562698141158,
    "duration": 0,
    "pid": 30074,
    "index": 14
  },
  {
    "name": "Require(12) node_modules/egg-view/config/config.default.js",
    "start": 1562698141159,
    "end": 1562698141159,
    "duration": 0,
    "pid": 30074,
    "index": 15
  },
  {
    "name": "Require(13) node_modules/egg-mongoose/config/config.default.js",
    "start": 1562698141159,
    "end": 1562698141159,
    "duration": 0,
    "pid": 30074,
    "index": 16
  },
  {
    "name": "Require(14) node_modules/egg-validate/config/config.default.js",
    "start": 1562698141159,
    "end": 1562698141159,
    "duration": 0,
    "pid": 30074,
    "index": 17
  },
  {
    "name": "Require(15) node_modules/egg/config/config.default.js",
    "start": 1562698141160,
    "end": 1562698141160,
    "duration": 0,
    "pid": 30074,
    "index": 18
  },
  {
    "name": "Require(16) config/config.default.js",
    "start": 1562698141163,
    "end": 1562698141163,
    "duration": 0,
    "pid": 30074,
    "index": 19
  },
  {
    "name": "Require(17) node_modules/egg-security/config/config.local.js",
    "start": 1562698141163,
    "end": 1562698141163,
    "duration": 0,
    "pid": 30074,
    "index": 20
  },
  {
    "name": "Require(18) node_modules/egg-watcher/config/config.local.js",
    "start": 1562698141163,
    "end": 1562698141164,
    "duration": 1,
    "pid": 30074,
    "index": 21
  },
  {
    "name": "Require(19) node_modules/egg-view/config/config.local.js",
    "start": 1562698141164,
    "end": 1562698141164,
    "duration": 0,
    "pid": 30074,
    "index": 22
  },
  {
    "name": "Require(20) node_modules/egg/config/config.local.js",
    "start": 1562698141164,
    "end": 1562698141164,
    "duration": 0,
    "pid": 30074,
    "index": 23
  },
  {
    "name": "Load extend/application.js",
    "start": 1562698141166,
    "end": 1562698141171,
    "duration": 5,
    "pid": 30074,
    "index": 24
  },
  {
    "name": "Require(21) node_modules/egg-session/app/extend/application.js",
    "start": 1562698141166,
    "end": 1562698141166,
    "duration": 0,
    "pid": 30074,
    "index": 25
  },
  {
    "name": "Require(22) node_modules/egg-security/app/extend/application.js",
    "start": 1562698141167,
    "end": 1562698141167,
    "duration": 0,
    "pid": 30074,
    "index": 26
  },
  {
    "name": "Require(23) node_modules/egg-jsonp/app/extend/application.js",
    "start": 1562698141167,
    "end": 1562698141168,
    "duration": 1,
    "pid": 30074,
    "index": 27
  },
  {
    "name": "Require(24) node_modules/egg-logrotator/app/extend/application.js",
    "start": 1562698141169,
    "end": 1562698141169,
    "duration": 0,
    "pid": 30074,
    "index": 28
  },
  {
    "name": "Require(25) node_modules/egg-view/app/extend/application.js",
    "start": 1562698141169,
    "end": 1562698141170,
    "duration": 1,
    "pid": 30074,
    "index": 29
  },
  {
    "name": "Load extend/request.js",
    "start": 1562698141171,
    "end": 1562698141173,
    "duration": 2,
    "pid": 30074,
    "index": 30
  },
  {
    "name": "Require(26) node_modules/egg/app/extend/request.js",
    "start": 1562698141172,
    "end": 1562698141172,
    "duration": 0,
    "pid": 30074,
    "index": 31
  },
  {
    "name": "Load extend/response.js",
    "start": 1562698141173,
    "end": 1562698141179,
    "duration": 6,
    "pid": 30074,
    "index": 32
  },
  {
    "name": "Require(27) node_modules/egg/app/extend/response.js",
    "start": 1562698141178,
    "end": 1562698141178,
    "duration": 0,
    "pid": 30074,
    "index": 33
  },
  {
    "name": "Load extend/context.js",
    "start": 1562698141179,
    "end": 1562698141203,
    "duration": 24,
    "pid": 30074,
    "index": 34
  },
  {
    "name": "Require(28) node_modules/egg-security/app/extend/context.js",
    "start": 1562698141179,
    "end": 1562698141182,
    "duration": 3,
    "pid": 30074,
    "index": 35
  },
  {
    "name": "Require(29) node_modules/egg-jsonp/app/extend/context.js",
    "start": 1562698141182,
    "end": 1562698141183,
    "duration": 1,
    "pid": 30074,
    "index": 36
  },
  {
    "name": "Require(30) node_modules/egg-i18n/app/extend/context.js",
    "start": 1562698141183,
    "end": 1562698141183,
    "duration": 0,
    "pid": 30074,
    "index": 37
  },
  {
    "name": "Require(31) node_modules/egg-multipart/app/extend/context.js",
    "start": 1562698141183,
    "end": 1562698141201,
    "duration": 18,
    "pid": 30074,
    "index": 38
  },
  {
    "name": "Require(32) node_modules/egg-view/app/extend/context.js",
    "start": 1562698141201,
    "end": 1562698141202,
    "duration": 1,
    "pid": 30074,
    "index": 39
  },
  {
    "name": "Require(33) node_modules/egg-mongoose/app/extend/context.js",
    "start": 1562698141202,
    "end": 1562698141202,
    "duration": 0,
    "pid": 30074,
    "index": 40
  },
  {
    "name": "Require(34) node_modules/egg-validate/app/extend/context.js",
    "start": 1562698141202,
    "end": 1562698141202,
    "duration": 0,
    "pid": 30074,
    "index": 41
  },
  {
    "name": "Require(35) node_modules/egg/app/extend/context.js",
    "start": 1562698141202,
    "end": 1562698141203,
    "duration": 1,
    "pid": 30074,
    "index": 42
  },
  {
    "name": "Load extend/helper.js",
    "start": 1562698141204,
    "end": 1562698141211,
    "duration": 7,
    "pid": 30074,
    "index": 43
  },
  {
    "name": "Require(36) node_modules/egg-security/app/extend/helper.js",
    "start": 1562698141204,
    "end": 1562698141210,
    "duration": 6,
    "pid": 30074,
    "index": 44
  },
  {
    "name": "Require(37) node_modules/egg/app/extend/helper.js",
    "start": 1562698141211,
    "end": 1562698141211,
    "duration": 0,
    "pid": 30074,
    "index": 45
  },
  {
    "name": "Load app.js",
    "start": 1562698141211,
    "end": 1562698141226,
    "duration": 15,
    "pid": 30074,
    "index": 46
  },
  {
    "name": "Require(38) node_modules/egg-session/app.js",
    "start": 1562698141212,
    "end": 1562698141212,
    "duration": 0,
    "pid": 30074,
    "index": 47
  },
  {
    "name": "Require(39) node_modules/egg-security/app.js",
    "start": 1562698141212,
    "end": 1562698141212,
    "duration": 0,
    "pid": 30074,
    "index": 48
  },
  {
    "name": "Require(40) node_modules/egg-onerror/app.js",
    "start": 1562698141212,
    "end": 1562698141216,
    "duration": 4,
    "pid": 30074,
    "index": 49
  },
  {
    "name": "Require(41) node_modules/egg-i18n/app.js",
    "start": 1562698141216,
    "end": 1562698141221,
    "duration": 5,
    "pid": 30074,
    "index": 50
  },
  {
    "name": "Require(42) node_modules/egg-watcher/app.js",
    "start": 1562698141221,
    "end": 1562698141222,
    "duration": 1,
    "pid": 30074,
    "index": 51
  },
  {
    "name": "Require(43) node_modules/egg-schedule/app.js",
    "start": 1562698141222,
    "end": 1562698141223,
    "duration": 1,
    "pid": 30074,
    "index": 52
  },
  {
    "name": "Require(44) node_modules/egg-multipart/app.js",
    "start": 1562698141223,
    "end": 1562698141224,
    "duration": 1,
    "pid": 30074,
    "index": 53
  },
  {
    "name": "Require(45) node_modules/egg-development/app.js",
    "start": 1562698141224,
    "end": 1562698141224,
    "duration": 0,
    "pid": 30074,
    "index": 54
  },
  {
    "name": "Require(46) node_modules/egg-logrotator/app.js",
    "start": 1562698141224,
    "end": 1562698141224,
    "duration": 0,
    "pid": 30074,
    "index": 55
  },
  {
    "name": "Require(47) node_modules/egg-static/app.js",
    "start": 1562698141225,
    "end": 1562698141225,
    "duration": 0,
    "pid": 30074,
    "index": 56
  },
  {
    "name": "Require(48) node_modules/egg-mongoose/app.js",
    "start": 1562698141225,
    "end": 1562698141225,
    "duration": 0,
    "pid": 30074,
    "index": 57
  },
  {
    "name": "Require(49) node_modules/egg-validate/app.js",
    "start": 1562698141225,
    "end": 1562698141226,
    "duration": 1,
    "pid": 30074,
    "index": 58
  },
  {
    "name": "Before Start in node_modules/egg-watcher/lib/init.js:15:14",
    "start": 1562698141233,
    "end": 1562698141478,
    "duration": 245,
    "pid": 30074,
    "index": 59
  },
  {
    "name": "Before Start in node_modules/egg-mongoose/lib/mongoose.js:91:7",
    "start": 1562698141398,
    "end": 1562698141474,
    "duration": 76,
    "pid": 30074,
    "index": 60
  },
  {
    "name": "Before Start in node_modules/egg-mongoose/lib/mongoose.js:49:9",
    "start": 1562698141398,
    "end": 1562698141453,
    "duration": 55,
    "pid": 30074,
    "index": 61
  },
  {
    "name": "Load Service",
    "start": 1562698141398,
    "end": 1562698141401,
    "duration": 3,
    "pid": 30074,
    "index": 62
  },
  {
    "name": "Load \"service\" to Context",
    "start": 1562698141398,
    "end": 1562698141401,
    "duration": 3,
    "pid": 30074,
    "index": 63
  },
  {
    "name": "Load Middleware",
    "start": 1562698141401,
    "end": 1562698141431,
    "duration": 30,
    "pid": 30074,
    "index": 64
  },
  {
    "name": "Load \"middlewares\" to Application",
    "start": 1562698141401,
    "end": 1562698141427,
    "duration": 26,
    "pid": 30074,
    "index": 65
  },
  {
    "name": "Load Controller",
    "start": 1562698141432,
    "end": 1562698141435,
    "duration": 3,
    "pid": 30074,
    "index": 66
  },
  {
    "name": "Load \"controller\" to Application",
    "start": 1562698141432,
    "end": 1562698141435,
    "duration": 3,
    "pid": 30074,
    "index": 67
  },
  {
    "name": "Load Router",
    "start": 1562698141435,
    "end": 1562698141439,
    "duration": 4,
    "pid": 30074,
    "index": 68
  },
  {
    "name": "Require(50) app/router.js",
    "start": 1562698141436,
    "end": 1562698141436,
    "duration": 0,
    "pid": 30074,
    "index": 69
  },
  {
    "name": "Before Start in node_modules/egg-core/lib/egg.js:303:10",
    "start": 1562698141436,
    "end": 1562698141453,
    "duration": 17,
    "pid": 30074,
    "index": 70
  },
  {
    "name": "Load \"model\" to Application",
    "start": 1562698141445,
    "end": 1562698141452,
    "duration": 7,
    "pid": 30074,
    "index": 71
  }
]