[
  {
    "name": "Application Start",
    "start": 1562696592487,
    "end": 1562696592972,
    "duration": 485,
    "pid": 29564,
    "index": 0
  },
  {
    "name": "Load Plugin",
    "start": 1562696592492,
    "end": 1562696592505,
    "duration": 13,
    "pid": 29564,
    "index": 1
  },
  {
    "name": "Load Config",
    "start": 1562696592505,
    "end": 1562696592527,
    "duration": 22,
    "pid": 29564,
    "index": 2
  },
  {
    "name": "Require(0) config/config.default.js",
    "start": 1562696592506,
    "end": 1562696592506,
    "duration": 0,
    "pid": 29564,
    "index": 3
  },
  {
    "name": "Require(1) node_modules/egg-session/config/config.default.js",
    "start": 1562696592508,
    "end": 1562696592509,
    "duration": 1,
    "pid": 29564,
    "index": 4
  },
  {
    "name": "Require(2) node_modules/egg-security/config/config.default.js",
    "start": 1562696592509,
    "end": 1562696592510,
    "duration": 1,
    "pid": 29564,
    "index": 5
  },
  {
    "name": "Require(3) node_modules/egg-jsonp/config/config.default.js",
    "start": 1562696592510,
    "end": 1562696592511,
    "duration": 1,
    "pid": 29564,
    "index": 6
  },
  {
    "name": "Require(4) node_modules/egg-onerror/config/config.default.js",
    "start": 1562696592511,
    "end": 1562696592512,
    "duration": 1,
    "pid": 29564,
    "index": 7
  },
  {
    "name": "Require(5) node_modules/egg-i18n/config/config.default.js",
    "start": 1562696592512,
    "end": 1562696592513,
    "duration": 1,
    "pid": 29564,
    "index": 8
  },
  {
    "name": "Require(6) node_modules/egg-watcher/config/config.default.js",
    "start": 1562696592513,
    "end": 1562696592513,
    "duration": 0,
    "pid": 29564,
    "index": 9
  },
  {
    "name": "Require(7) node_modules/egg-schedule/config/config.default.js",
    "start": 1562696592514,
    "end": 1562696592514,
    "duration": 0,
    "pid": 29564,
    "index": 10
  },
  {
    "name": "Require(8) node_modules/egg-multipart/config/config.default.js",
    "start": 1562696592514,
    "end": 1562696592515,
    "duration": 1,
    "pid": 29564,
    "index": 11
  },
  {
    "name": "Require(9) node_modules/egg-development/config/config.default.js",
    "start": 1562696592515,
    "end": 1562696592515,
    "duration": 0,
    "pid": 29564,
    "index": 12
  },
  {
    "name": "Require(10) node_modules/egg-logrotator/config/config.default.js",
    "start": 1562696592516,
    "end": 1562696592516,
    "duration": 0,
    "pid": 29564,
    "index": 13
  },
  {
    "name": "Require(11) node_modules/egg-static/config/config.default.js",
    "start": 1562696592516,
    "end": 1562696592517,
    "duration": 1,
    "pid": 29564,
    "index": 14
  },
  {
    "name": "Require(12) node_modules/egg-view/config/config.default.js",
    "start": 1562696592517,
    "end": 1562696592518,
    "duration": 1,
    "pid": 29564,
    "index": 15
  },
  {
    "name": "Require(13) node_modules/egg-mongoose/config/config.default.js",
    "start": 1562696592518,
    "end": 1562696592518,
    "duration": 0,
    "pid": 29564,
    "index": 16
  },
  {
    "name": "Require(14) node_modules/egg-validate/config/config.default.js",
    "start": 1562696592519,
    "end": 1562696592519,
    "duration": 0,
    "pid": 29564,
    "index": 17
  },
  {
    "name": "Require(15) node_modules/egg/config/config.default.js",
    "start": 1562696592521,
    "end": 1562696592522,
    "duration": 1,
    "pid": 29564,
    "index": 18
  },
  {
    "name": "Require(16) config/config.default.js",
    "start": 1562696592524,
    "end": 1562696592524,
    "duration": 0,
    "pid": 29564,
    "index": 19
  },
  {
    "name": "Require(17) node_modules/egg-security/config/config.local.js",
    "start": 1562696592524,
    "end": 1562696592525,
    "duration": 1,
    "pid": 29564,
    "index": 20
  },
  {
    "name": "Require(18) node_modules/egg-watcher/config/config.local.js",
    "start": 1562696592525,
    "end": 1562696592526,
    "duration": 1,
    "pid": 29564,
    "index": 21
  },
  {
    "name": "Require(19) node_modules/egg-view/config/config.local.js",
    "start": 1562696592526,
    "end": 1562696592527,
    "duration": 1,
    "pid": 29564,
    "index": 22
  },
  {
    "name": "Require(20) node_modules/egg/config/config.local.js",
    "start": 1562696592527,
    "end": 1562696592527,
    "duration": 0,
    "pid": 29564,
    "index": 23
  },
  {
    "name": "Load extend/application.js",
    "start": 1562696592528,
    "end": 1562696592540,
    "duration": 12,
    "pid": 29564,
    "index": 24
  },
  {
    "name": "Require(21) node_modules/egg-session/app/extend/application.js",
    "start": 1562696592528,
    "end": 1562696592529,
    "duration": 1,
    "pid": 29564,
    "index": 25
  },
  {
    "name": "Require(22) node_modules/egg-security/app/extend/application.js",
    "start": 1562696592529,
    "end": 1562696592530,
    "duration": 1,
    "pid": 29564,
    "index": 26
  },
  {
    "name": "Require(23) node_modules/egg-jsonp/app/extend/application.js",
    "start": 1562696592530,
    "end": 1562696592531,
    "duration": 1,
    "pid": 29564,
    "index": 27
  },
  {
    "name": "Require(24) node_modules/egg-logrotator/app/extend/application.js",
    "start": 1562696592532,
    "end": 1562696592533,
    "duration": 1,
    "pid": 29564,
    "index": 28
  },
  {
    "name": "Require(25) node_modules/egg-view/app/extend/application.js",
    "start": 1562696592534,
    "end": 1562696592535,
    "duration": 1,
    "pid": 29564,
    "index": 29
  },
  {
    "name": "Load extend/request.js",
    "start": 1562696592540,
    "end": 1562696592543,
    "duration": 3,
    "pid": 29564,
    "index": 30
  },
  {
    "name": "Require(26) node_modules/egg/app/extend/request.js",
    "start": 1562696592541,
    "end": 1562696592542,
    "duration": 1,
    "pid": 29564,
    "index": 31
  },
  {
    "name": "Load extend/response.js",
    "start": 1562696592543,
    "end": 1562696592545,
    "duration": 2,
    "pid": 29564,
    "index": 32
  },
  {
    "name": "Require(27) node_modules/egg/app/extend/response.js",
    "start": 1562696592543,
    "end": 1562696592544,
    "duration": 1,
    "pid": 29564,
    "index": 33
  },
  {
    "name": "Load extend/context.js",
    "start": 1562696592545,
    "end": 1562696592584,
    "duration": 39,
    "pid": 29564,
    "index": 34
  },
  {
    "name": "Require(28) node_modules/egg-security/app/extend/context.js",
    "start": 1562696592545,
    "end": 1562696592552,
    "duration": 7,
    "pid": 29564,
    "index": 35
  },
  {
    "name": "Require(29) node_modules/egg-jsonp/app/extend/context.js",
    "start": 1562696592552,
    "end": 1562696592553,
    "duration": 1,
    "pid": 29564,
    "index": 36
  },
  {
    "name": "Require(30) node_modules/egg-i18n/app/extend/context.js",
    "start": 1562696592553,
    "end": 1562696592554,
    "duration": 1,
    "pid": 29564,
    "index": 37
  },
  {
    "name": "Require(31) node_modules/egg-multipart/app/extend/context.js",
    "start": 1562696592554,
    "end": 1562696592581,
    "duration": 27,
    "pid": 29564,
    "index": 38
  },
  {
    "name": "Require(32) node_modules/egg-view/app/extend/context.js",
    "start": 1562696592581,
    "end": 1562696592582,
    "duration": 1,
    "pid": 29564,
    "index": 39
  },
  {
    "name": "Require(33) node_modules/egg-mongoose/app/extend/context.js",
    "start": 1562696592582,
    "end": 1562696592582,
    "duration": 0,
    "pid": 29564,
    "index": 40
  },
  {
    "name": "Require(34) node_modules/egg-validate/app/extend/context.js",
    "start": 1562696592583,
    "end": 1562696592583,
    "duration": 0,
    "pid": 29564,
    "index": 41
  },
  {
    "name": "Require(35) node_modules/egg/app/extend/context.js",
    "start": 1562696592583,
    "end": 1562696592584,
    "duration": 1,
    "pid": 29564,
    "index": 42
  },
  {
    "name": "Load extend/helper.js",
    "start": 1562696592584,
    "end": 1562696592598,
    "duration": 14,
    "pid": 29564,
    "index": 43
  },
  {
    "name": "Require(36) node_modules/egg-security/app/extend/helper.js",
    "start": 1562696592584,
    "end": 1562696592596,
    "duration": 12,
    "pid": 29564,
    "index": 44
  },
  {
    "name": "Require(37) node_modules/egg/app/extend/helper.js",
    "start": 1562696592596,
    "end": 1562696592597,
    "duration": 1,
    "pid": 29564,
    "index": 45
  },
  {
    "name": "Load app.js",
    "start": 1562696592598,
    "end": 1562696592624,
    "duration": 26,
    "pid": 29564,
    "index": 46
  },
  {
    "name": "Require(38) node_modules/egg-session/app.js",
    "start": 1562696592598,
    "end": 1562696592598,
    "duration": 0,
    "pid": 29564,
    "index": 47
  },
  {
    "name": "Require(39) node_modules/egg-security/app.js",
    "start": 1562696592599,
    "end": 1562696592600,
    "duration": 1,
    "pid": 29564,
    "index": 48
  },
  {
    "name": "Require(40) node_modules/egg-onerror/app.js",
    "start": 1562696592600,
    "end": 1562696592605,
    "duration": 5,
    "pid": 29564,
    "index": 49
  },
  {
    "name": "Require(41) node_modules/egg-i18n/app.js",
    "start": 1562696592605,
    "end": 1562696592615,
    "duration": 10,
    "pid": 29564,
    "index": 50
  },
  {
    "name": "Require(42) node_modules/egg-watcher/app.js",
    "start": 1562696592615,
    "end": 1562696592617,
    "duration": 2,
    "pid": 29564,
    "index": 51
  },
  {
    "name": "Require(43) node_modules/egg-schedule/app.js",
    "start": 1562696592617,
    "end": 1562696592618,
    "duration": 1,
    "pid": 29564,
    "index": 52
  },
  {
    "name": "Require(44) node_modules/egg-multipart/app.js",
    "start": 1562696592619,
    "end": 1562696592621,
    "duration": 2,
    "pid": 29564,
    "index": 53
  },
  {
    "name": "Require(45) node_modules/egg-development/app.js",
    "start": 1562696592621,
    "end": 1562696592621,
    "duration": 0,
    "pid": 29564,
    "index": 54
  },
  {
    "name": "Require(46) node_modules/egg-logrotator/app.js",
    "start": 1562696592621,
    "end": 1562696592622,
    "duration": 1,
    "pid": 29564,
    "index": 55
  },
  {
    "name": "Require(47) node_modules/egg-static/app.js",
    "start": 1562696592622,
    "end": 1562696592622,
    "duration": 0,
    "pid": 29564,
    "index": 56
  },
  {
    "name": "Require(48) node_modules/egg-mongoose/app.js",
    "start": 1562696592622,
    "end": 1562696592623,
    "duration": 1,
    "pid": 29564,
    "index": 57
  },
  {
    "name": "Require(49) node_modules/egg-validate/app.js",
    "start": 1562696592623,
    "end": 1562696592624,
    "duration": 1,
    "pid": 29564,
    "index": 58
  },
  {
    "name": "Before Start in node_modules/egg-watcher/lib/init.js:15:14",
    "start": 1562696592632,
    "end": 1562696592972,
    "duration": 340,
    "pid": 29564,
    "index": 59
  },
  {
    "name": "Before Start in node_modules/egg-mongoose/lib/mongoose.js:91:7",
    "start": 1562696592867,
    "end": 1562696592968,
    "duration": 101,
    "pid": 29564,
    "index": 60
  },
  {
    "name": "Before Start in node_modules/egg-mongoose/lib/mongoose.js:49:9",
    "start": 1562696592867,
    "end": 1562696592952,
    "duration": 85,
    "pid": 29564,
    "index": 61
  },
  {
    "name": "Load Service",
    "start": 1562696592868,
    "end": 1562696592871,
    "duration": 3,
    "pid": 29564,
    "index": 62
  },
  {
    "name": "Load \"service\" to Context",
    "start": 1562696592868,
    "end": 1562696592871,
    "duration": 3,
    "pid": 29564,
    "index": 63
  },
  {
    "name": "Load Middleware",
    "start": 1562696592871,
    "end": 1562696592929,
    "duration": 58,
    "pid": 29564,
    "index": 64
  },
  {
    "name": "Load \"middlewares\" to Application",
    "start": 1562696592871,
    "end": 1562696592922,
    "duration": 51,
    "pid": 29564,
    "index": 65
  },
  {
    "name": "Load Controller",
    "start": 1562696592929,
    "end": 1562696592933,
    "duration": 4,
    "pid": 29564,
    "index": 66
  },
  {
    "name": "Load \"controller\" to Application",
    "start": 1562696592929,
    "end": 1562696592933,
    "duration": 4,
    "pid": 29564,
    "index": 67
  },
  {
    "name": "Load Router",
    "start": 1562696592933,
    "end": 1562696592937,
    "duration": 4,
    "pid": 29564,
    "index": 68
  },
  {
    "name": "Require(50) app/router.js",
    "start": 1562696592934,
    "end": 1562696592934,
    "duration": 0,
    "pid": 29564,
    "index": 69
  },
  {
    "name": "Before Start in node_modules/egg-core/lib/egg.js:303:10",
    "start": 1562696592934,
    "end": 1562696592952,
    "duration": 18,
    "pid": 29564,
    "index": 70
  },
  {
    "name": "Load \"model\" to Application",
    "start": 1562696592944,
    "end": 1562696592951,
    "duration": 7,
    "pid": 29564,
    "index": 71
  }
]