[
  {
    "name": "Application Start",
    "start": 1562699124021,
    "end": 1562699124355,
    "duration": 334,
    "pid": 30407,
    "index": 0
  },
  {
    "name": "Load Plugin",
    "start": 1562699124024,
    "end": 1562699124030,
    "duration": 6,
    "pid": 30407,
    "index": 1
  },
  {
    "name": "Load Config",
    "start": 1562699124030,
    "end": 1562699124041,
    "duration": 11,
    "pid": 30407,
    "index": 2
  },
  {
    "name": "Require(0) config/config.default.js",
    "start": 1562699124030,
    "end": 1562699124031,
    "duration": 1,
    "pid": 30407,
    "index": 3
  },
  {
    "name": "Require(1) node_modules/egg-session/config/config.default.js",
    "start": 1562699124031,
    "end": 1562699124032,
    "duration": 1,
    "pid": 30407,
    "index": 4
  },
  {
    "name": "Require(2) node_modules/egg-security/config/config.default.js",
    "start": 1562699124032,
    "end": 1562699124032,
    "duration": 0,
    "pid": 30407,
    "index": 5
  },
  {
    "name": "Require(3) node_modules/egg-jsonp/config/config.default.js",
    "start": 1562699124033,
    "end": 1562699124033,
    "duration": 0,
    "pid": 30407,
    "index": 6
  },
  {
    "name": "Require(4) node_modules/egg-onerror/config/config.default.js",
    "start": 1562699124033,
    "end": 1562699124033,
    "duration": 0,
    "pid": 30407,
    "index": 7
  },
  {
    "name": "Require(5) node_modules/egg-i18n/config/config.default.js",
    "start": 1562699124033,
    "end": 1562699124033,
    "duration": 0,
    "pid": 30407,
    "index": 8
  },
  {
    "name": "Require(6) node_modules/egg-watcher/config/config.default.js",
    "start": 1562699124033,
    "end": 1562699124034,
    "duration": 1,
    "pid": 30407,
    "index": 9
  },
  {
    "name": "Require(7) node_modules/egg-schedule/config/config.default.js",
    "start": 1562699124034,
    "end": 1562699124034,
    "duration": 0,
    "pid": 30407,
    "index": 10
  },
  {
    "name": "Require(8) node_modules/egg-multipart/config/config.default.js",
    "start": 1562699124034,
    "end": 1562699124034,
    "duration": 0,
    "pid": 30407,
    "index": 11
  },
  {
    "name": "Require(9) node_modules/egg-development/config/config.default.js",
    "start": 1562699124035,
    "end": 1562699124035,
    "duration": 0,
    "pid": 30407,
    "index": 12
  },
  {
    "name": "Require(10) node_modules/egg-logrotator/config/config.default.js",
    "start": 1562699124035,
    "end": 1562699124035,
    "duration": 0,
    "pid": 30407,
    "index": 13
  },
  {
    "name": "Require(11) node_modules/egg-static/config/config.default.js",
    "start": 1562699124035,
    "end": 1562699124035,
    "duration": 0,
    "pid": 30407,
    "index": 14
  },
  {
    "name": "Require(12) node_modules/egg-view/config/config.default.js",
    "start": 1562699124036,
    "end": 1562699124036,
    "duration": 0,
    "pid": 30407,
    "index": 15
  },
  {
    "name": "Require(13) node_modules/egg-mongoose/config/config.default.js",
    "start": 1562699124036,
    "end": 1562699124036,
    "duration": 0,
    "pid": 30407,
    "index": 16
  },
  {
    "name": "Require(14) node_modules/egg-validate/config/config.default.js",
    "start": 1562699124036,
    "end": 1562699124036,
    "duration": 0,
    "pid": 30407,
    "index": 17
  },
  {
    "name": "Require(15) node_modules/egg/config/config.default.js",
    "start": 1562699124036,
    "end": 1562699124038,
    "duration": 2,
    "pid": 30407,
    "index": 18
  },
  {
    "name": "Require(16) config/config.default.js",
    "start": 1562699124039,
    "end": 1562699124039,
    "duration": 0,
    "pid": 30407,
    "index": 19
  },
  {
    "name": "Require(17) node_modules/egg-security/config/config.local.js",
    "start": 1562699124040,
    "end": 1562699124040,
    "duration": 0,
    "pid": 30407,
    "index": 20
  },
  {
    "name": "Require(18) node_modules/egg-watcher/config/config.local.js",
    "start": 1562699124040,
    "end": 1562699124041,
    "duration": 1,
    "pid": 30407,
    "index": 21
  },
  {
    "name": "Require(19) node_modules/egg-view/config/config.local.js",
    "start": 1562699124041,
    "end": 1562699124041,
    "duration": 0,
    "pid": 30407,
    "index": 22
  },
  {
    "name": "Require(20) node_modules/egg/config/config.local.js",
    "start": 1562699124041,
    "end": 1562699124041,
    "duration": 0,
    "pid": 30407,
    "index": 23
  },
  {
    "name": "Load extend/application.js",
    "start": 1562699124042,
    "end": 1562699124047,
    "duration": 5,
    "pid": 30407,
    "index": 24
  },
  {
    "name": "Require(21) node_modules/egg-session/app/extend/application.js",
    "start": 1562699124043,
    "end": 1562699124043,
    "duration": 0,
    "pid": 30407,
    "index": 25
  },
  {
    "name": "Require(22) node_modules/egg-security/app/extend/application.js",
    "start": 1562699124043,
    "end": 1562699124044,
    "duration": 1,
    "pid": 30407,
    "index": 26
  },
  {
    "name": "Require(23) node_modules/egg-jsonp/app/extend/application.js",
    "start": 1562699124044,
    "end": 1562699124044,
    "duration": 0,
    "pid": 30407,
    "index": 27
  },
  {
    "name": "Require(24) node_modules/egg-logrotator/app/extend/application.js",
    "start": 1562699124045,
    "end": 1562699124046,
    "duration": 1,
    "pid": 30407,
    "index": 28
  },
  {
    "name": "Require(25) node_modules/egg-view/app/extend/application.js",
    "start": 1562699124046,
    "end": 1562699124046,
    "duration": 0,
    "pid": 30407,
    "index": 29
  },
  {
    "name": "Load extend/request.js",
    "start": 1562699124047,
    "end": 1562699124054,
    "duration": 7,
    "pid": 30407,
    "index": 30
  },
  {
    "name": "Require(26) node_modules/egg/app/extend/request.js",
    "start": 1562699124053,
    "end": 1562699124053,
    "duration": 0,
    "pid": 30407,
    "index": 31
  },
  {
    "name": "Load extend/response.js",
    "start": 1562699124054,
    "end": 1562699124056,
    "duration": 2,
    "pid": 30407,
    "index": 32
  },
  {
    "name": "Require(27) node_modules/egg/app/extend/response.js",
    "start": 1562699124055,
    "end": 1562699124055,
    "duration": 0,
    "pid": 30407,
    "index": 33
  },
  {
    "name": "Load extend/context.js",
    "start": 1562699124056,
    "end": 1562699124082,
    "duration": 26,
    "pid": 30407,
    "index": 34
  },
  {
    "name": "Require(28) node_modules/egg-security/app/extend/context.js",
    "start": 1562699124056,
    "end": 1562699124059,
    "duration": 3,
    "pid": 30407,
    "index": 35
  },
  {
    "name": "Require(29) node_modules/egg-jsonp/app/extend/context.js",
    "start": 1562699124059,
    "end": 1562699124060,
    "duration": 1,
    "pid": 30407,
    "index": 36
  },
  {
    "name": "Require(30) node_modules/egg-i18n/app/extend/context.js",
    "start": 1562699124060,
    "end": 1562699124060,
    "duration": 0,
    "pid": 30407,
    "index": 37
  },
  {
    "name": "Require(31) node_modules/egg-multipart/app/extend/context.js",
    "start": 1562699124060,
    "end": 1562699124079,
    "duration": 19,
    "pid": 30407,
    "index": 38
  },
  {
    "name": "Require(32) node_modules/egg-view/app/extend/context.js",
    "start": 1562699124079,
    "end": 1562699124080,
    "duration": 1,
    "pid": 30407,
    "index": 39
  },
  {
    "name": "Require(33) node_modules/egg-mongoose/app/extend/context.js",
    "start": 1562699124080,
    "end": 1562699124080,
    "duration": 0,
    "pid": 30407,
    "index": 40
  },
  {
    "name": "Require(34) node_modules/egg-validate/app/extend/context.js",
    "start": 1562699124080,
    "end": 1562699124080,
    "duration": 0,
    "pid": 30407,
    "index": 41
  },
  {
    "name": "Require(35) node_modules/egg/app/extend/context.js",
    "start": 1562699124080,
    "end": 1562699124081,
    "duration": 1,
    "pid": 30407,
    "index": 42
  },
  {
    "name": "Load extend/helper.js",
    "start": 1562699124082,
    "end": 1562699124089,
    "duration": 7,
    "pid": 30407,
    "index": 43
  },
  {
    "name": "Require(36) node_modules/egg-security/app/extend/helper.js",
    "start": 1562699124082,
    "end": 1562699124088,
    "duration": 6,
    "pid": 30407,
    "index": 44
  },
  {
    "name": "Require(37) node_modules/egg/app/extend/helper.js",
    "start": 1562699124089,
    "end": 1562699124089,
    "duration": 0,
    "pid": 30407,
    "index": 45
  },
  {
    "name": "Load app.js",
    "start": 1562699124090,
    "end": 1562699124104,
    "duration": 14,
    "pid": 30407,
    "index": 46
  },
  {
    "name": "Require(38) node_modules/egg-session/app.js",
    "start": 1562699124090,
    "end": 1562699124090,
    "duration": 0,
    "pid": 30407,
    "index": 47
  },
  {
    "name": "Require(39) node_modules/egg-security/app.js",
    "start": 1562699124090,
    "end": 1562699124090,
    "duration": 0,
    "pid": 30407,
    "index": 48
  },
  {
    "name": "Require(40) node_modules/egg-onerror/app.js",
    "start": 1562699124091,
    "end": 1562699124094,
    "duration": 3,
    "pid": 30407,
    "index": 49
  },
  {
    "name": "Require(41) node_modules/egg-i18n/app.js",
    "start": 1562699124094,
    "end": 1562699124099,
    "duration": 5,
    "pid": 30407,
    "index": 50
  },
  {
    "name": "Require(42) node_modules/egg-watcher/app.js",
    "start": 1562699124099,
    "end": 1562699124100,
    "duration": 1,
    "pid": 30407,
    "index": 51
  },
  {
    "name": "Require(43) node_modules/egg-schedule/app.js",
    "start": 1562699124101,
    "end": 1562699124101,
    "duration": 0,
    "pid": 30407,
    "index": 52
  },
  {
    "name": "Require(44) node_modules/egg-multipart/app.js",
    "start": 1562699124101,
    "end": 1562699124102,
    "duration": 1,
    "pid": 30407,
    "index": 53
  },
  {
    "name": "Require(45) node_modules/egg-development/app.js",
    "start": 1562699124102,
    "end": 1562699124102,
    "duration": 0,
    "pid": 30407,
    "index": 54
  },
  {
    "name": "Require(46) node_modules/egg-logrotator/app.js",
    "start": 1562699124102,
    "end": 1562699124102,
    "duration": 0,
    "pid": 30407,
    "index": 55
  },
  {
    "name": "Require(47) node_modules/egg-static/app.js",
    "start": 1562699124102,
    "end": 1562699124103,
    "duration": 1,
    "pid": 30407,
    "index": 56
  },
  {
    "name": "Require(48) node_modules/egg-mongoose/app.js",
    "start": 1562699124103,
    "end": 1562699124103,
    "duration": 0,
    "pid": 30407,
    "index": 57
  },
  {
    "name": "Require(49) node_modules/egg-validate/app.js",
    "start": 1562699124103,
    "end": 1562699124104,
    "duration": 1,
    "pid": 30407,
    "index": 58
  },
  {
    "name": "Before Start in node_modules/egg-watcher/lib/init.js:15:14",
    "start": 1562699124111,
    "end": 1562699124354,
    "duration": 243,
    "pid": 30407,
    "index": 59
  },
  {
    "name": "Before Start in node_modules/egg-mongoose/lib/mongoose.js:91:7",
    "start": 1562699124276,
    "end": 1562699124350,
    "duration": 74,
    "pid": 30407,
    "index": 60
  },
  {
    "name": "Before Start in node_modules/egg-mongoose/lib/mongoose.js:49:9",
    "start": 1562699124276,
    "end": 1562699124333,
    "duration": 57,
    "pid": 30407,
    "index": 61
  },
  {
    "name": "Load Service",
    "start": 1562699124276,
    "end": 1562699124280,
    "duration": 4,
    "pid": 30407,
    "index": 62
  },
  {
    "name": "Load \"service\" to Context",
    "start": 1562699124276,
    "end": 1562699124280,
    "duration": 4,
    "pid": 30407,
    "index": 63
  },
  {
    "name": "Load Middleware",
    "start": 1562699124280,
    "end": 1562699124313,
    "duration": 33,
    "pid": 30407,
    "index": 64
  },
  {
    "name": "Load \"middlewares\" to Application",
    "start": 1562699124280,
    "end": 1562699124307,
    "duration": 27,
    "pid": 30407,
    "index": 65
  },
  {
    "name": "Load Controller",
    "start": 1562699124313,
    "end": 1562699124314,
    "duration": 1,
    "pid": 30407,
    "index": 66
  },
  {
    "name": "Load \"controller\" to Application",
    "start": 1562699124313,
    "end": 1562699124314,
    "duration": 1,
    "pid": 30407,
    "index": 67
  },
  {
    "name": "Load Router",
    "start": 1562699124314,
    "end": 1562699124317,
    "duration": 3,
    "pid": 30407,
    "index": 68
  },
  {
    "name": "Require(50) app/router.js",
    "start": 1562699124314,
    "end": 1562699124314,
    "duration": 0,
    "pid": 30407,
    "index": 69
  },
  {
    "name": "Before Start in node_modules/egg-core/lib/egg.js:303:10",
    "start": 1562699124315,
    "end": 1562699124333,
    "duration": 18,
    "pid": 30407,
    "index": 70
  },
  {
    "name": "Load \"model\" to Application",
    "start": 1562699124326,
    "end": 1562699124333,
    "duration": 7,
    "pid": 30407,
    "index": 71
  }
]