[
  {
    "name": "Application Start",
    "start": 1562695967543,
    "end": 1562695967862,
    "duration": 319,
    "pid": 29315,
    "index": 0
  },
  {
    "name": "Load Plugin",
    "start": 1562695967548,
    "end": 1562695967554,
    "duration": 6,
    "pid": 29315,
    "index": 1
  },
  {
    "name": "Load Config",
    "start": 1562695967554,
    "end": 1562695967565,
    "duration": 11,
    "pid": 29315,
    "index": 2
  },
  {
    "name": "Require(0) config/config.default.js",
    "start": 1562695967555,
    "end": 1562695967555,
    "duration": 0,
    "pid": 29315,
    "index": 3
  },
  {
    "name": "Require(1) node_modules/egg-session/config/config.default.js",
    "start": 1562695967556,
    "end": 1562695967556,
    "duration": 0,
    "pid": 29315,
    "index": 4
  },
  {
    "name": "Require(2) node_modules/egg-security/config/config.default.js",
    "start": 1562695967556,
    "end": 1562695967556,
    "duration": 0,
    "pid": 29315,
    "index": 5
  },
  {
    "name": "Require(3) node_modules/egg-jsonp/config/config.default.js",
    "start": 1562695967557,
    "end": 1562695967557,
    "duration": 0,
    "pid": 29315,
    "index": 6
  },
  {
    "name": "Require(4) node_modules/egg-onerror/config/config.default.js",
    "start": 1562695967557,
    "end": 1562695967557,
    "duration": 0,
    "pid": 29315,
    "index": 7
  },
  {
    "name": "Require(5) node_modules/egg-i18n/config/config.default.js",
    "start": 1562695967557,
    "end": 1562695967557,
    "duration": 0,
    "pid": 29315,
    "index": 8
  },
  {
    "name": "Require(6) node_modules/egg-watcher/config/config.default.js",
    "start": 1562695967558,
    "end": 1562695967558,
    "duration": 0,
    "pid": 29315,
    "index": 9
  },
  {
    "name": "Require(7) node_modules/egg-schedule/config/config.default.js",
    "start": 1562695967558,
    "end": 1562695967558,
    "duration": 0,
    "pid": 29315,
    "index": 10
  },
  {
    "name": "Require(8) node_modules/egg-multipart/config/config.default.js",
    "start": 1562695967558,
    "end": 1562695967558,
    "duration": 0,
    "pid": 29315,
    "index": 11
  },
  {
    "name": "Require(9) node_modules/egg-development/config/config.default.js",
    "start": 1562695967559,
    "end": 1562695967559,
    "duration": 0,
    "pid": 29315,
    "index": 12
  },
  {
    "name": "Require(10) node_modules/egg-logrotator/config/config.default.js",
    "start": 1562695967559,
    "end": 1562695967559,
    "duration": 0,
    "pid": 29315,
    "index": 13
  },
  {
    "name": "Require(11) node_modules/egg-static/config/config.default.js",
    "start": 1562695967559,
    "end": 1562695967559,
    "duration": 0,
    "pid": 29315,
    "index": 14
  },
  {
    "name": "Require(12) node_modules/egg-view/config/config.default.js",
    "start": 1562695967560,
    "end": 1562695967560,
    "duration": 0,
    "pid": 29315,
    "index": 15
  },
  {
    "name": "Require(13) node_modules/egg-mongoose/config/config.default.js",
    "start": 1562695967560,
    "end": 1562695967560,
    "duration": 0,
    "pid": 29315,
    "index": 16
  },
  {
    "name": "Require(14) node_modules/egg-validate/config/config.default.js",
    "start": 1562695967560,
    "end": 1562695967560,
    "duration": 0,
    "pid": 29315,
    "index": 17
  },
  {
    "name": "Require(15) node_modules/egg/config/config.default.js",
    "start": 1562695967560,
    "end": 1562695967561,
    "duration": 1,
    "pid": 29315,
    "index": 18
  },
  {
    "name": "Require(16) config/config.default.js",
    "start": 1562695967563,
    "end": 1562695967563,
    "duration": 0,
    "pid": 29315,
    "index": 19
  },
  {
    "name": "Require(17) node_modules/egg-security/config/config.local.js",
    "start": 1562695967564,
    "end": 1562695967564,
    "duration": 0,
    "pid": 29315,
    "index": 20
  },
  {
    "name": "Require(18) node_modules/egg-watcher/config/config.local.js",
    "start": 1562695967564,
    "end": 1562695967564,
    "duration": 0,
    "pid": 29315,
    "index": 21
  },
  {
    "name": "Require(19) node_modules/egg-view/config/config.local.js",
    "start": 1562695967565,
    "end": 1562695967565,
    "duration": 0,
    "pid": 29315,
    "index": 22
  },
  {
    "name": "Require(20) node_modules/egg/config/config.local.js",
    "start": 1562695967565,
    "end": 1562695967565,
    "duration": 0,
    "pid": 29315,
    "index": 23
  },
  {
    "name": "Load extend/application.js",
    "start": 1562695967566,
    "end": 1562695967571,
    "duration": 5,
    "pid": 29315,
    "index": 24
  },
  {
    "name": "Require(21) node_modules/egg-session/app/extend/application.js",
    "start": 1562695967567,
    "end": 1562695967567,
    "duration": 0,
    "pid": 29315,
    "index": 25
  },
  {
    "name": "Require(22) node_modules/egg-security/app/extend/application.js",
    "start": 1562695967567,
    "end": 1562695967567,
    "duration": 0,
    "pid": 29315,
    "index": 26
  },
  {
    "name": "Require(23) node_modules/egg-jsonp/app/extend/application.js",
    "start": 1562695967568,
    "end": 1562695967568,
    "duration": 0,
    "pid": 29315,
    "index": 27
  },
  {
    "name": "Require(24) node_modules/egg-logrotator/app/extend/application.js",
    "start": 1562695967569,
    "end": 1562695967569,
    "duration": 0,
    "pid": 29315,
    "index": 28
  },
  {
    "name": "Require(25) node_modules/egg-view/app/extend/application.js",
    "start": 1562695967570,
    "end": 1562695967570,
    "duration": 0,
    "pid": 29315,
    "index": 29
  },
  {
    "name": "Load extend/request.js",
    "start": 1562695967571,
    "end": 1562695967577,
    "duration": 6,
    "pid": 29315,
    "index": 30
  },
  {
    "name": "Require(26) node_modules/egg/app/extend/request.js",
    "start": 1562695967572,
    "end": 1562695967572,
    "duration": 0,
    "pid": 29315,
    "index": 31
  },
  {
    "name": "Load extend/response.js",
    "start": 1562695967577,
    "end": 1562695967579,
    "duration": 2,
    "pid": 29315,
    "index": 32
  },
  {
    "name": "Require(27) node_modules/egg/app/extend/response.js",
    "start": 1562695967578,
    "end": 1562695967578,
    "duration": 0,
    "pid": 29315,
    "index": 33
  },
  {
    "name": "Load extend/context.js",
    "start": 1562695967579,
    "end": 1562695967603,
    "duration": 24,
    "pid": 29315,
    "index": 34
  },
  {
    "name": "Require(28) node_modules/egg-security/app/extend/context.js",
    "start": 1562695967579,
    "end": 1562695967582,
    "duration": 3,
    "pid": 29315,
    "index": 35
  },
  {
    "name": "Require(29) node_modules/egg-jsonp/app/extend/context.js",
    "start": 1562695967582,
    "end": 1562695967582,
    "duration": 0,
    "pid": 29315,
    "index": 36
  },
  {
    "name": "Require(30) node_modules/egg-i18n/app/extend/context.js",
    "start": 1562695967583,
    "end": 1562695967583,
    "duration": 0,
    "pid": 29315,
    "index": 37
  },
  {
    "name": "Require(31) node_modules/egg-multipart/app/extend/context.js",
    "start": 1562695967583,
    "end": 1562695967601,
    "duration": 18,
    "pid": 29315,
    "index": 38
  },
  {
    "name": "Require(32) node_modules/egg-view/app/extend/context.js",
    "start": 1562695967601,
    "end": 1562695967602,
    "duration": 1,
    "pid": 29315,
    "index": 39
  },
  {
    "name": "Require(33) node_modules/egg-mongoose/app/extend/context.js",
    "start": 1562695967602,
    "end": 1562695967602,
    "duration": 0,
    "pid": 29315,
    "index": 40
  },
  {
    "name": "Require(34) node_modules/egg-validate/app/extend/context.js",
    "start": 1562695967602,
    "end": 1562695967602,
    "duration": 0,
    "pid": 29315,
    "index": 41
  },
  {
    "name": "Require(35) node_modules/egg/app/extend/context.js",
    "start": 1562695967602,
    "end": 1562695967602,
    "duration": 0,
    "pid": 29315,
    "index": 42
  },
  {
    "name": "Load extend/helper.js",
    "start": 1562695967603,
    "end": 1562695967610,
    "duration": 7,
    "pid": 29315,
    "index": 43
  },
  {
    "name": "Require(36) node_modules/egg-security/app/extend/helper.js",
    "start": 1562695967603,
    "end": 1562695967609,
    "duration": 6,
    "pid": 29315,
    "index": 44
  },
  {
    "name": "Require(37) node_modules/egg/app/extend/helper.js",
    "start": 1562695967610,
    "end": 1562695967610,
    "duration": 0,
    "pid": 29315,
    "index": 45
  },
  {
    "name": "Load app.js",
    "start": 1562695967610,
    "end": 1562695967625,
    "duration": 15,
    "pid": 29315,
    "index": 46
  },
  {
    "name": "Require(38) node_modules/egg-session/app.js",
    "start": 1562695967611,
    "end": 1562695967611,
    "duration": 0,
    "pid": 29315,
    "index": 47
  },
  {
    "name": "Require(39) node_modules/egg-security/app.js",
    "start": 1562695967611,
    "end": 1562695967611,
    "duration": 0,
    "pid": 29315,
    "index": 48
  },
  {
    "name": "Require(40) node_modules/egg-onerror/app.js",
    "start": 1562695967611,
    "end": 1562695967614,
    "duration": 3,
    "pid": 29315,
    "index": 49
  },
  {
    "name": "Require(41) node_modules/egg-i18n/app.js",
    "start": 1562695967614,
    "end": 1562695967620,
    "duration": 6,
    "pid": 29315,
    "index": 50
  },
  {
    "name": "Require(42) node_modules/egg-watcher/app.js",
    "start": 1562695967620,
    "end": 1562695967621,
    "duration": 1,
    "pid": 29315,
    "index": 51
  },
  {
    "name": "Require(43) node_modules/egg-schedule/app.js",
    "start": 1562695967621,
    "end": 1562695967622,
    "duration": 1,
    "pid": 29315,
    "index": 52
  },
  {
    "name": "Require(44) node_modules/egg-multipart/app.js",
    "start": 1562695967622,
    "end": 1562695967623,
    "duration": 1,
    "pid": 29315,
    "index": 53
  },
  {
    "name": "Require(45) node_modules/egg-development/app.js",
    "start": 1562695967623,
    "end": 1562695967623,
    "duration": 0,
    "pid": 29315,
    "index": 54
  },
  {
    "name": "Require(46) node_modules/egg-logrotator/app.js",
    "start": 1562695967623,
    "end": 1562695967623,
    "duration": 0,
    "pid": 29315,
    "index": 55
  },
  {
    "name": "Require(47) node_modules/egg-static/app.js",
    "start": 1562695967623,
    "end": 1562695967623,
    "duration": 0,
    "pid": 29315,
    "index": 56
  },
  {
    "name": "Require(48) node_modules/egg-mongoose/app.js",
    "start": 1562695967623,
    "end": 1562695967624,
    "duration": 1,
    "pid": 29315,
    "index": 57
  },
  {
    "name": "Require(49) node_modules/egg-validate/app.js",
    "start": 1562695967624,
    "end": 1562695967624,
    "duration": 0,
    "pid": 29315,
    "index": 58
  },
  {
    "name": "Before Start in node_modules/egg-watcher/lib/init.js:15:14",
    "start": 1562695967631,
    "end": 1562695967861,
    "duration": 230,
    "pid": 29315,
    "index": 59
  },
  {
    "name": "Before Start in node_modules/egg-mongoose/lib/mongoose.js:91:7",
    "start": 1562695967786,
    "end": 1562695967856,
    "duration": 70,
    "pid": 29315,
    "index": 60
  },
  {
    "name": "Before Start in node_modules/egg-mongoose/lib/mongoose.js:49:9",
    "start": 1562695967786,
    "end": 1562695967838,
    "duration": 52,
    "pid": 29315,
    "index": 61
  },
  {
    "name": "Load Service",
    "start": 1562695967787,
    "end": 1562695967789,
    "duration": 2,
    "pid": 29315,
    "index": 62
  },
  {
    "name": "Load \"service\" to Context",
    "start": 1562695967787,
    "end": 1562695967789,
    "duration": 2,
    "pid": 29315,
    "index": 63
  },
  {
    "name": "Load Middleware",
    "start": 1562695967789,
    "end": 1562695967819,
    "duration": 30,
    "pid": 29315,
    "index": 64
  },
  {
    "name": "Load \"middlewares\" to Application",
    "start": 1562695967789,
    "end": 1562695967813,
    "duration": 24,
    "pid": 29315,
    "index": 65
  },
  {
    "name": "Load Controller",
    "start": 1562695967819,
    "end": 1562695967820,
    "duration": 1,
    "pid": 29315,
    "index": 66
  },
  {
    "name": "Load \"controller\" to Application",
    "start": 1562695967819,
    "end": 1562695967820,
    "duration": 1,
    "pid": 29315,
    "index": 67
  },
  {
    "name": "Load Router",
    "start": 1562695967820,
    "end": 1562695967825,
    "duration": 5,
    "pid": 29315,
    "index": 68
  },
  {
    "name": "Require(50) app/router.js",
    "start": 1562695967820,
    "end": 1562695967820,
    "duration": 0,
    "pid": 29315,
    "index": 69
  },
  {
    "name": "Before Start in node_modules/egg-core/lib/egg.js:303:10",
    "start": 1562695967821,
    "end": 1562695967838,
    "duration": 17,
    "pid": 29315,
    "index": 70
  },
  {
    "name": "Load \"model\" to Application",
    "start": 1562695967831,
    "end": 1562695967838,
    "duration": 7,
    "pid": 29315,
    "index": 71
  }
]