[
  {
    "name": "Application Start",
    "start": 1562696018320,
    "end": 1562696018662,
    "duration": 342,
    "pid": 29334,
    "index": 0
  },
  {
    "name": "Load Plugin",
    "start": 1562696018323,
    "end": 1562696018329,
    "duration": 6,
    "pid": 29334,
    "index": 1
  },
  {
    "name": "Load Config",
    "start": 1562696018329,
    "end": 1562696018341,
    "duration": 12,
    "pid": 29334,
    "index": 2
  },
  {
    "name": "Require(0) config/config.default.js",
    "start": 1562696018330,
    "end": 1562696018330,
    "duration": 0,
    "pid": 29334,
    "index": 3
  },
  {
    "name": "Require(1) node_modules/egg-session/config/config.default.js",
    "start": 1562696018331,
    "end": 1562696018331,
    "duration": 0,
    "pid": 29334,
    "index": 4
  },
  {
    "name": "Require(2) node_modules/egg-security/config/config.default.js",
    "start": 1562696018331,
    "end": 1562696018331,
    "duration": 0,
    "pid": 29334,
    "index": 5
  },
  {
    "name": "Require(3) node_modules/egg-jsonp/config/config.default.js",
    "start": 1562696018332,
    "end": 1562696018332,
    "duration": 0,
    "pid": 29334,
    "index": 6
  },
  {
    "name": "Require(4) node_modules/egg-onerror/config/config.default.js",
    "start": 1562696018332,
    "end": 1562696018332,
    "duration": 0,
    "pid": 29334,
    "index": 7
  },
  {
    "name": "Require(5) node_modules/egg-i18n/config/config.default.js",
    "start": 1562696018332,
    "end": 1562696018332,
    "duration": 0,
    "pid": 29334,
    "index": 8
  },
  {
    "name": "Require(6) node_modules/egg-watcher/config/config.default.js",
    "start": 1562696018333,
    "end": 1562696018333,
    "duration": 0,
    "pid": 29334,
    "index": 9
  },
  {
    "name": "Require(7) node_modules/egg-schedule/config/config.default.js",
    "start": 1562696018333,
    "end": 1562696018333,
    "duration": 0,
    "pid": 29334,
    "index": 10
  },
  {
    "name": "Require(8) node_modules/egg-multipart/config/config.default.js",
    "start": 1562696018333,
    "end": 1562696018333,
    "duration": 0,
    "pid": 29334,
    "index": 11
  },
  {
    "name": "Require(9) node_modules/egg-development/config/config.default.js",
    "start": 1562696018334,
    "end": 1562696018334,
    "duration": 0,
    "pid": 29334,
    "index": 12
  },
  {
    "name": "Require(10) node_modules/egg-logrotator/config/config.default.js",
    "start": 1562696018334,
    "end": 1562696018334,
    "duration": 0,
    "pid": 29334,
    "index": 13
  },
  {
    "name": "Require(11) node_modules/egg-static/config/config.default.js",
    "start": 1562696018334,
    "end": 1562696018335,
    "duration": 1,
    "pid": 29334,
    "index": 14
  },
  {
    "name": "Require(12) node_modules/egg-view/config/config.default.js",
    "start": 1562696018335,
    "end": 1562696018335,
    "duration": 0,
    "pid": 29334,
    "index": 15
  },
  {
    "name": "Require(13) node_modules/egg-mongoose/config/config.default.js",
    "start": 1562696018335,
    "end": 1562696018335,
    "duration": 0,
    "pid": 29334,
    "index": 16
  },
  {
    "name": "Require(14) node_modules/egg-validate/config/config.default.js",
    "start": 1562696018335,
    "end": 1562696018336,
    "duration": 1,
    "pid": 29334,
    "index": 17
  },
  {
    "name": "Require(15) node_modules/egg/config/config.default.js",
    "start": 1562696018336,
    "end": 1562696018336,
    "duration": 0,
    "pid": 29334,
    "index": 18
  },
  {
    "name": "Require(16) config/config.default.js",
    "start": 1562696018339,
    "end": 1562696018339,
    "duration": 0,
    "pid": 29334,
    "index": 19
  },
  {
    "name": "Require(17) node_modules/egg-security/config/config.local.js",
    "start": 1562696018339,
    "end": 1562696018340,
    "duration": 1,
    "pid": 29334,
    "index": 20
  },
  {
    "name": "Require(18) node_modules/egg-watcher/config/config.local.js",
    "start": 1562696018340,
    "end": 1562696018340,
    "duration": 0,
    "pid": 29334,
    "index": 21
  },
  {
    "name": "Require(19) node_modules/egg-view/config/config.local.js",
    "start": 1562696018341,
    "end": 1562696018341,
    "duration": 0,
    "pid": 29334,
    "index": 22
  },
  {
    "name": "Require(20) node_modules/egg/config/config.local.js",
    "start": 1562696018341,
    "end": 1562696018341,
    "duration": 0,
    "pid": 29334,
    "index": 23
  },
  {
    "name": "Load extend/application.js",
    "start": 1562696018342,
    "end": 1562696018347,
    "duration": 5,
    "pid": 29334,
    "index": 24
  },
  {
    "name": "Require(21) node_modules/egg-session/app/extend/application.js",
    "start": 1562696018342,
    "end": 1562696018343,
    "duration": 1,
    "pid": 29334,
    "index": 25
  },
  {
    "name": "Require(22) node_modules/egg-security/app/extend/application.js",
    "start": 1562696018343,
    "end": 1562696018343,
    "duration": 0,
    "pid": 29334,
    "index": 26
  },
  {
    "name": "Require(23) node_modules/egg-jsonp/app/extend/application.js",
    "start": 1562696018343,
    "end": 1562696018344,
    "duration": 1,
    "pid": 29334,
    "index": 27
  },
  {
    "name": "Require(24) node_modules/egg-logrotator/app/extend/application.js",
    "start": 1562696018345,
    "end": 1562696018345,
    "duration": 0,
    "pid": 29334,
    "index": 28
  },
  {
    "name": "Require(25) node_modules/egg-view/app/extend/application.js",
    "start": 1562696018346,
    "end": 1562696018346,
    "duration": 0,
    "pid": 29334,
    "index": 29
  },
  {
    "name": "Load extend/request.js",
    "start": 1562696018347,
    "end": 1562696018354,
    "duration": 7,
    "pid": 29334,
    "index": 30
  },
  {
    "name": "Require(26) node_modules/egg/app/extend/request.js",
    "start": 1562696018348,
    "end": 1562696018348,
    "duration": 0,
    "pid": 29334,
    "index": 31
  },
  {
    "name": "Load extend/response.js",
    "start": 1562696018354,
    "end": 1562696018356,
    "duration": 2,
    "pid": 29334,
    "index": 32
  },
  {
    "name": "Require(27) node_modules/egg/app/extend/response.js",
    "start": 1562696018355,
    "end": 1562696018355,
    "duration": 0,
    "pid": 29334,
    "index": 33
  },
  {
    "name": "Load extend/context.js",
    "start": 1562696018356,
    "end": 1562696018382,
    "duration": 26,
    "pid": 29334,
    "index": 34
  },
  {
    "name": "Require(28) node_modules/egg-security/app/extend/context.js",
    "start": 1562696018356,
    "end": 1562696018359,
    "duration": 3,
    "pid": 29334,
    "index": 35
  },
  {
    "name": "Require(29) node_modules/egg-jsonp/app/extend/context.js",
    "start": 1562696018359,
    "end": 1562696018360,
    "duration": 1,
    "pid": 29334,
    "index": 36
  },
  {
    "name": "Require(30) node_modules/egg-i18n/app/extend/context.js",
    "start": 1562696018360,
    "end": 1562696018360,
    "duration": 0,
    "pid": 29334,
    "index": 37
  },
  {
    "name": "Require(31) node_modules/egg-multipart/app/extend/context.js",
    "start": 1562696018360,
    "end": 1562696018380,
    "duration": 20,
    "pid": 29334,
    "index": 38
  },
  {
    "name": "Require(32) node_modules/egg-view/app/extend/context.js",
    "start": 1562696018380,
    "end": 1562696018381,
    "duration": 1,
    "pid": 29334,
    "index": 39
  },
  {
    "name": "Require(33) node_modules/egg-mongoose/app/extend/context.js",
    "start": 1562696018381,
    "end": 1562696018381,
    "duration": 0,
    "pid": 29334,
    "index": 40
  },
  {
    "name": "Require(34) node_modules/egg-validate/app/extend/context.js",
    "start": 1562696018381,
    "end": 1562696018381,
    "duration": 0,
    "pid": 29334,
    "index": 41
  },
  {
    "name": "Require(35) node_modules/egg/app/extend/context.js",
    "start": 1562696018381,
    "end": 1562696018382,
    "duration": 1,
    "pid": 29334,
    "index": 42
  },
  {
    "name": "Load extend/helper.js",
    "start": 1562696018382,
    "end": 1562696018390,
    "duration": 8,
    "pid": 29334,
    "index": 43
  },
  {
    "name": "Require(36) node_modules/egg-security/app/extend/helper.js",
    "start": 1562696018382,
    "end": 1562696018389,
    "duration": 7,
    "pid": 29334,
    "index": 44
  },
  {
    "name": "Require(37) node_modules/egg/app/extend/helper.js",
    "start": 1562696018389,
    "end": 1562696018390,
    "duration": 1,
    "pid": 29334,
    "index": 45
  },
  {
    "name": "Load app.js",
    "start": 1562696018390,
    "end": 1562696018405,
    "duration": 15,
    "pid": 29334,
    "index": 46
  },
  {
    "name": "Require(38) node_modules/egg-session/app.js",
    "start": 1562696018391,
    "end": 1562696018391,
    "duration": 0,
    "pid": 29334,
    "index": 47
  },
  {
    "name": "Require(39) node_modules/egg-security/app.js",
    "start": 1562696018391,
    "end": 1562696018391,
    "duration": 0,
    "pid": 29334,
    "index": 48
  },
  {
    "name": "Require(40) node_modules/egg-onerror/app.js",
    "start": 1562696018391,
    "end": 1562696018394,
    "duration": 3,
    "pid": 29334,
    "index": 49
  },
  {
    "name": "Require(41) node_modules/egg-i18n/app.js",
    "start": 1562696018395,
    "end": 1562696018400,
    "duration": 5,
    "pid": 29334,
    "index": 50
  },
  {
    "name": "Require(42) node_modules/egg-watcher/app.js",
    "start": 1562696018400,
    "end": 1562696018401,
    "duration": 1,
    "pid": 29334,
    "index": 51
  },
  {
    "name": "Require(43) node_modules/egg-schedule/app.js",
    "start": 1562696018402,
    "end": 1562696018402,
    "duration": 0,
    "pid": 29334,
    "index": 52
  },
  {
    "name": "Require(44) node_modules/egg-multipart/app.js",
    "start": 1562696018402,
    "end": 1562696018403,
    "duration": 1,
    "pid": 29334,
    "index": 53
  },
  {
    "name": "Require(45) node_modules/egg-development/app.js",
    "start": 1562696018403,
    "end": 1562696018403,
    "duration": 0,
    "pid": 29334,
    "index": 54
  },
  {
    "name": "Require(46) node_modules/egg-logrotator/app.js",
    "start": 1562696018403,
    "end": 1562696018403,
    "duration": 0,
    "pid": 29334,
    "index": 55
  },
  {
    "name": "Require(47) node_modules/egg-static/app.js",
    "start": 1562696018404,
    "end": 1562696018404,
    "duration": 0,
    "pid": 29334,
    "index": 56
  },
  {
    "name": "Require(48) node_modules/egg-mongoose/app.js",
    "start": 1562696018404,
    "end": 1562696018404,
    "duration": 0,
    "pid": 29334,
    "index": 57
  },
  {
    "name": "Require(49) node_modules/egg-validate/app.js",
    "start": 1562696018404,
    "end": 1562696018405,
    "duration": 1,
    "pid": 29334,
    "index": 58
  },
  {
    "name": "Before Start in node_modules/egg-watcher/lib/init.js:15:14",
    "start": 1562696018412,
    "end": 1562696018661,
    "duration": 249,
    "pid": 29334,
    "index": 59
  },
  {
    "name": "Before Start in node_modules/egg-mongoose/lib/mongoose.js:91:7",
    "start": 1562696018581,
    "end": 1562696018657,
    "duration": 76,
    "pid": 29334,
    "index": 60
  },
  {
    "name": "Before Start in node_modules/egg-mongoose/lib/mongoose.js:49:9",
    "start": 1562696018581,
    "end": 1562696018640,
    "duration": 59,
    "pid": 29334,
    "index": 61
  },
  {
    "name": "Load Service",
    "start": 1562696018581,
    "end": 1562696018584,
    "duration": 3,
    "pid": 29334,
    "index": 62
  },
  {
    "name": "Load \"service\" to Context",
    "start": 1562696018581,
    "end": 1562696018584,
    "duration": 3,
    "pid": 29334,
    "index": 63
  },
  {
    "name": "Load Middleware",
    "start": 1562696018584,
    "end": 1562696018619,
    "duration": 35,
    "pid": 29334,
    "index": 64
  },
  {
    "name": "Load \"middlewares\" to Application",
    "start": 1562696018584,
    "end": 1562696018613,
    "duration": 29,
    "pid": 29334,
    "index": 65
  },
  {
    "name": "Load Controller",
    "start": 1562696018619,
    "end": 1562696018623,
    "duration": 4,
    "pid": 29334,
    "index": 66
  },
  {
    "name": "Load \"controller\" to Application",
    "start": 1562696018619,
    "end": 1562696018623,
    "duration": 4,
    "pid": 29334,
    "index": 67
  },
  {
    "name": "Load Router",
    "start": 1562696018623,
    "end": 1562696018627,
    "duration": 4,
    "pid": 29334,
    "index": 68
  },
  {
    "name": "Require(50) app/router.js",
    "start": 1562696018624,
    "end": 1562696018624,
    "duration": 0,
    "pid": 29334,
    "index": 69
  },
  {
    "name": "Before Start in node_modules/egg-core/lib/egg.js:303:10",
    "start": 1562696018624,
    "end": 1562696018640,
    "duration": 16,
    "pid": 29334,
    "index": 70
  },
  {
    "name": "Load \"model\" to Application",
    "start": 1562696018633,
    "end": 1562696018640,
    "duration": 7,
    "pid": 29334,
    "index": 71
  }
]