[
  {
    "name": "Application Start",
    "start": 1562696026902,
    "end": 1562696027241,
    "duration": 339,
    "pid": 29350,
    "index": 0
  },
  {
    "name": "Load Plugin",
    "start": 1562696026905,
    "end": 1562696026911,
    "duration": 6,
    "pid": 29350,
    "index": 1
  },
  {
    "name": "Load Config",
    "start": 1562696026911,
    "end": 1562696026923,
    "duration": 12,
    "pid": 29350,
    "index": 2
  },
  {
    "name": "Require(0) config/config.default.js",
    "start": 1562696026912,
    "end": 1562696026912,
    "duration": 0,
    "pid": 29350,
    "index": 3
  },
  {
    "name": "Require(1) node_modules/egg-session/config/config.default.js",
    "start": 1562696026913,
    "end": 1562696026913,
    "duration": 0,
    "pid": 29350,
    "index": 4
  },
  {
    "name": "Require(2) node_modules/egg-security/config/config.default.js",
    "start": 1562696026913,
    "end": 1562696026913,
    "duration": 0,
    "pid": 29350,
    "index": 5
  },
  {
    "name": "Require(3) node_modules/egg-jsonp/config/config.default.js",
    "start": 1562696026914,
    "end": 1562696026914,
    "duration": 0,
    "pid": 29350,
    "index": 6
  },
  {
    "name": "Require(4) node_modules/egg-onerror/config/config.default.js",
    "start": 1562696026914,
    "end": 1562696026914,
    "duration": 0,
    "pid": 29350,
    "index": 7
  },
  {
    "name": "Require(5) node_modules/egg-i18n/config/config.default.js",
    "start": 1562696026914,
    "end": 1562696026915,
    "duration": 1,
    "pid": 29350,
    "index": 8
  },
  {
    "name": "Require(6) node_modules/egg-watcher/config/config.default.js",
    "start": 1562696026915,
    "end": 1562696026915,
    "duration": 0,
    "pid": 29350,
    "index": 9
  },
  {
    "name": "Require(7) node_modules/egg-schedule/config/config.default.js",
    "start": 1562696026915,
    "end": 1562696026915,
    "duration": 0,
    "pid": 29350,
    "index": 10
  },
  {
    "name": "Require(8) node_modules/egg-multipart/config/config.default.js",
    "start": 1562696026916,
    "end": 1562696026916,
    "duration": 0,
    "pid": 29350,
    "index": 11
  },
  {
    "name": "Require(9) node_modules/egg-development/config/config.default.js",
    "start": 1562696026916,
    "end": 1562696026916,
    "duration": 0,
    "pid": 29350,
    "index": 12
  },
  {
    "name": "Require(10) node_modules/egg-logrotator/config/config.default.js",
    "start": 1562696026916,
    "end": 1562696026916,
    "duration": 0,
    "pid": 29350,
    "index": 13
  },
  {
    "name": "Require(11) node_modules/egg-static/config/config.default.js",
    "start": 1562696026917,
    "end": 1562696026917,
    "duration": 0,
    "pid": 29350,
    "index": 14
  },
  {
    "name": "Require(12) node_modules/egg-view/config/config.default.js",
    "start": 1562696026917,
    "end": 1562696026917,
    "duration": 0,
    "pid": 29350,
    "index": 15
  },
  {
    "name": "Require(13) node_modules/egg-mongoose/config/config.default.js",
    "start": 1562696026917,
    "end": 1562696026918,
    "duration": 1,
    "pid": 29350,
    "index": 16
  },
  {
    "name": "Require(14) node_modules/egg-validate/config/config.default.js",
    "start": 1562696026918,
    "end": 1562696026918,
    "duration": 0,
    "pid": 29350,
    "index": 17
  },
  {
    "name": "Require(15) node_modules/egg/config/config.default.js",
    "start": 1562696026918,
    "end": 1562696026918,
    "duration": 0,
    "pid": 29350,
    "index": 18
  },
  {
    "name": "Require(16) config/config.default.js",
    "start": 1562696026921,
    "end": 1562696026921,
    "duration": 0,
    "pid": 29350,
    "index": 19
  },
  {
    "name": "Require(17) node_modules/egg-security/config/config.local.js",
    "start": 1562696026921,
    "end": 1562696026921,
    "duration": 0,
    "pid": 29350,
    "index": 20
  },
  {
    "name": "Require(18) node_modules/egg-watcher/config/config.local.js",
    "start": 1562696026922,
    "end": 1562696026922,
    "duration": 0,
    "pid": 29350,
    "index": 21
  },
  {
    "name": "Require(19) node_modules/egg-view/config/config.local.js",
    "start": 1562696026922,
    "end": 1562696026923,
    "duration": 1,
    "pid": 29350,
    "index": 22
  },
  {
    "name": "Require(20) node_modules/egg/config/config.local.js",
    "start": 1562696026923,
    "end": 1562696026923,
    "duration": 0,
    "pid": 29350,
    "index": 23
  },
  {
    "name": "Load extend/application.js",
    "start": 1562696026924,
    "end": 1562696026929,
    "duration": 5,
    "pid": 29350,
    "index": 24
  },
  {
    "name": "Require(21) node_modules/egg-session/app/extend/application.js",
    "start": 1562696026924,
    "end": 1562696026924,
    "duration": 0,
    "pid": 29350,
    "index": 25
  },
  {
    "name": "Require(22) node_modules/egg-security/app/extend/application.js",
    "start": 1562696026925,
    "end": 1562696026925,
    "duration": 0,
    "pid": 29350,
    "index": 26
  },
  {
    "name": "Require(23) node_modules/egg-jsonp/app/extend/application.js",
    "start": 1562696026925,
    "end": 1562696026926,
    "duration": 1,
    "pid": 29350,
    "index": 27
  },
  {
    "name": "Require(24) node_modules/egg-logrotator/app/extend/application.js",
    "start": 1562696026926,
    "end": 1562696026927,
    "duration": 1,
    "pid": 29350,
    "index": 28
  },
  {
    "name": "Require(25) node_modules/egg-view/app/extend/application.js",
    "start": 1562696026928,
    "end": 1562696026928,
    "duration": 0,
    "pid": 29350,
    "index": 29
  },
  {
    "name": "Load extend/request.js",
    "start": 1562696026929,
    "end": 1562696026937,
    "duration": 8,
    "pid": 29350,
    "index": 30
  },
  {
    "name": "Require(26) node_modules/egg/app/extend/request.js",
    "start": 1562696026930,
    "end": 1562696026931,
    "duration": 1,
    "pid": 29350,
    "index": 31
  },
  {
    "name": "Load extend/response.js",
    "start": 1562696026937,
    "end": 1562696026938,
    "duration": 1,
    "pid": 29350,
    "index": 32
  },
  {
    "name": "Require(27) node_modules/egg/app/extend/response.js",
    "start": 1562696026937,
    "end": 1562696026938,
    "duration": 1,
    "pid": 29350,
    "index": 33
  },
  {
    "name": "Load extend/context.js",
    "start": 1562696026938,
    "end": 1562696026964,
    "duration": 26,
    "pid": 29350,
    "index": 34
  },
  {
    "name": "Require(28) node_modules/egg-security/app/extend/context.js",
    "start": 1562696026938,
    "end": 1562696026942,
    "duration": 4,
    "pid": 29350,
    "index": 35
  },
  {
    "name": "Require(29) node_modules/egg-jsonp/app/extend/context.js",
    "start": 1562696026942,
    "end": 1562696026942,
    "duration": 0,
    "pid": 29350,
    "index": 36
  },
  {
    "name": "Require(30) node_modules/egg-i18n/app/extend/context.js",
    "start": 1562696026942,
    "end": 1562696026943,
    "duration": 1,
    "pid": 29350,
    "index": 37
  },
  {
    "name": "Require(31) node_modules/egg-multipart/app/extend/context.js",
    "start": 1562696026943,
    "end": 1562696026962,
    "duration": 19,
    "pid": 29350,
    "index": 38
  },
  {
    "name": "Require(32) node_modules/egg-view/app/extend/context.js",
    "start": 1562696026962,
    "end": 1562696026963,
    "duration": 1,
    "pid": 29350,
    "index": 39
  },
  {
    "name": "Require(33) node_modules/egg-mongoose/app/extend/context.js",
    "start": 1562696026963,
    "end": 1562696026963,
    "duration": 0,
    "pid": 29350,
    "index": 40
  },
  {
    "name": "Require(34) node_modules/egg-validate/app/extend/context.js",
    "start": 1562696026963,
    "end": 1562696026963,
    "duration": 0,
    "pid": 29350,
    "index": 41
  },
  {
    "name": "Require(35) node_modules/egg/app/extend/context.js",
    "start": 1562696026963,
    "end": 1562696026964,
    "duration": 1,
    "pid": 29350,
    "index": 42
  },
  {
    "name": "Load extend/helper.js",
    "start": 1562696026964,
    "end": 1562696026972,
    "duration": 8,
    "pid": 29350,
    "index": 43
  },
  {
    "name": "Require(36) node_modules/egg-security/app/extend/helper.js",
    "start": 1562696026964,
    "end": 1562696026971,
    "duration": 7,
    "pid": 29350,
    "index": 44
  },
  {
    "name": "Require(37) node_modules/egg/app/extend/helper.js",
    "start": 1562696026971,
    "end": 1562696026971,
    "duration": 0,
    "pid": 29350,
    "index": 45
  },
  {
    "name": "Load app.js",
    "start": 1562696026972,
    "end": 1562696026988,
    "duration": 16,
    "pid": 29350,
    "index": 46
  },
  {
    "name": "Require(38) node_modules/egg-session/app.js",
    "start": 1562696026972,
    "end": 1562696026972,
    "duration": 0,
    "pid": 29350,
    "index": 47
  },
  {
    "name": "Require(39) node_modules/egg-security/app.js",
    "start": 1562696026973,
    "end": 1562696026973,
    "duration": 0,
    "pid": 29350,
    "index": 48
  },
  {
    "name": "Require(40) node_modules/egg-onerror/app.js",
    "start": 1562696026973,
    "end": 1562696026976,
    "duration": 3,
    "pid": 29350,
    "index": 49
  },
  {
    "name": "Require(41) node_modules/egg-i18n/app.js",
    "start": 1562696026976,
    "end": 1562696026982,
    "duration": 6,
    "pid": 29350,
    "index": 50
  },
  {
    "name": "Require(42) node_modules/egg-watcher/app.js",
    "start": 1562696026982,
    "end": 1562696026984,
    "duration": 2,
    "pid": 29350,
    "index": 51
  },
  {
    "name": "Require(43) node_modules/egg-schedule/app.js",
    "start": 1562696026984,
    "end": 1562696026985,
    "duration": 1,
    "pid": 29350,
    "index": 52
  },
  {
    "name": "Require(44) node_modules/egg-multipart/app.js",
    "start": 1562696026985,
    "end": 1562696026986,
    "duration": 1,
    "pid": 29350,
    "index": 53
  },
  {
    "name": "Require(45) node_modules/egg-development/app.js",
    "start": 1562696026986,
    "end": 1562696026986,
    "duration": 0,
    "pid": 29350,
    "index": 54
  },
  {
    "name": "Require(46) node_modules/egg-logrotator/app.js",
    "start": 1562696026986,
    "end": 1562696026986,
    "duration": 0,
    "pid": 29350,
    "index": 55
  },
  {
    "name": "Require(47) node_modules/egg-static/app.js",
    "start": 1562696026986,
    "end": 1562696026986,
    "duration": 0,
    "pid": 29350,
    "index": 56
  },
  {
    "name": "Require(48) node_modules/egg-mongoose/app.js",
    "start": 1562696026986,
    "end": 1562696026986,
    "duration": 0,
    "pid": 29350,
    "index": 57
  },
  {
    "name": "Require(49) node_modules/egg-validate/app.js",
    "start": 1562696026987,
    "end": 1562696026987,
    "duration": 0,
    "pid": 29350,
    "index": 58
  },
  {
    "name": "Before Start in node_modules/egg-watcher/lib/init.js:15:14",
    "start": 1562696026994,
    "end": 1562696027240,
    "duration": 246,
    "pid": 29350,
    "index": 59
  },
  {
    "name": "Before Start in node_modules/egg-mongoose/lib/mongoose.js:91:7",
    "start": 1562696027162,
    "end": 1562696027237,
    "duration": 75,
    "pid": 29350,
    "index": 60
  },
  {
    "name": "Before Start in node_modules/egg-mongoose/lib/mongoose.js:49:9",
    "start": 1562696027162,
    "end": 1562696027220,
    "duration": 58,
    "pid": 29350,
    "index": 61
  },
  {
    "name": "Load Service",
    "start": 1562696027162,
    "end": 1562696027165,
    "duration": 3,
    "pid": 29350,
    "index": 62
  },
  {
    "name": "Load \"service\" to Context",
    "start": 1562696027162,
    "end": 1562696027165,
    "duration": 3,
    "pid": 29350,
    "index": 63
  },
  {
    "name": "Load Middleware",
    "start": 1562696027165,
    "end": 1562696027199,
    "duration": 34,
    "pid": 29350,
    "index": 64
  },
  {
    "name": "Load \"middlewares\" to Application",
    "start": 1562696027165,
    "end": 1562696027194,
    "duration": 29,
    "pid": 29350,
    "index": 65
  },
  {
    "name": "Load Controller",
    "start": 1562696027199,
    "end": 1562696027203,
    "duration": 4,
    "pid": 29350,
    "index": 66
  },
  {
    "name": "Load \"controller\" to Application",
    "start": 1562696027199,
    "end": 1562696027203,
    "duration": 4,
    "pid": 29350,
    "index": 67
  },
  {
    "name": "Load Router",
    "start": 1562696027203,
    "end": 1562696027207,
    "duration": 4,
    "pid": 29350,
    "index": 68
  },
  {
    "name": "Require(50) app/router.js",
    "start": 1562696027204,
    "end": 1562696027204,
    "duration": 0,
    "pid": 29350,
    "index": 69
  },
  {
    "name": "Before Start in node_modules/egg-core/lib/egg.js:303:10",
    "start": 1562696027204,
    "end": 1562696027221,
    "duration": 17,
    "pid": 29350,
    "index": 70
  },
  {
    "name": "Load \"model\" to Application",
    "start": 1562696027213,
    "end": 1562696027220,
    "duration": 7,
    "pid": 29350,
    "index": 71
  }
]