[
  {
    "name": "Application Start",
    "start": 1562697247850,
    "end": 1562697248190,
    "duration": 340,
    "pid": 29802,
    "index": 0
  },
  {
    "name": "Load Plugin",
    "start": 1562697247853,
    "end": 1562697247859,
    "duration": 6,
    "pid": 29802,
    "index": 1
  },
  {
    "name": "Load Config",
    "start": 1562697247859,
    "end": 1562697247871,
    "duration": 12,
    "pid": 29802,
    "index": 2
  },
  {
    "name": "Require(0) config/config.default.js",
    "start": 1562697247859,
    "end": 1562697247859,
    "duration": 0,
    "pid": 29802,
    "index": 3
  },
  {
    "name": "Require(1) node_modules/egg-session/config/config.default.js",
    "start": 1562697247860,
    "end": 1562697247860,
    "duration": 0,
    "pid": 29802,
    "index": 4
  },
  {
    "name": "Require(2) node_modules/egg-security/config/config.default.js",
    "start": 1562697247861,
    "end": 1562697247861,
    "duration": 0,
    "pid": 29802,
    "index": 5
  },
  {
    "name": "Require(3) node_modules/egg-jsonp/config/config.default.js",
    "start": 1562697247861,
    "end": 1562697247861,
    "duration": 0,
    "pid": 29802,
    "index": 6
  },
  {
    "name": "Require(4) node_modules/egg-onerror/config/config.default.js",
    "start": 1562697247862,
    "end": 1562697247862,
    "duration": 0,
    "pid": 29802,
    "index": 7
  },
  {
    "name": "Require(5) node_modules/egg-i18n/config/config.default.js",
    "start": 1562697247862,
    "end": 1562697247862,
    "duration": 0,
    "pid": 29802,
    "index": 8
  },
  {
    "name": "Require(6) node_modules/egg-watcher/config/config.default.js",
    "start": 1562697247862,
    "end": 1562697247862,
    "duration": 0,
    "pid": 29802,
    "index": 9
  },
  {
    "name": "Require(7) node_modules/egg-schedule/config/config.default.js",
    "start": 1562697247862,
    "end": 1562697247863,
    "duration": 1,
    "pid": 29802,
    "index": 10
  },
  {
    "name": "Require(8) node_modules/egg-multipart/config/config.default.js",
    "start": 1562697247863,
    "end": 1562697247863,
    "duration": 0,
    "pid": 29802,
    "index": 11
  },
  {
    "name": "Require(9) node_modules/egg-development/config/config.default.js",
    "start": 1562697247863,
    "end": 1562697247864,
    "duration": 1,
    "pid": 29802,
    "index": 12
  },
  {
    "name": "Require(10) node_modules/egg-logrotator/config/config.default.js",
    "start": 1562697247864,
    "end": 1562697247864,
    "duration": 0,
    "pid": 29802,
    "index": 13
  },
  {
    "name": "Require(11) node_modules/egg-static/config/config.default.js",
    "start": 1562697247864,
    "end": 1562697247864,
    "duration": 0,
    "pid": 29802,
    "index": 14
  },
  {
    "name": "Require(12) node_modules/egg-view/config/config.default.js",
    "start": 1562697247864,
    "end": 1562697247865,
    "duration": 1,
    "pid": 29802,
    "index": 15
  },
  {
    "name": "Require(13) node_modules/egg-mongoose/config/config.default.js",
    "start": 1562697247865,
    "end": 1562697247865,
    "duration": 0,
    "pid": 29802,
    "index": 16
  },
  {
    "name": "Require(14) node_modules/egg-validate/config/config.default.js",
    "start": 1562697247865,
    "end": 1562697247865,
    "duration": 0,
    "pid": 29802,
    "index": 17
  },
  {
    "name": "Require(15) node_modules/egg/config/config.default.js",
    "start": 1562697247868,
    "end": 1562697247868,
    "duration": 0,
    "pid": 29802,
    "index": 18
  },
  {
    "name": "Require(16) config/config.default.js",
    "start": 1562697247869,
    "end": 1562697247869,
    "duration": 0,
    "pid": 29802,
    "index": 19
  },
  {
    "name": "Require(17) node_modules/egg-security/config/config.local.js",
    "start": 1562697247869,
    "end": 1562697247870,
    "duration": 1,
    "pid": 29802,
    "index": 20
  },
  {
    "name": "Require(18) node_modules/egg-watcher/config/config.local.js",
    "start": 1562697247870,
    "end": 1562697247870,
    "duration": 0,
    "pid": 29802,
    "index": 21
  },
  {
    "name": "Require(19) node_modules/egg-view/config/config.local.js",
    "start": 1562697247871,
    "end": 1562697247871,
    "duration": 0,
    "pid": 29802,
    "index": 22
  },
  {
    "name": "Require(20) node_modules/egg/config/config.local.js",
    "start": 1562697247871,
    "end": 1562697247871,
    "duration": 0,
    "pid": 29802,
    "index": 23
  },
  {
    "name": "Load extend/application.js",
    "start": 1562697247872,
    "end": 1562697247877,
    "duration": 5,
    "pid": 29802,
    "index": 24
  },
  {
    "name": "Require(21) node_modules/egg-session/app/extend/application.js",
    "start": 1562697247872,
    "end": 1562697247873,
    "duration": 1,
    "pid": 29802,
    "index": 25
  },
  {
    "name": "Require(22) node_modules/egg-security/app/extend/application.js",
    "start": 1562697247873,
    "end": 1562697247873,
    "duration": 0,
    "pid": 29802,
    "index": 26
  },
  {
    "name": "Require(23) node_modules/egg-jsonp/app/extend/application.js",
    "start": 1562697247873,
    "end": 1562697247874,
    "duration": 1,
    "pid": 29802,
    "index": 27
  },
  {
    "name": "Require(24) node_modules/egg-logrotator/app/extend/application.js",
    "start": 1562697247875,
    "end": 1562697247876,
    "duration": 1,
    "pid": 29802,
    "index": 28
  },
  {
    "name": "Require(25) node_modules/egg-view/app/extend/application.js",
    "start": 1562697247876,
    "end": 1562697247876,
    "duration": 0,
    "pid": 29802,
    "index": 29
  },
  {
    "name": "Load extend/request.js",
    "start": 1562697247877,
    "end": 1562697247885,
    "duration": 8,
    "pid": 29802,
    "index": 30
  },
  {
    "name": "Require(26) node_modules/egg/app/extend/request.js",
    "start": 1562697247884,
    "end": 1562697247884,
    "duration": 0,
    "pid": 29802,
    "index": 31
  },
  {
    "name": "Load extend/response.js",
    "start": 1562697247885,
    "end": 1562697247887,
    "duration": 2,
    "pid": 29802,
    "index": 32
  },
  {
    "name": "Require(27) node_modules/egg/app/extend/response.js",
    "start": 1562697247886,
    "end": 1562697247886,
    "duration": 0,
    "pid": 29802,
    "index": 33
  },
  {
    "name": "Load extend/context.js",
    "start": 1562697247887,
    "end": 1562697247913,
    "duration": 26,
    "pid": 29802,
    "index": 34
  },
  {
    "name": "Require(28) node_modules/egg-security/app/extend/context.js",
    "start": 1562697247887,
    "end": 1562697247890,
    "duration": 3,
    "pid": 29802,
    "index": 35
  },
  {
    "name": "Require(29) node_modules/egg-jsonp/app/extend/context.js",
    "start": 1562697247890,
    "end": 1562697247891,
    "duration": 1,
    "pid": 29802,
    "index": 36
  },
  {
    "name": "Require(30) node_modules/egg-i18n/app/extend/context.js",
    "start": 1562697247891,
    "end": 1562697247891,
    "duration": 0,
    "pid": 29802,
    "index": 37
  },
  {
    "name": "Require(31) node_modules/egg-multipart/app/extend/context.js",
    "start": 1562697247891,
    "end": 1562697247910,
    "duration": 19,
    "pid": 29802,
    "index": 38
  },
  {
    "name": "Require(32) node_modules/egg-view/app/extend/context.js",
    "start": 1562697247911,
    "end": 1562697247911,
    "duration": 0,
    "pid": 29802,
    "index": 39
  },
  {
    "name": "Require(33) node_modules/egg-mongoose/app/extend/context.js",
    "start": 1562697247911,
    "end": 1562697247911,
    "duration": 0,
    "pid": 29802,
    "index": 40
  },
  {
    "name": "Require(34) node_modules/egg-validate/app/extend/context.js",
    "start": 1562697247911,
    "end": 1562697247911,
    "duration": 0,
    "pid": 29802,
    "index": 41
  },
  {
    "name": "Require(35) node_modules/egg/app/extend/context.js",
    "start": 1562697247912,
    "end": 1562697247912,
    "duration": 0,
    "pid": 29802,
    "index": 42
  },
  {
    "name": "Load extend/helper.js",
    "start": 1562697247913,
    "end": 1562697247921,
    "duration": 8,
    "pid": 29802,
    "index": 43
  },
  {
    "name": "Require(36) node_modules/egg-security/app/extend/helper.js",
    "start": 1562697247913,
    "end": 1562697247920,
    "duration": 7,
    "pid": 29802,
    "index": 44
  },
  {
    "name": "Require(37) node_modules/egg/app/extend/helper.js",
    "start": 1562697247920,
    "end": 1562697247920,
    "duration": 0,
    "pid": 29802,
    "index": 45
  },
  {
    "name": "Load app.js",
    "start": 1562697247921,
    "end": 1562697247937,
    "duration": 16,
    "pid": 29802,
    "index": 46
  },
  {
    "name": "Require(38) node_modules/egg-session/app.js",
    "start": 1562697247921,
    "end": 1562697247921,
    "duration": 0,
    "pid": 29802,
    "index": 47
  },
  {
    "name": "Require(39) node_modules/egg-security/app.js",
    "start": 1562697247921,
    "end": 1562697247922,
    "duration": 1,
    "pid": 29802,
    "index": 48
  },
  {
    "name": "Require(40) node_modules/egg-onerror/app.js",
    "start": 1562697247922,
    "end": 1562697247925,
    "duration": 3,
    "pid": 29802,
    "index": 49
  },
  {
    "name": "Require(41) node_modules/egg-i18n/app.js",
    "start": 1562697247926,
    "end": 1562697247931,
    "duration": 5,
    "pid": 29802,
    "index": 50
  },
  {
    "name": "Require(42) node_modules/egg-watcher/app.js",
    "start": 1562697247931,
    "end": 1562697247932,
    "duration": 1,
    "pid": 29802,
    "index": 51
  },
  {
    "name": "Require(43) node_modules/egg-schedule/app.js",
    "start": 1562697247932,
    "end": 1562697247933,
    "duration": 1,
    "pid": 29802,
    "index": 52
  },
  {
    "name": "Require(44) node_modules/egg-multipart/app.js",
    "start": 1562697247933,
    "end": 1562697247934,
    "duration": 1,
    "pid": 29802,
    "index": 53
  },
  {
    "name": "Require(45) node_modules/egg-development/app.js",
    "start": 1562697247934,
    "end": 1562697247934,
    "duration": 0,
    "pid": 29802,
    "index": 54
  },
  {
    "name": "Require(46) node_modules/egg-logrotator/app.js",
    "start": 1562697247935,
    "end": 1562697247935,
    "duration": 0,
    "pid": 29802,
    "index": 55
  },
  {
    "name": "Require(47) node_modules/egg-static/app.js",
    "start": 1562697247935,
    "end": 1562697247935,
    "duration": 0,
    "pid": 29802,
    "index": 56
  },
  {
    "name": "Require(48) node_modules/egg-mongoose/app.js",
    "start": 1562697247935,
    "end": 1562697247935,
    "duration": 0,
    "pid": 29802,
    "index": 57
  },
  {
    "name": "Require(49) node_modules/egg-validate/app.js",
    "start": 1562697247935,
    "end": 1562697247936,
    "duration": 1,
    "pid": 29802,
    "index": 58
  },
  {
    "name": "Before Start in node_modules/egg-watcher/lib/init.js:15:14",
    "start": 1562697247944,
    "end": 1562697248190,
    "duration": 246,
    "pid": 29802,
    "index": 59
  },
  {
    "name": "Before Start in node_modules/egg-mongoose/lib/mongoose.js:91:7",
    "start": 1562697248111,
    "end": 1562697248186,
    "duration": 75,
    "pid": 29802,
    "index": 60
  },
  {
    "name": "Before Start in node_modules/egg-mongoose/lib/mongoose.js:49:9",
    "start": 1562697248112,
    "end": 1562697248170,
    "duration": 58,
    "pid": 29802,
    "index": 61
  },
  {
    "name": "Load Service",
    "start": 1562697248112,
    "end": 1562697248114,
    "duration": 2,
    "pid": 29802,
    "index": 62
  },
  {
    "name": "Load \"service\" to Context",
    "start": 1562697248112,
    "end": 1562697248114,
    "duration": 2,
    "pid": 29802,
    "index": 63
  },
  {
    "name": "Load Middleware",
    "start": 1562697248115,
    "end": 1562697248148,
    "duration": 33,
    "pid": 29802,
    "index": 64
  },
  {
    "name": "Load \"middlewares\" to Application",
    "start": 1562697248115,
    "end": 1562697248143,
    "duration": 28,
    "pid": 29802,
    "index": 65
  },
  {
    "name": "Load Controller",
    "start": 1562697248148,
    "end": 1562697248152,
    "duration": 4,
    "pid": 29802,
    "index": 66
  },
  {
    "name": "Load \"controller\" to Application",
    "start": 1562697248148,
    "end": 1562697248152,
    "duration": 4,
    "pid": 29802,
    "index": 67
  },
  {
    "name": "Load Router",
    "start": 1562697248152,
    "end": 1562697248156,
    "duration": 4,
    "pid": 29802,
    "index": 68
  },
  {
    "name": "Require(50) app/router.js",
    "start": 1562697248153,
    "end": 1562697248153,
    "duration": 0,
    "pid": 29802,
    "index": 69
  },
  {
    "name": "Before Start in node_modules/egg-core/lib/egg.js:303:10",
    "start": 1562697248153,
    "end": 1562697248170,
    "duration": 17,
    "pid": 29802,
    "index": 70
  },
  {
    "name": "Load \"model\" to Application",
    "start": 1562697248162,
    "end": 1562697248169,
    "duration": 7,
    "pid": 29802,
    "index": 71
  }
]