[
  {
    "name": "Application Start",
    "start": 1562695249205,
    "end": 1562695249546,
    "duration": 341,
    "pid": 29120,
    "index": 0
  },
  {
    "name": "Load Plugin",
    "start": 1562695249208,
    "end": 1562695249214,
    "duration": 6,
    "pid": 29120,
    "index": 1
  },
  {
    "name": "Load Config",
    "start": 1562695249214,
    "end": 1562695249226,
    "duration": 12,
    "pid": 29120,
    "index": 2
  },
  {
    "name": "Require(0) config/config.default.js",
    "start": 1562695249214,
    "end": 1562695249214,
    "duration": 0,
    "pid": 29120,
    "index": 3
  },
  {
    "name": "Require(1) node_modules/egg-session/config/config.default.js",
    "start": 1562695249215,
    "end": 1562695249215,
    "duration": 0,
    "pid": 29120,
    "index": 4
  },
  {
    "name": "Require(2) node_modules/egg-security/config/config.default.js",
    "start": 1562695249215,
    "end": 1562695249216,
    "duration": 1,
    "pid": 29120,
    "index": 5
  },
  {
    "name": "Require(3) node_modules/egg-jsonp/config/config.default.js",
    "start": 1562695249216,
    "end": 1562695249216,
    "duration": 0,
    "pid": 29120,
    "index": 6
  },
  {
    "name": "Require(4) node_modules/egg-onerror/config/config.default.js",
    "start": 1562695249217,
    "end": 1562695249217,
    "duration": 0,
    "pid": 29120,
    "index": 7
  },
  {
    "name": "Require(5) node_modules/egg-i18n/config/config.default.js",
    "start": 1562695249217,
    "end": 1562695249217,
    "duration": 0,
    "pid": 29120,
    "index": 8
  },
  {
    "name": "Require(6) node_modules/egg-watcher/config/config.default.js",
    "start": 1562695249217,
    "end": 1562695249217,
    "duration": 0,
    "pid": 29120,
    "index": 9
  },
  {
    "name": "Require(7) node_modules/egg-schedule/config/config.default.js",
    "start": 1562695249218,
    "end": 1562695249218,
    "duration": 0,
    "pid": 29120,
    "index": 10
  },
  {
    "name": "Require(8) node_modules/egg-multipart/config/config.default.js",
    "start": 1562695249218,
    "end": 1562695249218,
    "duration": 0,
    "pid": 29120,
    "index": 11
  },
  {
    "name": "Require(9) node_modules/egg-development/config/config.default.js",
    "start": 1562695249218,
    "end": 1562695249219,
    "duration": 1,
    "pid": 29120,
    "index": 12
  },
  {
    "name": "Require(10) node_modules/egg-logrotator/config/config.default.js",
    "start": 1562695249219,
    "end": 1562695249219,
    "duration": 0,
    "pid": 29120,
    "index": 13
  },
  {
    "name": "Require(11) node_modules/egg-static/config/config.default.js",
    "start": 1562695249219,
    "end": 1562695249219,
    "duration": 0,
    "pid": 29120,
    "index": 14
  },
  {
    "name": "Require(12) node_modules/egg-view/config/config.default.js",
    "start": 1562695249219,
    "end": 1562695249220,
    "duration": 1,
    "pid": 29120,
    "index": 15
  },
  {
    "name": "Require(13) node_modules/egg-mongoose/config/config.default.js",
    "start": 1562695249220,
    "end": 1562695249220,
    "duration": 0,
    "pid": 29120,
    "index": 16
  },
  {
    "name": "Require(14) node_modules/egg-validate/config/config.default.js",
    "start": 1562695249220,
    "end": 1562695249220,
    "duration": 0,
    "pid": 29120,
    "index": 17
  },
  {
    "name": "Require(15) node_modules/egg/config/config.default.js",
    "start": 1562695249220,
    "end": 1562695249220,
    "duration": 0,
    "pid": 29120,
    "index": 18
  },
  {
    "name": "Require(16) config/config.default.js",
    "start": 1562695249224,
    "end": 1562695249224,
    "duration": 0,
    "pid": 29120,
    "index": 19
  },
  {
    "name": "Require(17) node_modules/egg-security/config/config.local.js",
    "start": 1562695249224,
    "end": 1562695249224,
    "duration": 0,
    "pid": 29120,
    "index": 20
  },
  {
    "name": "Require(18) node_modules/egg-watcher/config/config.local.js",
    "start": 1562695249224,
    "end": 1562695249225,
    "duration": 1,
    "pid": 29120,
    "index": 21
  },
  {
    "name": "Require(19) node_modules/egg-view/config/config.local.js",
    "start": 1562695249225,
    "end": 1562695249225,
    "duration": 0,
    "pid": 29120,
    "index": 22
  },
  {
    "name": "Require(20) node_modules/egg/config/config.local.js",
    "start": 1562695249225,
    "end": 1562695249226,
    "duration": 1,
    "pid": 29120,
    "index": 23
  },
  {
    "name": "Load extend/application.js",
    "start": 1562695249227,
    "end": 1562695249231,
    "duration": 4,
    "pid": 29120,
    "index": 24
  },
  {
    "name": "Require(21) node_modules/egg-session/app/extend/application.js",
    "start": 1562695249227,
    "end": 1562695249227,
    "duration": 0,
    "pid": 29120,
    "index": 25
  },
  {
    "name": "Require(22) node_modules/egg-security/app/extend/application.js",
    "start": 1562695249227,
    "end": 1562695249228,
    "duration": 1,
    "pid": 29120,
    "index": 26
  },
  {
    "name": "Require(23) node_modules/egg-jsonp/app/extend/application.js",
    "start": 1562695249228,
    "end": 1562695249228,
    "duration": 0,
    "pid": 29120,
    "index": 27
  },
  {
    "name": "Require(24) node_modules/egg-logrotator/app/extend/application.js",
    "start": 1562695249229,
    "end": 1562695249229,
    "duration": 0,
    "pid": 29120,
    "index": 28
  },
  {
    "name": "Require(25) node_modules/egg-view/app/extend/application.js",
    "start": 1562695249230,
    "end": 1562695249230,
    "duration": 0,
    "pid": 29120,
    "index": 29
  },
  {
    "name": "Load extend/request.js",
    "start": 1562695249231,
    "end": 1562695249238,
    "duration": 7,
    "pid": 29120,
    "index": 30
  },
  {
    "name": "Require(26) node_modules/egg/app/extend/request.js",
    "start": 1562695249232,
    "end": 1562695249232,
    "duration": 0,
    "pid": 29120,
    "index": 31
  },
  {
    "name": "Load extend/response.js",
    "start": 1562695249238,
    "end": 1562695249239,
    "duration": 1,
    "pid": 29120,
    "index": 32
  },
  {
    "name": "Require(27) node_modules/egg/app/extend/response.js",
    "start": 1562695249238,
    "end": 1562695249239,
    "duration": 1,
    "pid": 29120,
    "index": 33
  },
  {
    "name": "Load extend/context.js",
    "start": 1562695249239,
    "end": 1562695249264,
    "duration": 25,
    "pid": 29120,
    "index": 34
  },
  {
    "name": "Require(28) node_modules/egg-security/app/extend/context.js",
    "start": 1562695249240,
    "end": 1562695249242,
    "duration": 2,
    "pid": 29120,
    "index": 35
  },
  {
    "name": "Require(29) node_modules/egg-jsonp/app/extend/context.js",
    "start": 1562695249243,
    "end": 1562695249243,
    "duration": 0,
    "pid": 29120,
    "index": 36
  },
  {
    "name": "Require(30) node_modules/egg-i18n/app/extend/context.js",
    "start": 1562695249243,
    "end": 1562695249243,
    "duration": 0,
    "pid": 29120,
    "index": 37
  },
  {
    "name": "Require(31) node_modules/egg-multipart/app/extend/context.js",
    "start": 1562695249243,
    "end": 1562695249262,
    "duration": 19,
    "pid": 29120,
    "index": 38
  },
  {
    "name": "Require(32) node_modules/egg-view/app/extend/context.js",
    "start": 1562695249262,
    "end": 1562695249262,
    "duration": 0,
    "pid": 29120,
    "index": 39
  },
  {
    "name": "Require(33) node_modules/egg-mongoose/app/extend/context.js",
    "start": 1562695249262,
    "end": 1562695249262,
    "duration": 0,
    "pid": 29120,
    "index": 40
  },
  {
    "name": "Require(34) node_modules/egg-validate/app/extend/context.js",
    "start": 1562695249263,
    "end": 1562695249263,
    "duration": 0,
    "pid": 29120,
    "index": 41
  },
  {
    "name": "Require(35) node_modules/egg/app/extend/context.js",
    "start": 1562695249263,
    "end": 1562695249263,
    "duration": 0,
    "pid": 29120,
    "index": 42
  },
  {
    "name": "Load extend/helper.js",
    "start": 1562695249264,
    "end": 1562695249272,
    "duration": 8,
    "pid": 29120,
    "index": 43
  },
  {
    "name": "Require(36) node_modules/egg-security/app/extend/helper.js",
    "start": 1562695249264,
    "end": 1562695249270,
    "duration": 6,
    "pid": 29120,
    "index": 44
  },
  {
    "name": "Require(37) node_modules/egg/app/extend/helper.js",
    "start": 1562695249271,
    "end": 1562695249271,
    "duration": 0,
    "pid": 29120,
    "index": 45
  },
  {
    "name": "Load app.js",
    "start": 1562695249272,
    "end": 1562695249286,
    "duration": 14,
    "pid": 29120,
    "index": 46
  },
  {
    "name": "Require(38) node_modules/egg-session/app.js",
    "start": 1562695249272,
    "end": 1562695249272,
    "duration": 0,
    "pid": 29120,
    "index": 47
  },
  {
    "name": "Require(39) node_modules/egg-security/app.js",
    "start": 1562695249272,
    "end": 1562695249273,
    "duration": 1,
    "pid": 29120,
    "index": 48
  },
  {
    "name": "Require(40) node_modules/egg-onerror/app.js",
    "start": 1562695249273,
    "end": 1562695249276,
    "duration": 3,
    "pid": 29120,
    "index": 49
  },
  {
    "name": "Require(41) node_modules/egg-i18n/app.js",
    "start": 1562695249276,
    "end": 1562695249282,
    "duration": 6,
    "pid": 29120,
    "index": 50
  },
  {
    "name": "Require(42) node_modules/egg-watcher/app.js",
    "start": 1562695249282,
    "end": 1562695249283,
    "duration": 1,
    "pid": 29120,
    "index": 51
  },
  {
    "name": "Require(43) node_modules/egg-schedule/app.js",
    "start": 1562695249283,
    "end": 1562695249283,
    "duration": 0,
    "pid": 29120,
    "index": 52
  },
  {
    "name": "Require(44) node_modules/egg-multipart/app.js",
    "start": 1562695249283,
    "end": 1562695249284,
    "duration": 1,
    "pid": 29120,
    "index": 53
  },
  {
    "name": "Require(45) node_modules/egg-development/app.js",
    "start": 1562695249284,
    "end": 1562695249284,
    "duration": 0,
    "pid": 29120,
    "index": 54
  },
  {
    "name": "Require(46) node_modules/egg-logrotator/app.js",
    "start": 1562695249284,
    "end": 1562695249285,
    "duration": 1,
    "pid": 29120,
    "index": 55
  },
  {
    "name": "Require(47) node_modules/egg-static/app.js",
    "start": 1562695249285,
    "end": 1562695249285,
    "duration": 0,
    "pid": 29120,
    "index": 56
  },
  {
    "name": "Require(48) node_modules/egg-mongoose/app.js",
    "start": 1562695249285,
    "end": 1562695249285,
    "duration": 0,
    "pid": 29120,
    "index": 57
  },
  {
    "name": "Require(49) node_modules/egg-validate/app.js",
    "start": 1562695249285,
    "end": 1562695249286,
    "duration": 1,
    "pid": 29120,
    "index": 58
  },
  {
    "name": "Before Start in node_modules/egg-watcher/lib/init.js:15:14",
    "start": 1562695249293,
    "end": 1562695249546,
    "duration": 253,
    "pid": 29120,
    "index": 59
  },
  {
    "name": "Before Start in node_modules/egg-mongoose/lib/mongoose.js:91:7",
    "start": 1562695249463,
    "end": 1562695249542,
    "duration": 79,
    "pid": 29120,
    "index": 60
  },
  {
    "name": "Before Start in node_modules/egg-mongoose/lib/mongoose.js:49:9",
    "start": 1562695249464,
    "end": 1562695249524,
    "duration": 60,
    "pid": 29120,
    "index": 61
  },
  {
    "name": "Load Service",
    "start": 1562695249464,
    "end": 1562695249467,
    "duration": 3,
    "pid": 29120,
    "index": 62
  },
  {
    "name": "Load \"service\" to Context",
    "start": 1562695249464,
    "end": 1562695249467,
    "duration": 3,
    "pid": 29120,
    "index": 63
  },
  {
    "name": "Load Middleware",
    "start": 1562695249467,
    "end": 1562695249502,
    "duration": 35,
    "pid": 29120,
    "index": 64
  },
  {
    "name": "Load \"middlewares\" to Application",
    "start": 1562695249467,
    "end": 1562695249496,
    "duration": 29,
    "pid": 29120,
    "index": 65
  },
  {
    "name": "Load Controller",
    "start": 1562695249502,
    "end": 1562695249504,
    "duration": 2,
    "pid": 29120,
    "index": 66
  },
  {
    "name": "Load \"controller\" to Application",
    "start": 1562695249503,
    "end": 1562695249504,
    "duration": 1,
    "pid": 29120,
    "index": 67
  },
  {
    "name": "Load Router",
    "start": 1562695249504,
    "end": 1562695249507,
    "duration": 3,
    "pid": 29120,
    "index": 68
  },
  {
    "name": "Require(50) app/router.js",
    "start": 1562695249504,
    "end": 1562695249504,
    "duration": 0,
    "pid": 29120,
    "index": 69
  },
  {
    "name": "Before Start in node_modules/egg-core/lib/egg.js:303:10",
    "start": 1562695249504,
    "end": 1562695249524,
    "duration": 20,
    "pid": 29120,
    "index": 70
  },
  {
    "name": "Load \"model\" to Application",
    "start": 1562695249515,
    "end": 1562695249523,
    "duration": 8,
    "pid": 29120,
    "index": 71
  }
]