[
  {
    "name": "Application Start",
    "start": 1562697241799,
    "end": 1562697242129,
    "duration": 330,
    "pid": 29792,
    "index": 0
  },
  {
    "name": "Load Plugin",
    "start": 1562697241803,
    "end": 1562697241809,
    "duration": 6,
    "pid": 29792,
    "index": 1
  },
  {
    "name": "Load Config",
    "start": 1562697241809,
    "end": 1562697241820,
    "duration": 11,
    "pid": 29792,
    "index": 2
  },
  {
    "name": "Require(0) config/config.default.js",
    "start": 1562697241809,
    "end": 1562697241809,
    "duration": 0,
    "pid": 29792,
    "index": 3
  },
  {
    "name": "Require(1) node_modules/egg-session/config/config.default.js",
    "start": 1562697241810,
    "end": 1562697241810,
    "duration": 0,
    "pid": 29792,
    "index": 4
  },
  {
    "name": "Require(2) node_modules/egg-security/config/config.default.js",
    "start": 1562697241810,
    "end": 1562697241811,
    "duration": 1,
    "pid": 29792,
    "index": 5
  },
  {
    "name": "Require(3) node_modules/egg-jsonp/config/config.default.js",
    "start": 1562697241811,
    "end": 1562697241811,
    "duration": 0,
    "pid": 29792,
    "index": 6
  },
  {
    "name": "Require(4) node_modules/egg-onerror/config/config.default.js",
    "start": 1562697241811,
    "end": 1562697241812,
    "duration": 1,
    "pid": 29792,
    "index": 7
  },
  {
    "name": "Require(5) node_modules/egg-i18n/config/config.default.js",
    "start": 1562697241812,
    "end": 1562697241812,
    "duration": 0,
    "pid": 29792,
    "index": 8
  },
  {
    "name": "Require(6) node_modules/egg-watcher/config/config.default.js",
    "start": 1562697241812,
    "end": 1562697241812,
    "duration": 0,
    "pid": 29792,
    "index": 9
  },
  {
    "name": "Require(7) node_modules/egg-schedule/config/config.default.js",
    "start": 1562697241812,
    "end": 1562697241812,
    "duration": 0,
    "pid": 29792,
    "index": 10
  },
  {
    "name": "Require(8) node_modules/egg-multipart/config/config.default.js",
    "start": 1562697241813,
    "end": 1562697241813,
    "duration": 0,
    "pid": 29792,
    "index": 11
  },
  {
    "name": "Require(9) node_modules/egg-development/config/config.default.js",
    "start": 1562697241813,
    "end": 1562697241813,
    "duration": 0,
    "pid": 29792,
    "index": 12
  },
  {
    "name": "Require(10) node_modules/egg-logrotator/config/config.default.js",
    "start": 1562697241813,
    "end": 1562697241814,
    "duration": 1,
    "pid": 29792,
    "index": 13
  },
  {
    "name": "Require(11) node_modules/egg-static/config/config.default.js",
    "start": 1562697241814,
    "end": 1562697241814,
    "duration": 0,
    "pid": 29792,
    "index": 14
  },
  {
    "name": "Require(12) node_modules/egg-view/config/config.default.js",
    "start": 1562697241814,
    "end": 1562697241814,
    "duration": 0,
    "pid": 29792,
    "index": 15
  },
  {
    "name": "Require(13) node_modules/egg-mongoose/config/config.default.js",
    "start": 1562697241815,
    "end": 1562697241815,
    "duration": 0,
    "pid": 29792,
    "index": 16
  },
  {
    "name": "Require(14) node_modules/egg-validate/config/config.default.js",
    "start": 1562697241815,
    "end": 1562697241815,
    "duration": 0,
    "pid": 29792,
    "index": 17
  },
  {
    "name": "Require(15) node_modules/egg/config/config.default.js",
    "start": 1562697241815,
    "end": 1562697241817,
    "duration": 2,
    "pid": 29792,
    "index": 18
  },
  {
    "name": "Require(16) config/config.default.js",
    "start": 1562697241818,
    "end": 1562697241818,
    "duration": 0,
    "pid": 29792,
    "index": 19
  },
  {
    "name": "Require(17) node_modules/egg-security/config/config.local.js",
    "start": 1562697241818,
    "end": 1562697241819,
    "duration": 1,
    "pid": 29792,
    "index": 20
  },
  {
    "name": "Require(18) node_modules/egg-watcher/config/config.local.js",
    "start": 1562697241819,
    "end": 1562697241819,
    "duration": 0,
    "pid": 29792,
    "index": 21
  },
  {
    "name": "Require(19) node_modules/egg-view/config/config.local.js",
    "start": 1562697241819,
    "end": 1562697241820,
    "duration": 1,
    "pid": 29792,
    "index": 22
  },
  {
    "name": "Require(20) node_modules/egg/config/config.local.js",
    "start": 1562697241820,
    "end": 1562697241820,
    "duration": 0,
    "pid": 29792,
    "index": 23
  },
  {
    "name": "Load extend/application.js",
    "start": 1562697241821,
    "end": 1562697241825,
    "duration": 4,
    "pid": 29792,
    "index": 24
  },
  {
    "name": "Require(21) node_modules/egg-session/app/extend/application.js",
    "start": 1562697241821,
    "end": 1562697241821,
    "duration": 0,
    "pid": 29792,
    "index": 25
  },
  {
    "name": "Require(22) node_modules/egg-security/app/extend/application.js",
    "start": 1562697241822,
    "end": 1562697241822,
    "duration": 0,
    "pid": 29792,
    "index": 26
  },
  {
    "name": "Require(23) node_modules/egg-jsonp/app/extend/application.js",
    "start": 1562697241822,
    "end": 1562697241823,
    "duration": 1,
    "pid": 29792,
    "index": 27
  },
  {
    "name": "Require(24) node_modules/egg-logrotator/app/extend/application.js",
    "start": 1562697241823,
    "end": 1562697241824,
    "duration": 1,
    "pid": 29792,
    "index": 28
  },
  {
    "name": "Require(25) node_modules/egg-view/app/extend/application.js",
    "start": 1562697241824,
    "end": 1562697241824,
    "duration": 0,
    "pid": 29792,
    "index": 29
  },
  {
    "name": "Load extend/request.js",
    "start": 1562697241825,
    "end": 1562697241832,
    "duration": 7,
    "pid": 29792,
    "index": 30
  },
  {
    "name": "Require(26) node_modules/egg/app/extend/request.js",
    "start": 1562697241826,
    "end": 1562697241832,
    "duration": 6,
    "pid": 29792,
    "index": 31
  },
  {
    "name": "Load extend/response.js",
    "start": 1562697241832,
    "end": 1562697241834,
    "duration": 2,
    "pid": 29792,
    "index": 32
  },
  {
    "name": "Require(27) node_modules/egg/app/extend/response.js",
    "start": 1562697241833,
    "end": 1562697241833,
    "duration": 0,
    "pid": 29792,
    "index": 33
  },
  {
    "name": "Load extend/context.js",
    "start": 1562697241834,
    "end": 1562697241858,
    "duration": 24,
    "pid": 29792,
    "index": 34
  },
  {
    "name": "Require(28) node_modules/egg-security/app/extend/context.js",
    "start": 1562697241834,
    "end": 1562697241837,
    "duration": 3,
    "pid": 29792,
    "index": 35
  },
  {
    "name": "Require(29) node_modules/egg-jsonp/app/extend/context.js",
    "start": 1562697241837,
    "end": 1562697241837,
    "duration": 0,
    "pid": 29792,
    "index": 36
  },
  {
    "name": "Require(30) node_modules/egg-i18n/app/extend/context.js",
    "start": 1562697241838,
    "end": 1562697241838,
    "duration": 0,
    "pid": 29792,
    "index": 37
  },
  {
    "name": "Require(31) node_modules/egg-multipart/app/extend/context.js",
    "start": 1562697241838,
    "end": 1562697241856,
    "duration": 18,
    "pid": 29792,
    "index": 38
  },
  {
    "name": "Require(32) node_modules/egg-view/app/extend/context.js",
    "start": 1562697241856,
    "end": 1562697241857,
    "duration": 1,
    "pid": 29792,
    "index": 39
  },
  {
    "name": "Require(33) node_modules/egg-mongoose/app/extend/context.js",
    "start": 1562697241857,
    "end": 1562697241857,
    "duration": 0,
    "pid": 29792,
    "index": 40
  },
  {
    "name": "Require(34) node_modules/egg-validate/app/extend/context.js",
    "start": 1562697241857,
    "end": 1562697241857,
    "duration": 0,
    "pid": 29792,
    "index": 41
  },
  {
    "name": "Require(35) node_modules/egg/app/extend/context.js",
    "start": 1562697241857,
    "end": 1562697241857,
    "duration": 0,
    "pid": 29792,
    "index": 42
  },
  {
    "name": "Load extend/helper.js",
    "start": 1562697241858,
    "end": 1562697241866,
    "duration": 8,
    "pid": 29792,
    "index": 43
  },
  {
    "name": "Require(36) node_modules/egg-security/app/extend/helper.js",
    "start": 1562697241858,
    "end": 1562697241864,
    "duration": 6,
    "pid": 29792,
    "index": 44
  },
  {
    "name": "Require(37) node_modules/egg/app/extend/helper.js",
    "start": 1562697241865,
    "end": 1562697241865,
    "duration": 0,
    "pid": 29792,
    "index": 45
  },
  {
    "name": "Load app.js",
    "start": 1562697241866,
    "end": 1562697241879,
    "duration": 13,
    "pid": 29792,
    "index": 46
  },
  {
    "name": "Require(38) node_modules/egg-session/app.js",
    "start": 1562697241866,
    "end": 1562697241866,
    "duration": 0,
    "pid": 29792,
    "index": 47
  },
  {
    "name": "Require(39) node_modules/egg-security/app.js",
    "start": 1562697241866,
    "end": 1562697241867,
    "duration": 1,
    "pid": 29792,
    "index": 48
  },
  {
    "name": "Require(40) node_modules/egg-onerror/app.js",
    "start": 1562697241867,
    "end": 1562697241870,
    "duration": 3,
    "pid": 29792,
    "index": 49
  },
  {
    "name": "Require(41) node_modules/egg-i18n/app.js",
    "start": 1562697241870,
    "end": 1562697241875,
    "duration": 5,
    "pid": 29792,
    "index": 50
  },
  {
    "name": "Require(42) node_modules/egg-watcher/app.js",
    "start": 1562697241875,
    "end": 1562697241876,
    "duration": 1,
    "pid": 29792,
    "index": 51
  },
  {
    "name": "Require(43) node_modules/egg-schedule/app.js",
    "start": 1562697241876,
    "end": 1562697241877,
    "duration": 1,
    "pid": 29792,
    "index": 52
  },
  {
    "name": "Require(44) node_modules/egg-multipart/app.js",
    "start": 1562697241877,
    "end": 1562697241877,
    "duration": 0,
    "pid": 29792,
    "index": 53
  },
  {
    "name": "Require(45) node_modules/egg-development/app.js",
    "start": 1562697241878,
    "end": 1562697241878,
    "duration": 0,
    "pid": 29792,
    "index": 54
  },
  {
    "name": "Require(46) node_modules/egg-logrotator/app.js",
    "start": 1562697241878,
    "end": 1562697241878,
    "duration": 0,
    "pid": 29792,
    "index": 55
  },
  {
    "name": "Require(47) node_modules/egg-static/app.js",
    "start": 1562697241878,
    "end": 1562697241878,
    "duration": 0,
    "pid": 29792,
    "index": 56
  },
  {
    "name": "Require(48) node_modules/egg-mongoose/app.js",
    "start": 1562697241878,
    "end": 1562697241878,
    "duration": 0,
    "pid": 29792,
    "index": 57
  },
  {
    "name": "Require(49) node_modules/egg-validate/app.js",
    "start": 1562697241878,
    "end": 1562697241879,
    "duration": 1,
    "pid": 29792,
    "index": 58
  },
  {
    "name": "Before Start in node_modules/egg-watcher/lib/init.js:15:14",
    "start": 1562697241886,
    "end": 1562697242128,
    "duration": 242,
    "pid": 29792,
    "index": 59
  },
  {
    "name": "Before Start in node_modules/egg-mongoose/lib/mongoose.js:91:7",
    "start": 1562697242047,
    "end": 1562697242124,
    "duration": 77,
    "pid": 29792,
    "index": 60
  },
  {
    "name": "Before Start in node_modules/egg-mongoose/lib/mongoose.js:49:9",
    "start": 1562697242047,
    "end": 1562697242106,
    "duration": 59,
    "pid": 29792,
    "index": 61
  },
  {
    "name": "Load Service",
    "start": 1562697242047,
    "end": 1562697242051,
    "duration": 4,
    "pid": 29792,
    "index": 62
  },
  {
    "name": "Load \"service\" to Context",
    "start": 1562697242048,
    "end": 1562697242051,
    "duration": 3,
    "pid": 29792,
    "index": 63
  },
  {
    "name": "Load Middleware",
    "start": 1562697242051,
    "end": 1562697242084,
    "duration": 33,
    "pid": 29792,
    "index": 64
  },
  {
    "name": "Load \"middlewares\" to Application",
    "start": 1562697242051,
    "end": 1562697242079,
    "duration": 28,
    "pid": 29792,
    "index": 65
  },
  {
    "name": "Load Controller",
    "start": 1562697242084,
    "end": 1562697242088,
    "duration": 4,
    "pid": 29792,
    "index": 66
  },
  {
    "name": "Load \"controller\" to Application",
    "start": 1562697242084,
    "end": 1562697242088,
    "duration": 4,
    "pid": 29792,
    "index": 67
  },
  {
    "name": "Load Router",
    "start": 1562697242088,
    "end": 1562697242092,
    "duration": 4,
    "pid": 29792,
    "index": 68
  },
  {
    "name": "Require(50) app/router.js",
    "start": 1562697242088,
    "end": 1562697242088,
    "duration": 0,
    "pid": 29792,
    "index": 69
  },
  {
    "name": "Before Start in node_modules/egg-core/lib/egg.js:303:10",
    "start": 1562697242089,
    "end": 1562697242106,
    "duration": 17,
    "pid": 29792,
    "index": 70
  },
  {
    "name": "Load \"model\" to Application",
    "start": 1562697242098,
    "end": 1562697242106,
    "duration": 8,
    "pid": 29792,
    "index": 71
  }
]