[
  {
    "name": "Application Start",
    "start": 1562696665138,
    "end": 1562696665455,
    "duration": 317,
    "pid": 29619,
    "index": 0
  },
  {
    "name": "Load Plugin",
    "start": 1562696665141,
    "end": 1562696665146,
    "duration": 5,
    "pid": 29619,
    "index": 1
  },
  {
    "name": "Load Config",
    "start": 1562696665146,
    "end": 1562696665158,
    "duration": 12,
    "pid": 29619,
    "index": 2
  },
  {
    "name": "Require(0) config/config.default.js",
    "start": 1562696665147,
    "end": 1562696665147,
    "duration": 0,
    "pid": 29619,
    "index": 3
  },
  {
    "name": "Require(1) node_modules/egg-session/config/config.default.js",
    "start": 1562696665148,
    "end": 1562696665148,
    "duration": 0,
    "pid": 29619,
    "index": 4
  },
  {
    "name": "Require(2) node_modules/egg-security/config/config.default.js",
    "start": 1562696665149,
    "end": 1562696665149,
    "duration": 0,
    "pid": 29619,
    "index": 5
  },
  {
    "name": "Require(3) node_modules/egg-jsonp/config/config.default.js",
    "start": 1562696665149,
    "end": 1562696665149,
    "duration": 0,
    "pid": 29619,
    "index": 6
  },
  {
    "name": "Require(4) node_modules/egg-onerror/config/config.default.js",
    "start": 1562696665150,
    "end": 1562696665150,
    "duration": 0,
    "pid": 29619,
    "index": 7
  },
  {
    "name": "Require(5) node_modules/egg-i18n/config/config.default.js",
    "start": 1562696665150,
    "end": 1562696665150,
    "duration": 0,
    "pid": 29619,
    "index": 8
  },
  {
    "name": "Require(6) node_modules/egg-watcher/config/config.default.js",
    "start": 1562696665150,
    "end": 1562696665150,
    "duration": 0,
    "pid": 29619,
    "index": 9
  },
  {
    "name": "Require(7) node_modules/egg-schedule/config/config.default.js",
    "start": 1562696665150,
    "end": 1562696665151,
    "duration": 1,
    "pid": 29619,
    "index": 10
  },
  {
    "name": "Require(8) node_modules/egg-multipart/config/config.default.js",
    "start": 1562696665151,
    "end": 1562696665151,
    "duration": 0,
    "pid": 29619,
    "index": 11
  },
  {
    "name": "Require(9) node_modules/egg-development/config/config.default.js",
    "start": 1562696665151,
    "end": 1562696665151,
    "duration": 0,
    "pid": 29619,
    "index": 12
  },
  {
    "name": "Require(10) node_modules/egg-logrotator/config/config.default.js",
    "start": 1562696665152,
    "end": 1562696665152,
    "duration": 0,
    "pid": 29619,
    "index": 13
  },
  {
    "name": "Require(11) node_modules/egg-static/config/config.default.js",
    "start": 1562696665152,
    "end": 1562696665152,
    "duration": 0,
    "pid": 29619,
    "index": 14
  },
  {
    "name": "Require(12) node_modules/egg-view/config/config.default.js",
    "start": 1562696665152,
    "end": 1562696665152,
    "duration": 0,
    "pid": 29619,
    "index": 15
  },
  {
    "name": "Require(13) node_modules/egg-mongoose/config/config.default.js",
    "start": 1562696665153,
    "end": 1562696665153,
    "duration": 0,
    "pid": 29619,
    "index": 16
  },
  {
    "name": "Require(14) node_modules/egg-validate/config/config.default.js",
    "start": 1562696665153,
    "end": 1562696665153,
    "duration": 0,
    "pid": 29619,
    "index": 17
  },
  {
    "name": "Require(15) node_modules/egg/config/config.default.js",
    "start": 1562696665153,
    "end": 1562696665155,
    "duration": 2,
    "pid": 29619,
    "index": 18
  },
  {
    "name": "Require(16) config/config.default.js",
    "start": 1562696665156,
    "end": 1562696665156,
    "duration": 0,
    "pid": 29619,
    "index": 19
  },
  {
    "name": "Require(17) node_modules/egg-security/config/config.local.js",
    "start": 1562696665157,
    "end": 1562696665157,
    "duration": 0,
    "pid": 29619,
    "index": 20
  },
  {
    "name": "Require(18) node_modules/egg-watcher/config/config.local.js",
    "start": 1562696665157,
    "end": 1562696665157,
    "duration": 0,
    "pid": 29619,
    "index": 21
  },
  {
    "name": "Require(19) node_modules/egg-view/config/config.local.js",
    "start": 1562696665158,
    "end": 1562696665158,
    "duration": 0,
    "pid": 29619,
    "index": 22
  },
  {
    "name": "Require(20) node_modules/egg/config/config.local.js",
    "start": 1562696665158,
    "end": 1562696665158,
    "duration": 0,
    "pid": 29619,
    "index": 23
  },
  {
    "name": "Load extend/application.js",
    "start": 1562696665159,
    "end": 1562696665164,
    "duration": 5,
    "pid": 29619,
    "index": 24
  },
  {
    "name": "Require(21) node_modules/egg-session/app/extend/application.js",
    "start": 1562696665159,
    "end": 1562696665160,
    "duration": 1,
    "pid": 29619,
    "index": 25
  },
  {
    "name": "Require(22) node_modules/egg-security/app/extend/application.js",
    "start": 1562696665160,
    "end": 1562696665160,
    "duration": 0,
    "pid": 29619,
    "index": 26
  },
  {
    "name": "Require(23) node_modules/egg-jsonp/app/extend/application.js",
    "start": 1562696665160,
    "end": 1562696665161,
    "duration": 1,
    "pid": 29619,
    "index": 27
  },
  {
    "name": "Require(24) node_modules/egg-logrotator/app/extend/application.js",
    "start": 1562696665162,
    "end": 1562696665162,
    "duration": 0,
    "pid": 29619,
    "index": 28
  },
  {
    "name": "Require(25) node_modules/egg-view/app/extend/application.js",
    "start": 1562696665162,
    "end": 1562696665163,
    "duration": 1,
    "pid": 29619,
    "index": 29
  },
  {
    "name": "Load extend/request.js",
    "start": 1562696665164,
    "end": 1562696665171,
    "duration": 7,
    "pid": 29619,
    "index": 30
  },
  {
    "name": "Require(26) node_modules/egg/app/extend/request.js",
    "start": 1562696665165,
    "end": 1562696665165,
    "duration": 0,
    "pid": 29619,
    "index": 31
  },
  {
    "name": "Load extend/response.js",
    "start": 1562696665171,
    "end": 1562696665173,
    "duration": 2,
    "pid": 29619,
    "index": 32
  },
  {
    "name": "Require(27) node_modules/egg/app/extend/response.js",
    "start": 1562696665172,
    "end": 1562696665172,
    "duration": 0,
    "pid": 29619,
    "index": 33
  },
  {
    "name": "Load extend/context.js",
    "start": 1562696665173,
    "end": 1562696665198,
    "duration": 25,
    "pid": 29619,
    "index": 34
  },
  {
    "name": "Require(28) node_modules/egg-security/app/extend/context.js",
    "start": 1562696665173,
    "end": 1562696665176,
    "duration": 3,
    "pid": 29619,
    "index": 35
  },
  {
    "name": "Require(29) node_modules/egg-jsonp/app/extend/context.js",
    "start": 1562696665176,
    "end": 1562696665176,
    "duration": 0,
    "pid": 29619,
    "index": 36
  },
  {
    "name": "Require(30) node_modules/egg-i18n/app/extend/context.js",
    "start": 1562696665177,
    "end": 1562696665177,
    "duration": 0,
    "pid": 29619,
    "index": 37
  },
  {
    "name": "Require(31) node_modules/egg-multipart/app/extend/context.js",
    "start": 1562696665177,
    "end": 1562696665196,
    "duration": 19,
    "pid": 29619,
    "index": 38
  },
  {
    "name": "Require(32) node_modules/egg-view/app/extend/context.js",
    "start": 1562696665196,
    "end": 1562696665197,
    "duration": 1,
    "pid": 29619,
    "index": 39
  },
  {
    "name": "Require(33) node_modules/egg-mongoose/app/extend/context.js",
    "start": 1562696665197,
    "end": 1562696665197,
    "duration": 0,
    "pid": 29619,
    "index": 40
  },
  {
    "name": "Require(34) node_modules/egg-validate/app/extend/context.js",
    "start": 1562696665197,
    "end": 1562696665197,
    "duration": 0,
    "pid": 29619,
    "index": 41
  },
  {
    "name": "Require(35) node_modules/egg/app/extend/context.js",
    "start": 1562696665197,
    "end": 1562696665198,
    "duration": 1,
    "pid": 29619,
    "index": 42
  },
  {
    "name": "Load extend/helper.js",
    "start": 1562696665198,
    "end": 1562696665206,
    "duration": 8,
    "pid": 29619,
    "index": 43
  },
  {
    "name": "Require(36) node_modules/egg-security/app/extend/helper.js",
    "start": 1562696665199,
    "end": 1562696665204,
    "duration": 5,
    "pid": 29619,
    "index": 44
  },
  {
    "name": "Require(37) node_modules/egg/app/extend/helper.js",
    "start": 1562696665205,
    "end": 1562696665205,
    "duration": 0,
    "pid": 29619,
    "index": 45
  },
  {
    "name": "Load app.js",
    "start": 1562696665206,
    "end": 1562696665220,
    "duration": 14,
    "pid": 29619,
    "index": 46
  },
  {
    "name": "Require(38) node_modules/egg-session/app.js",
    "start": 1562696665206,
    "end": 1562696665206,
    "duration": 0,
    "pid": 29619,
    "index": 47
  },
  {
    "name": "Require(39) node_modules/egg-security/app.js",
    "start": 1562696665206,
    "end": 1562696665207,
    "duration": 1,
    "pid": 29619,
    "index": 48
  },
  {
    "name": "Require(40) node_modules/egg-onerror/app.js",
    "start": 1562696665207,
    "end": 1562696665210,
    "duration": 3,
    "pid": 29619,
    "index": 49
  },
  {
    "name": "Require(41) node_modules/egg-i18n/app.js",
    "start": 1562696665210,
    "end": 1562696665215,
    "duration": 5,
    "pid": 29619,
    "index": 50
  },
  {
    "name": "Require(42) node_modules/egg-watcher/app.js",
    "start": 1562696665216,
    "end": 1562696665217,
    "duration": 1,
    "pid": 29619,
    "index": 51
  },
  {
    "name": "Require(43) node_modules/egg-schedule/app.js",
    "start": 1562696665217,
    "end": 1562696665217,
    "duration": 0,
    "pid": 29619,
    "index": 52
  },
  {
    "name": "Require(44) node_modules/egg-multipart/app.js",
    "start": 1562696665218,
    "end": 1562696665218,
    "duration": 0,
    "pid": 29619,
    "index": 53
  },
  {
    "name": "Require(45) node_modules/egg-development/app.js",
    "start": 1562696665219,
    "end": 1562696665219,
    "duration": 0,
    "pid": 29619,
    "index": 54
  },
  {
    "name": "Require(46) node_modules/egg-logrotator/app.js",
    "start": 1562696665219,
    "end": 1562696665219,
    "duration": 0,
    "pid": 29619,
    "index": 55
  },
  {
    "name": "Require(47) node_modules/egg-static/app.js",
    "start": 1562696665219,
    "end": 1562696665219,
    "duration": 0,
    "pid": 29619,
    "index": 56
  },
  {
    "name": "Require(48) node_modules/egg-mongoose/app.js",
    "start": 1562696665219,
    "end": 1562696665219,
    "duration": 0,
    "pid": 29619,
    "index": 57
  },
  {
    "name": "Require(49) node_modules/egg-validate/app.js",
    "start": 1562696665219,
    "end": 1562696665220,
    "duration": 1,
    "pid": 29619,
    "index": 58
  },
  {
    "name": "Before Start in node_modules/egg-watcher/lib/init.js:15:14",
    "start": 1562696665227,
    "end": 1562696665454,
    "duration": 227,
    "pid": 29619,
    "index": 59
  },
  {
    "name": "Before Start in node_modules/egg-mongoose/lib/mongoose.js:91:7",
    "start": 1562696665380,
    "end": 1562696665450,
    "duration": 70,
    "pid": 29619,
    "index": 60
  },
  {
    "name": "Before Start in node_modules/egg-mongoose/lib/mongoose.js:49:9",
    "start": 1562696665380,
    "end": 1562696665434,
    "duration": 54,
    "pid": 29619,
    "index": 61
  },
  {
    "name": "Load Service",
    "start": 1562696665380,
    "end": 1562696665383,
    "duration": 3,
    "pid": 29619,
    "index": 62
  },
  {
    "name": "Load \"service\" to Context",
    "start": 1562696665380,
    "end": 1562696665383,
    "duration": 3,
    "pid": 29619,
    "index": 63
  },
  {
    "name": "Load Middleware",
    "start": 1562696665383,
    "end": 1562696665413,
    "duration": 30,
    "pid": 29619,
    "index": 64
  },
  {
    "name": "Load \"middlewares\" to Application",
    "start": 1562696665383,
    "end": 1562696665409,
    "duration": 26,
    "pid": 29619,
    "index": 65
  },
  {
    "name": "Load Controller",
    "start": 1562696665413,
    "end": 1562696665415,
    "duration": 2,
    "pid": 29619,
    "index": 66
  },
  {
    "name": "Load \"controller\" to Application",
    "start": 1562696665413,
    "end": 1562696665415,
    "duration": 2,
    "pid": 29619,
    "index": 67
  },
  {
    "name": "Load Router",
    "start": 1562696665415,
    "end": 1562696665418,
    "duration": 3,
    "pid": 29619,
    "index": 68
  },
  {
    "name": "Require(50) app/router.js",
    "start": 1562696665415,
    "end": 1562696665415,
    "duration": 0,
    "pid": 29619,
    "index": 69
  },
  {
    "name": "Before Start in node_modules/egg-core/lib/egg.js:303:10",
    "start": 1562696665416,
    "end": 1562696665434,
    "duration": 18,
    "pid": 29619,
    "index": 70
  },
  {
    "name": "Load \"model\" to Application",
    "start": 1562696665427,
    "end": 1562696665433,
    "duration": 6,
    "pid": 29619,
    "index": 71
  }
]