[
  {
    "name": "Application Start",
    "start": 1562696153878,
    "end": 1562696154207,
    "duration": 329,
    "pid": 29397,
    "index": 0
  },
  {
    "name": "Load Plugin",
    "start": 1562696153881,
    "end": 1562696153887,
    "duration": 6,
    "pid": 29397,
    "index": 1
  },
  {
    "name": "Load Config",
    "start": 1562696153887,
    "end": 1562696153899,
    "duration": 12,
    "pid": 29397,
    "index": 2
  },
  {
    "name": "Require(0) config/config.default.js",
    "start": 1562696153887,
    "end": 1562696153888,
    "duration": 1,
    "pid": 29397,
    "index": 3
  },
  {
    "name": "Require(1) node_modules/egg-session/config/config.default.js",
    "start": 1562696153888,
    "end": 1562696153889,
    "duration": 1,
    "pid": 29397,
    "index": 4
  },
  {
    "name": "Require(2) node_modules/egg-security/config/config.default.js",
    "start": 1562696153889,
    "end": 1562696153889,
    "duration": 0,
    "pid": 29397,
    "index": 5
  },
  {
    "name": "Require(3) node_modules/egg-jsonp/config/config.default.js",
    "start": 1562696153889,
    "end": 1562696153890,
    "duration": 1,
    "pid": 29397,
    "index": 6
  },
  {
    "name": "Require(4) node_modules/egg-onerror/config/config.default.js",
    "start": 1562696153890,
    "end": 1562696153890,
    "duration": 0,
    "pid": 29397,
    "index": 7
  },
  {
    "name": "Require(5) node_modules/egg-i18n/config/config.default.js",
    "start": 1562696153890,
    "end": 1562696153890,
    "duration": 0,
    "pid": 29397,
    "index": 8
  },
  {
    "name": "Require(6) node_modules/egg-watcher/config/config.default.js",
    "start": 1562696153890,
    "end": 1562696153890,
    "duration": 0,
    "pid": 29397,
    "index": 9
  },
  {
    "name": "Require(7) node_modules/egg-schedule/config/config.default.js",
    "start": 1562696153891,
    "end": 1562696153891,
    "duration": 0,
    "pid": 29397,
    "index": 10
  },
  {
    "name": "Require(8) node_modules/egg-multipart/config/config.default.js",
    "start": 1562696153891,
    "end": 1562696153891,
    "duration": 0,
    "pid": 29397,
    "index": 11
  },
  {
    "name": "Require(9) node_modules/egg-development/config/config.default.js",
    "start": 1562696153892,
    "end": 1562696153892,
    "duration": 0,
    "pid": 29397,
    "index": 12
  },
  {
    "name": "Require(10) node_modules/egg-logrotator/config/config.default.js",
    "start": 1562696153892,
    "end": 1562696153892,
    "duration": 0,
    "pid": 29397,
    "index": 13
  },
  {
    "name": "Require(11) node_modules/egg-static/config/config.default.js",
    "start": 1562696153892,
    "end": 1562696153893,
    "duration": 1,
    "pid": 29397,
    "index": 14
  },
  {
    "name": "Require(12) node_modules/egg-view/config/config.default.js",
    "start": 1562696153893,
    "end": 1562696153893,
    "duration": 0,
    "pid": 29397,
    "index": 15
  },
  {
    "name": "Require(13) node_modules/egg-mongoose/config/config.default.js",
    "start": 1562696153893,
    "end": 1562696153894,
    "duration": 1,
    "pid": 29397,
    "index": 16
  },
  {
    "name": "Require(14) node_modules/egg-validate/config/config.default.js",
    "start": 1562696153894,
    "end": 1562696153894,
    "duration": 0,
    "pid": 29397,
    "index": 17
  },
  {
    "name": "Require(15) node_modules/egg/config/config.default.js",
    "start": 1562696153894,
    "end": 1562696153894,
    "duration": 0,
    "pid": 29397,
    "index": 18
  },
  {
    "name": "Require(16) config/config.default.js",
    "start": 1562696153897,
    "end": 1562696153897,
    "duration": 0,
    "pid": 29397,
    "index": 19
  },
  {
    "name": "Require(17) node_modules/egg-security/config/config.local.js",
    "start": 1562696153897,
    "end": 1562696153897,
    "duration": 0,
    "pid": 29397,
    "index": 20
  },
  {
    "name": "Require(18) node_modules/egg-watcher/config/config.local.js",
    "start": 1562696153898,
    "end": 1562696153898,
    "duration": 0,
    "pid": 29397,
    "index": 21
  },
  {
    "name": "Require(19) node_modules/egg-view/config/config.local.js",
    "start": 1562696153898,
    "end": 1562696153898,
    "duration": 0,
    "pid": 29397,
    "index": 22
  },
  {
    "name": "Require(20) node_modules/egg/config/config.local.js",
    "start": 1562696153899,
    "end": 1562696153899,
    "duration": 0,
    "pid": 29397,
    "index": 23
  },
  {
    "name": "Load extend/application.js",
    "start": 1562696153900,
    "end": 1562696153904,
    "duration": 4,
    "pid": 29397,
    "index": 24
  },
  {
    "name": "Require(21) node_modules/egg-session/app/extend/application.js",
    "start": 1562696153900,
    "end": 1562696153900,
    "duration": 0,
    "pid": 29397,
    "index": 25
  },
  {
    "name": "Require(22) node_modules/egg-security/app/extend/application.js",
    "start": 1562696153900,
    "end": 1562696153901,
    "duration": 1,
    "pid": 29397,
    "index": 26
  },
  {
    "name": "Require(23) node_modules/egg-jsonp/app/extend/application.js",
    "start": 1562696153901,
    "end": 1562696153901,
    "duration": 0,
    "pid": 29397,
    "index": 27
  },
  {
    "name": "Require(24) node_modules/egg-logrotator/app/extend/application.js",
    "start": 1562696153902,
    "end": 1562696153903,
    "duration": 1,
    "pid": 29397,
    "index": 28
  },
  {
    "name": "Require(25) node_modules/egg-view/app/extend/application.js",
    "start": 1562696153903,
    "end": 1562696153903,
    "duration": 0,
    "pid": 29397,
    "index": 29
  },
  {
    "name": "Load extend/request.js",
    "start": 1562696153904,
    "end": 1562696153906,
    "duration": 2,
    "pid": 29397,
    "index": 30
  },
  {
    "name": "Require(26) node_modules/egg/app/extend/request.js",
    "start": 1562696153905,
    "end": 1562696153905,
    "duration": 0,
    "pid": 29397,
    "index": 31
  },
  {
    "name": "Load extend/response.js",
    "start": 1562696153906,
    "end": 1562696153913,
    "duration": 7,
    "pid": 29397,
    "index": 32
  },
  {
    "name": "Require(27) node_modules/egg/app/extend/response.js",
    "start": 1562696153912,
    "end": 1562696153912,
    "duration": 0,
    "pid": 29397,
    "index": 33
  },
  {
    "name": "Load extend/context.js",
    "start": 1562696153913,
    "end": 1562696153938,
    "duration": 25,
    "pid": 29397,
    "index": 34
  },
  {
    "name": "Require(28) node_modules/egg-security/app/extend/context.js",
    "start": 1562696153913,
    "end": 1562696153916,
    "duration": 3,
    "pid": 29397,
    "index": 35
  },
  {
    "name": "Require(29) node_modules/egg-jsonp/app/extend/context.js",
    "start": 1562696153916,
    "end": 1562696153917,
    "duration": 1,
    "pid": 29397,
    "index": 36
  },
  {
    "name": "Require(30) node_modules/egg-i18n/app/extend/context.js",
    "start": 1562696153917,
    "end": 1562696153917,
    "duration": 0,
    "pid": 29397,
    "index": 37
  },
  {
    "name": "Require(31) node_modules/egg-multipart/app/extend/context.js",
    "start": 1562696153917,
    "end": 1562696153936,
    "duration": 19,
    "pid": 29397,
    "index": 38
  },
  {
    "name": "Require(32) node_modules/egg-view/app/extend/context.js",
    "start": 1562696153936,
    "end": 1562696153937,
    "duration": 1,
    "pid": 29397,
    "index": 39
  },
  {
    "name": "Require(33) node_modules/egg-mongoose/app/extend/context.js",
    "start": 1562696153937,
    "end": 1562696153937,
    "duration": 0,
    "pid": 29397,
    "index": 40
  },
  {
    "name": "Require(34) node_modules/egg-validate/app/extend/context.js",
    "start": 1562696153937,
    "end": 1562696153937,
    "duration": 0,
    "pid": 29397,
    "index": 41
  },
  {
    "name": "Require(35) node_modules/egg/app/extend/context.js",
    "start": 1562696153937,
    "end": 1562696153938,
    "duration": 1,
    "pid": 29397,
    "index": 42
  },
  {
    "name": "Load extend/helper.js",
    "start": 1562696153938,
    "end": 1562696153947,
    "duration": 9,
    "pid": 29397,
    "index": 43
  },
  {
    "name": "Require(36) node_modules/egg-security/app/extend/helper.js",
    "start": 1562696153939,
    "end": 1562696153945,
    "duration": 6,
    "pid": 29397,
    "index": 44
  },
  {
    "name": "Require(37) node_modules/egg/app/extend/helper.js",
    "start": 1562696153946,
    "end": 1562696153946,
    "duration": 0,
    "pid": 29397,
    "index": 45
  },
  {
    "name": "Load app.js",
    "start": 1562696153947,
    "end": 1562696153962,
    "duration": 15,
    "pid": 29397,
    "index": 46
  },
  {
    "name": "Require(38) node_modules/egg-session/app.js",
    "start": 1562696153947,
    "end": 1562696153947,
    "duration": 0,
    "pid": 29397,
    "index": 47
  },
  {
    "name": "Require(39) node_modules/egg-security/app.js",
    "start": 1562696153947,
    "end": 1562696153948,
    "duration": 1,
    "pid": 29397,
    "index": 48
  },
  {
    "name": "Require(40) node_modules/egg-onerror/app.js",
    "start": 1562696153948,
    "end": 1562696153951,
    "duration": 3,
    "pid": 29397,
    "index": 49
  },
  {
    "name": "Require(41) node_modules/egg-i18n/app.js",
    "start": 1562696153951,
    "end": 1562696153957,
    "duration": 6,
    "pid": 29397,
    "index": 50
  },
  {
    "name": "Require(42) node_modules/egg-watcher/app.js",
    "start": 1562696153957,
    "end": 1562696153958,
    "duration": 1,
    "pid": 29397,
    "index": 51
  },
  {
    "name": "Require(43) node_modules/egg-schedule/app.js",
    "start": 1562696153958,
    "end": 1562696153958,
    "duration": 0,
    "pid": 29397,
    "index": 52
  },
  {
    "name": "Require(44) node_modules/egg-multipart/app.js",
    "start": 1562696153958,
    "end": 1562696153959,
    "duration": 1,
    "pid": 29397,
    "index": 53
  },
  {
    "name": "Require(45) node_modules/egg-development/app.js",
    "start": 1562696153959,
    "end": 1562696153959,
    "duration": 0,
    "pid": 29397,
    "index": 54
  },
  {
    "name": "Require(46) node_modules/egg-logrotator/app.js",
    "start": 1562696153960,
    "end": 1562696153960,
    "duration": 0,
    "pid": 29397,
    "index": 55
  },
  {
    "name": "Require(47) node_modules/egg-static/app.js",
    "start": 1562696153960,
    "end": 1562696153960,
    "duration": 0,
    "pid": 29397,
    "index": 56
  },
  {
    "name": "Require(48) node_modules/egg-mongoose/app.js",
    "start": 1562696153960,
    "end": 1562696153960,
    "duration": 0,
    "pid": 29397,
    "index": 57
  },
  {
    "name": "Require(49) node_modules/egg-validate/app.js",
    "start": 1562696153960,
    "end": 1562696153961,
    "duration": 1,
    "pid": 29397,
    "index": 58
  },
  {
    "name": "Before Start in node_modules/egg-watcher/lib/init.js:15:14",
    "start": 1562696153969,
    "end": 1562696154206,
    "duration": 237,
    "pid": 29397,
    "index": 59
  },
  {
    "name": "Before Start in node_modules/egg-mongoose/lib/mongoose.js:91:7",
    "start": 1562696154130,
    "end": 1562696154202,
    "duration": 72,
    "pid": 29397,
    "index": 60
  },
  {
    "name": "Before Start in node_modules/egg-mongoose/lib/mongoose.js:49:9",
    "start": 1562696154130,
    "end": 1562696154184,
    "duration": 54,
    "pid": 29397,
    "index": 61
  },
  {
    "name": "Load Service",
    "start": 1562696154130,
    "end": 1562696154133,
    "duration": 3,
    "pid": 29397,
    "index": 62
  },
  {
    "name": "Load \"service\" to Context",
    "start": 1562696154130,
    "end": 1562696154133,
    "duration": 3,
    "pid": 29397,
    "index": 63
  },
  {
    "name": "Load Middleware",
    "start": 1562696154133,
    "end": 1562696154165,
    "duration": 32,
    "pid": 29397,
    "index": 64
  },
  {
    "name": "Load \"middlewares\" to Application",
    "start": 1562696154133,
    "end": 1562696154159,
    "duration": 26,
    "pid": 29397,
    "index": 65
  },
  {
    "name": "Load Controller",
    "start": 1562696154165,
    "end": 1562696154169,
    "duration": 4,
    "pid": 29397,
    "index": 66
  },
  {
    "name": "Load \"controller\" to Application",
    "start": 1562696154165,
    "end": 1562696154169,
    "duration": 4,
    "pid": 29397,
    "index": 67
  },
  {
    "name": "Load Router",
    "start": 1562696154169,
    "end": 1562696154172,
    "duration": 3,
    "pid": 29397,
    "index": 68
  },
  {
    "name": "Require(50) app/router.js",
    "start": 1562696154169,
    "end": 1562696154169,
    "duration": 0,
    "pid": 29397,
    "index": 69
  },
  {
    "name": "Before Start in node_modules/egg-core/lib/egg.js:303:10",
    "start": 1562696154169,
    "end": 1562696154184,
    "duration": 15,
    "pid": 29397,
    "index": 70
  },
  {
    "name": "Load \"model\" to Application",
    "start": 1562696154178,
    "end": 1562696154184,
    "duration": 6,
    "pid": 29397,
    "index": 71
  }
]