[
  {
    "name": "Application Start",
    "start": 1562696151480,
    "end": 1562696151797,
    "duration": 317,
    "pid": 29389,
    "index": 0
  },
  {
    "name": "Load Plugin",
    "start": 1562696151483,
    "end": 1562696151489,
    "duration": 6,
    "pid": 29389,
    "index": 1
  },
  {
    "name": "Load Config",
    "start": 1562696151489,
    "end": 1562696151500,
    "duration": 11,
    "pid": 29389,
    "index": 2
  },
  {
    "name": "Require(0) config/config.default.js",
    "start": 1562696151489,
    "end": 1562696151489,
    "duration": 0,
    "pid": 29389,
    "index": 3
  },
  {
    "name": "Require(1) node_modules/egg-session/config/config.default.js",
    "start": 1562696151490,
    "end": 1562696151490,
    "duration": 0,
    "pid": 29389,
    "index": 4
  },
  {
    "name": "Require(2) node_modules/egg-security/config/config.default.js",
    "start": 1562696151490,
    "end": 1562696151491,
    "duration": 1,
    "pid": 29389,
    "index": 5
  },
  {
    "name": "Require(3) node_modules/egg-jsonp/config/config.default.js",
    "start": 1562696151491,
    "end": 1562696151491,
    "duration": 0,
    "pid": 29389,
    "index": 6
  },
  {
    "name": "Require(4) node_modules/egg-onerror/config/config.default.js",
    "start": 1562696151491,
    "end": 1562696151492,
    "duration": 1,
    "pid": 29389,
    "index": 7
  },
  {
    "name": "Require(5) node_modules/egg-i18n/config/config.default.js",
    "start": 1562696151492,
    "end": 1562696151492,
    "duration": 0,
    "pid": 29389,
    "index": 8
  },
  {
    "name": "Require(6) node_modules/egg-watcher/config/config.default.js",
    "start": 1562696151492,
    "end": 1562696151492,
    "duration": 0,
    "pid": 29389,
    "index": 9
  },
  {
    "name": "Require(7) node_modules/egg-schedule/config/config.default.js",
    "start": 1562696151492,
    "end": 1562696151492,
    "duration": 0,
    "pid": 29389,
    "index": 10
  },
  {
    "name": "Require(8) node_modules/egg-multipart/config/config.default.js",
    "start": 1562696151493,
    "end": 1562696151493,
    "duration": 0,
    "pid": 29389,
    "index": 11
  },
  {
    "name": "Require(9) node_modules/egg-development/config/config.default.js",
    "start": 1562696151493,
    "end": 1562696151493,
    "duration": 0,
    "pid": 29389,
    "index": 12
  },
  {
    "name": "Require(10) node_modules/egg-logrotator/config/config.default.js",
    "start": 1562696151493,
    "end": 1562696151494,
    "duration": 1,
    "pid": 29389,
    "index": 13
  },
  {
    "name": "Require(11) node_modules/egg-static/config/config.default.js",
    "start": 1562696151494,
    "end": 1562696151494,
    "duration": 0,
    "pid": 29389,
    "index": 14
  },
  {
    "name": "Require(12) node_modules/egg-view/config/config.default.js",
    "start": 1562696151494,
    "end": 1562696151494,
    "duration": 0,
    "pid": 29389,
    "index": 15
  },
  {
    "name": "Require(13) node_modules/egg-mongoose/config/config.default.js",
    "start": 1562696151495,
    "end": 1562696151495,
    "duration": 0,
    "pid": 29389,
    "index": 16
  },
  {
    "name": "Require(14) node_modules/egg-validate/config/config.default.js",
    "start": 1562696151495,
    "end": 1562696151495,
    "duration": 0,
    "pid": 29389,
    "index": 17
  },
  {
    "name": "Require(15) node_modules/egg/config/config.default.js",
    "start": 1562696151495,
    "end": 1562696151497,
    "duration": 2,
    "pid": 29389,
    "index": 18
  },
  {
    "name": "Require(16) config/config.default.js",
    "start": 1562696151498,
    "end": 1562696151498,
    "duration": 0,
    "pid": 29389,
    "index": 19
  },
  {
    "name": "Require(17) node_modules/egg-security/config/config.local.js",
    "start": 1562696151498,
    "end": 1562696151498,
    "duration": 0,
    "pid": 29389,
    "index": 20
  },
  {
    "name": "Require(18) node_modules/egg-watcher/config/config.local.js",
    "start": 1562696151499,
    "end": 1562696151499,
    "duration": 0,
    "pid": 29389,
    "index": 21
  },
  {
    "name": "Require(19) node_modules/egg-view/config/config.local.js",
    "start": 1562696151499,
    "end": 1562696151499,
    "duration": 0,
    "pid": 29389,
    "index": 22
  },
  {
    "name": "Require(20) node_modules/egg/config/config.local.js",
    "start": 1562696151500,
    "end": 1562696151500,
    "duration": 0,
    "pid": 29389,
    "index": 23
  },
  {
    "name": "Load extend/application.js",
    "start": 1562696151501,
    "end": 1562696151505,
    "duration": 4,
    "pid": 29389,
    "index": 24
  },
  {
    "name": "Require(21) node_modules/egg-session/app/extend/application.js",
    "start": 1562696151501,
    "end": 1562696151501,
    "duration": 0,
    "pid": 29389,
    "index": 25
  },
  {
    "name": "Require(22) node_modules/egg-security/app/extend/application.js",
    "start": 1562696151501,
    "end": 1562696151502,
    "duration": 1,
    "pid": 29389,
    "index": 26
  },
  {
    "name": "Require(23) node_modules/egg-jsonp/app/extend/application.js",
    "start": 1562696151502,
    "end": 1562696151502,
    "duration": 0,
    "pid": 29389,
    "index": 27
  },
  {
    "name": "Require(24) node_modules/egg-logrotator/app/extend/application.js",
    "start": 1562696151503,
    "end": 1562696151504,
    "duration": 1,
    "pid": 29389,
    "index": 28
  },
  {
    "name": "Require(25) node_modules/egg-view/app/extend/application.js",
    "start": 1562696151504,
    "end": 1562696151504,
    "duration": 0,
    "pid": 29389,
    "index": 29
  },
  {
    "name": "Load extend/request.js",
    "start": 1562696151505,
    "end": 1562696151512,
    "duration": 7,
    "pid": 29389,
    "index": 30
  },
  {
    "name": "Require(26) node_modules/egg/app/extend/request.js",
    "start": 1562696151506,
    "end": 1562696151506,
    "duration": 0,
    "pid": 29389,
    "index": 31
  },
  {
    "name": "Load extend/response.js",
    "start": 1562696151512,
    "end": 1562696151513,
    "duration": 1,
    "pid": 29389,
    "index": 32
  },
  {
    "name": "Require(27) node_modules/egg/app/extend/response.js",
    "start": 1562696151512,
    "end": 1562696151513,
    "duration": 1,
    "pid": 29389,
    "index": 33
  },
  {
    "name": "Load extend/context.js",
    "start": 1562696151513,
    "end": 1562696151538,
    "duration": 25,
    "pid": 29389,
    "index": 34
  },
  {
    "name": "Require(28) node_modules/egg-security/app/extend/context.js",
    "start": 1562696151513,
    "end": 1562696151516,
    "duration": 3,
    "pid": 29389,
    "index": 35
  },
  {
    "name": "Require(29) node_modules/egg-jsonp/app/extend/context.js",
    "start": 1562696151516,
    "end": 1562696151517,
    "duration": 1,
    "pid": 29389,
    "index": 36
  },
  {
    "name": "Require(30) node_modules/egg-i18n/app/extend/context.js",
    "start": 1562696151517,
    "end": 1562696151517,
    "duration": 0,
    "pid": 29389,
    "index": 37
  },
  {
    "name": "Require(31) node_modules/egg-multipart/app/extend/context.js",
    "start": 1562696151517,
    "end": 1562696151536,
    "duration": 19,
    "pid": 29389,
    "index": 38
  },
  {
    "name": "Require(32) node_modules/egg-view/app/extend/context.js",
    "start": 1562696151536,
    "end": 1562696151536,
    "duration": 0,
    "pid": 29389,
    "index": 39
  },
  {
    "name": "Require(33) node_modules/egg-mongoose/app/extend/context.js",
    "start": 1562696151536,
    "end": 1562696151537,
    "duration": 1,
    "pid": 29389,
    "index": 40
  },
  {
    "name": "Require(34) node_modules/egg-validate/app/extend/context.js",
    "start": 1562696151537,
    "end": 1562696151537,
    "duration": 0,
    "pid": 29389,
    "index": 41
  },
  {
    "name": "Require(35) node_modules/egg/app/extend/context.js",
    "start": 1562696151537,
    "end": 1562696151537,
    "duration": 0,
    "pid": 29389,
    "index": 42
  },
  {
    "name": "Load extend/helper.js",
    "start": 1562696151538,
    "end": 1562696151546,
    "duration": 8,
    "pid": 29389,
    "index": 43
  },
  {
    "name": "Require(36) node_modules/egg-security/app/extend/helper.js",
    "start": 1562696151538,
    "end": 1562696151544,
    "duration": 6,
    "pid": 29389,
    "index": 44
  },
  {
    "name": "Require(37) node_modules/egg/app/extend/helper.js",
    "start": 1562696151545,
    "end": 1562696151545,
    "duration": 0,
    "pid": 29389,
    "index": 45
  },
  {
    "name": "Load app.js",
    "start": 1562696151546,
    "end": 1562696151560,
    "duration": 14,
    "pid": 29389,
    "index": 46
  },
  {
    "name": "Require(38) node_modules/egg-session/app.js",
    "start": 1562696151546,
    "end": 1562696151546,
    "duration": 0,
    "pid": 29389,
    "index": 47
  },
  {
    "name": "Require(39) node_modules/egg-security/app.js",
    "start": 1562696151546,
    "end": 1562696151547,
    "duration": 1,
    "pid": 29389,
    "index": 48
  },
  {
    "name": "Require(40) node_modules/egg-onerror/app.js",
    "start": 1562696151547,
    "end": 1562696151550,
    "duration": 3,
    "pid": 29389,
    "index": 49
  },
  {
    "name": "Require(41) node_modules/egg-i18n/app.js",
    "start": 1562696151550,
    "end": 1562696151555,
    "duration": 5,
    "pid": 29389,
    "index": 50
  },
  {
    "name": "Require(42) node_modules/egg-watcher/app.js",
    "start": 1562696151555,
    "end": 1562696151556,
    "duration": 1,
    "pid": 29389,
    "index": 51
  },
  {
    "name": "Require(43) node_modules/egg-schedule/app.js",
    "start": 1562696151556,
    "end": 1562696151557,
    "duration": 1,
    "pid": 29389,
    "index": 52
  },
  {
    "name": "Require(44) node_modules/egg-multipart/app.js",
    "start": 1562696151557,
    "end": 1562696151558,
    "duration": 1,
    "pid": 29389,
    "index": 53
  },
  {
    "name": "Require(45) node_modules/egg-development/app.js",
    "start": 1562696151558,
    "end": 1562696151558,
    "duration": 0,
    "pid": 29389,
    "index": 54
  },
  {
    "name": "Require(46) node_modules/egg-logrotator/app.js",
    "start": 1562696151558,
    "end": 1562696151558,
    "duration": 0,
    "pid": 29389,
    "index": 55
  },
  {
    "name": "Require(47) node_modules/egg-static/app.js",
    "start": 1562696151558,
    "end": 1562696151558,
    "duration": 0,
    "pid": 29389,
    "index": 56
  },
  {
    "name": "Require(48) node_modules/egg-mongoose/app.js",
    "start": 1562696151559,
    "end": 1562696151559,
    "duration": 0,
    "pid": 29389,
    "index": 57
  },
  {
    "name": "Require(49) node_modules/egg-validate/app.js",
    "start": 1562696151559,
    "end": 1562696151559,
    "duration": 0,
    "pid": 29389,
    "index": 58
  },
  {
    "name": "Before Start in node_modules/egg-watcher/lib/init.js:15:14",
    "start": 1562696151567,
    "end": 1562696151797,
    "duration": 230,
    "pid": 29389,
    "index": 59
  },
  {
    "name": "Before Start in node_modules/egg-mongoose/lib/mongoose.js:91:7",
    "start": 1562696151719,
    "end": 1562696151793,
    "duration": 74,
    "pid": 29389,
    "index": 60
  },
  {
    "name": "Before Start in node_modules/egg-mongoose/lib/mongoose.js:49:9",
    "start": 1562696151719,
    "end": 1562696151775,
    "duration": 56,
    "pid": 29389,
    "index": 61
  },
  {
    "name": "Load Service",
    "start": 1562696151719,
    "end": 1562696151722,
    "duration": 3,
    "pid": 29389,
    "index": 62
  },
  {
    "name": "Load \"service\" to Context",
    "start": 1562696151719,
    "end": 1562696151722,
    "duration": 3,
    "pid": 29389,
    "index": 63
  },
  {
    "name": "Load Middleware",
    "start": 1562696151723,
    "end": 1562696151753,
    "duration": 30,
    "pid": 29389,
    "index": 64
  },
  {
    "name": "Load \"middlewares\" to Application",
    "start": 1562696151723,
    "end": 1562696151749,
    "duration": 26,
    "pid": 29389,
    "index": 65
  },
  {
    "name": "Load Controller",
    "start": 1562696151754,
    "end": 1562696151755,
    "duration": 1,
    "pid": 29389,
    "index": 66
  },
  {
    "name": "Load \"controller\" to Application",
    "start": 1562696151754,
    "end": 1562696151755,
    "duration": 1,
    "pid": 29389,
    "index": 67
  },
  {
    "name": "Load Router",
    "start": 1562696151755,
    "end": 1562696151760,
    "duration": 5,
    "pid": 29389,
    "index": 68
  },
  {
    "name": "Require(50) app/router.js",
    "start": 1562696151755,
    "end": 1562696151755,
    "duration": 0,
    "pid": 29389,
    "index": 69
  },
  {
    "name": "Before Start in node_modules/egg-core/lib/egg.js:303:10",
    "start": 1562696151755,
    "end": 1562696151775,
    "duration": 20,
    "pid": 29389,
    "index": 70
  },
  {
    "name": "Load \"model\" to Application",
    "start": 1562696151767,
    "end": 1562696151775,
    "duration": 8,
    "pid": 29389,
    "index": 71
  }
]