[
  {
    "name": "Application Start",
    "start": 1562696027767,
    "end": 1562696028101,
    "duration": 334,
    "pid": 29352,
    "index": 0
  },
  {
    "name": "Load Plugin",
    "start": 1562696027770,
    "end": 1562696027776,
    "duration": 6,
    "pid": 29352,
    "index": 1
  },
  {
    "name": "Load Config",
    "start": 1562696027776,
    "end": 1562696027788,
    "duration": 12,
    "pid": 29352,
    "index": 2
  },
  {
    "name": "Require(0) config/config.default.js",
    "start": 1562696027776,
    "end": 1562696027776,
    "duration": 0,
    "pid": 29352,
    "index": 3
  },
  {
    "name": "Require(1) node_modules/egg-session/config/config.default.js",
    "start": 1562696027777,
    "end": 1562696027777,
    "duration": 0,
    "pid": 29352,
    "index": 4
  },
  {
    "name": "Require(2) node_modules/egg-security/config/config.default.js",
    "start": 1562696027777,
    "end": 1562696027778,
    "duration": 1,
    "pid": 29352,
    "index": 5
  },
  {
    "name": "Require(3) node_modules/egg-jsonp/config/config.default.js",
    "start": 1562696027778,
    "end": 1562696027778,
    "duration": 0,
    "pid": 29352,
    "index": 6
  },
  {
    "name": "Require(4) node_modules/egg-onerror/config/config.default.js",
    "start": 1562696027779,
    "end": 1562696027779,
    "duration": 0,
    "pid": 29352,
    "index": 7
  },
  {
    "name": "Require(5) node_modules/egg-i18n/config/config.default.js",
    "start": 1562696027779,
    "end": 1562696027779,
    "duration": 0,
    "pid": 29352,
    "index": 8
  },
  {
    "name": "Require(6) node_modules/egg-watcher/config/config.default.js",
    "start": 1562696027779,
    "end": 1562696027779,
    "duration": 0,
    "pid": 29352,
    "index": 9
  },
  {
    "name": "Require(7) node_modules/egg-schedule/config/config.default.js",
    "start": 1562696027780,
    "end": 1562696027780,
    "duration": 0,
    "pid": 29352,
    "index": 10
  },
  {
    "name": "Require(8) node_modules/egg-multipart/config/config.default.js",
    "start": 1562696027780,
    "end": 1562696027780,
    "duration": 0,
    "pid": 29352,
    "index": 11
  },
  {
    "name": "Require(9) node_modules/egg-development/config/config.default.js",
    "start": 1562696027780,
    "end": 1562696027781,
    "duration": 1,
    "pid": 29352,
    "index": 12
  },
  {
    "name": "Require(10) node_modules/egg-logrotator/config/config.default.js",
    "start": 1562696027781,
    "end": 1562696027781,
    "duration": 0,
    "pid": 29352,
    "index": 13
  },
  {
    "name": "Require(11) node_modules/egg-static/config/config.default.js",
    "start": 1562696027781,
    "end": 1562696027781,
    "duration": 0,
    "pid": 29352,
    "index": 14
  },
  {
    "name": "Require(12) node_modules/egg-view/config/config.default.js",
    "start": 1562696027781,
    "end": 1562696027782,
    "duration": 1,
    "pid": 29352,
    "index": 15
  },
  {
    "name": "Require(13) node_modules/egg-mongoose/config/config.default.js",
    "start": 1562696027782,
    "end": 1562696027782,
    "duration": 0,
    "pid": 29352,
    "index": 16
  },
  {
    "name": "Require(14) node_modules/egg-validate/config/config.default.js",
    "start": 1562696027782,
    "end": 1562696027782,
    "duration": 0,
    "pid": 29352,
    "index": 17
  },
  {
    "name": "Require(15) node_modules/egg/config/config.default.js",
    "start": 1562696027782,
    "end": 1562696027783,
    "duration": 1,
    "pid": 29352,
    "index": 18
  },
  {
    "name": "Require(16) config/config.default.js",
    "start": 1562696027786,
    "end": 1562696027786,
    "duration": 0,
    "pid": 29352,
    "index": 19
  },
  {
    "name": "Require(17) node_modules/egg-security/config/config.local.js",
    "start": 1562696027786,
    "end": 1562696027786,
    "duration": 0,
    "pid": 29352,
    "index": 20
  },
  {
    "name": "Require(18) node_modules/egg-watcher/config/config.local.js",
    "start": 1562696027786,
    "end": 1562696027787,
    "duration": 1,
    "pid": 29352,
    "index": 21
  },
  {
    "name": "Require(19) node_modules/egg-view/config/config.local.js",
    "start": 1562696027787,
    "end": 1562696027787,
    "duration": 0,
    "pid": 29352,
    "index": 22
  },
  {
    "name": "Require(20) node_modules/egg/config/config.local.js",
    "start": 1562696027787,
    "end": 1562696027788,
    "duration": 1,
    "pid": 29352,
    "index": 23
  },
  {
    "name": "Load extend/application.js",
    "start": 1562696027789,
    "end": 1562696027793,
    "duration": 4,
    "pid": 29352,
    "index": 24
  },
  {
    "name": "Require(21) node_modules/egg-session/app/extend/application.js",
    "start": 1562696027789,
    "end": 1562696027789,
    "duration": 0,
    "pid": 29352,
    "index": 25
  },
  {
    "name": "Require(22) node_modules/egg-security/app/extend/application.js",
    "start": 1562696027789,
    "end": 1562696027790,
    "duration": 1,
    "pid": 29352,
    "index": 26
  },
  {
    "name": "Require(23) node_modules/egg-jsonp/app/extend/application.js",
    "start": 1562696027790,
    "end": 1562696027790,
    "duration": 0,
    "pid": 29352,
    "index": 27
  },
  {
    "name": "Require(24) node_modules/egg-logrotator/app/extend/application.js",
    "start": 1562696027791,
    "end": 1562696027792,
    "duration": 1,
    "pid": 29352,
    "index": 28
  },
  {
    "name": "Require(25) node_modules/egg-view/app/extend/application.js",
    "start": 1562696027792,
    "end": 1562696027792,
    "duration": 0,
    "pid": 29352,
    "index": 29
  },
  {
    "name": "Load extend/request.js",
    "start": 1562696027793,
    "end": 1562696027801,
    "duration": 8,
    "pid": 29352,
    "index": 30
  },
  {
    "name": "Require(26) node_modules/egg/app/extend/request.js",
    "start": 1562696027794,
    "end": 1562696027795,
    "duration": 1,
    "pid": 29352,
    "index": 31
  },
  {
    "name": "Load extend/response.js",
    "start": 1562696027801,
    "end": 1562696027803,
    "duration": 2,
    "pid": 29352,
    "index": 32
  },
  {
    "name": "Require(27) node_modules/egg/app/extend/response.js",
    "start": 1562696027802,
    "end": 1562696027802,
    "duration": 0,
    "pid": 29352,
    "index": 33
  },
  {
    "name": "Load extend/context.js",
    "start": 1562696027803,
    "end": 1562696027828,
    "duration": 25,
    "pid": 29352,
    "index": 34
  },
  {
    "name": "Require(28) node_modules/egg-security/app/extend/context.js",
    "start": 1562696027803,
    "end": 1562696027806,
    "duration": 3,
    "pid": 29352,
    "index": 35
  },
  {
    "name": "Require(29) node_modules/egg-jsonp/app/extend/context.js",
    "start": 1562696027806,
    "end": 1562696027806,
    "duration": 0,
    "pid": 29352,
    "index": 36
  },
  {
    "name": "Require(30) node_modules/egg-i18n/app/extend/context.js",
    "start": 1562696027806,
    "end": 1562696027807,
    "duration": 1,
    "pid": 29352,
    "index": 37
  },
  {
    "name": "Require(31) node_modules/egg-multipart/app/extend/context.js",
    "start": 1562696027807,
    "end": 1562696027825,
    "duration": 18,
    "pid": 29352,
    "index": 38
  },
  {
    "name": "Require(32) node_modules/egg-view/app/extend/context.js",
    "start": 1562696027826,
    "end": 1562696027826,
    "duration": 0,
    "pid": 29352,
    "index": 39
  },
  {
    "name": "Require(33) node_modules/egg-mongoose/app/extend/context.js",
    "start": 1562696027826,
    "end": 1562696027826,
    "duration": 0,
    "pid": 29352,
    "index": 40
  },
  {
    "name": "Require(34) node_modules/egg-validate/app/extend/context.js",
    "start": 1562696027826,
    "end": 1562696027827,
    "duration": 1,
    "pid": 29352,
    "index": 41
  },
  {
    "name": "Require(35) node_modules/egg/app/extend/context.js",
    "start": 1562696027827,
    "end": 1562696027827,
    "duration": 0,
    "pid": 29352,
    "index": 42
  },
  {
    "name": "Load extend/helper.js",
    "start": 1562696027828,
    "end": 1562696027837,
    "duration": 9,
    "pid": 29352,
    "index": 43
  },
  {
    "name": "Require(36) node_modules/egg-security/app/extend/helper.js",
    "start": 1562696027828,
    "end": 1562696027835,
    "duration": 7,
    "pid": 29352,
    "index": 44
  },
  {
    "name": "Require(37) node_modules/egg/app/extend/helper.js",
    "start": 1562696027836,
    "end": 1562696027836,
    "duration": 0,
    "pid": 29352,
    "index": 45
  },
  {
    "name": "Load app.js",
    "start": 1562696027837,
    "end": 1562696027851,
    "duration": 14,
    "pid": 29352,
    "index": 46
  },
  {
    "name": "Require(38) node_modules/egg-session/app.js",
    "start": 1562696027837,
    "end": 1562696027837,
    "duration": 0,
    "pid": 29352,
    "index": 47
  },
  {
    "name": "Require(39) node_modules/egg-security/app.js",
    "start": 1562696027837,
    "end": 1562696027838,
    "duration": 1,
    "pid": 29352,
    "index": 48
  },
  {
    "name": "Require(40) node_modules/egg-onerror/app.js",
    "start": 1562696027838,
    "end": 1562696027841,
    "duration": 3,
    "pid": 29352,
    "index": 49
  },
  {
    "name": "Require(41) node_modules/egg-i18n/app.js",
    "start": 1562696027841,
    "end": 1562696027847,
    "duration": 6,
    "pid": 29352,
    "index": 50
  },
  {
    "name": "Require(42) node_modules/egg-watcher/app.js",
    "start": 1562696027847,
    "end": 1562696027848,
    "duration": 1,
    "pid": 29352,
    "index": 51
  },
  {
    "name": "Require(43) node_modules/egg-schedule/app.js",
    "start": 1562696027848,
    "end": 1562696027848,
    "duration": 0,
    "pid": 29352,
    "index": 52
  },
  {
    "name": "Require(44) node_modules/egg-multipart/app.js",
    "start": 1562696027848,
    "end": 1562696027849,
    "duration": 1,
    "pid": 29352,
    "index": 53
  },
  {
    "name": "Require(45) node_modules/egg-development/app.js",
    "start": 1562696027849,
    "end": 1562696027850,
    "duration": 1,
    "pid": 29352,
    "index": 54
  },
  {
    "name": "Require(46) node_modules/egg-logrotator/app.js",
    "start": 1562696027850,
    "end": 1562696027850,
    "duration": 0,
    "pid": 29352,
    "index": 55
  },
  {
    "name": "Require(47) node_modules/egg-static/app.js",
    "start": 1562696027850,
    "end": 1562696027850,
    "duration": 0,
    "pid": 29352,
    "index": 56
  },
  {
    "name": "Require(48) node_modules/egg-mongoose/app.js",
    "start": 1562696027850,
    "end": 1562696027850,
    "duration": 0,
    "pid": 29352,
    "index": 57
  },
  {
    "name": "Require(49) node_modules/egg-validate/app.js",
    "start": 1562696027850,
    "end": 1562696027851,
    "duration": 1,
    "pid": 29352,
    "index": 58
  },
  {
    "name": "Before Start in node_modules/egg-watcher/lib/init.js:15:14",
    "start": 1562696027858,
    "end": 1562696028101,
    "duration": 243,
    "pid": 29352,
    "index": 59
  },
  {
    "name": "Before Start in node_modules/egg-mongoose/lib/mongoose.js:91:7",
    "start": 1562696028024,
    "end": 1562696028097,
    "duration": 73,
    "pid": 29352,
    "index": 60
  },
  {
    "name": "Before Start in node_modules/egg-mongoose/lib/mongoose.js:49:9",
    "start": 1562696028024,
    "end": 1562696028081,
    "duration": 57,
    "pid": 29352,
    "index": 61
  },
  {
    "name": "Load Service",
    "start": 1562696028025,
    "end": 1562696028027,
    "duration": 2,
    "pid": 29352,
    "index": 62
  },
  {
    "name": "Load \"service\" to Context",
    "start": 1562696028025,
    "end": 1562696028027,
    "duration": 2,
    "pid": 29352,
    "index": 63
  },
  {
    "name": "Load Middleware",
    "start": 1562696028028,
    "end": 1562696028060,
    "duration": 32,
    "pid": 29352,
    "index": 64
  },
  {
    "name": "Load \"middlewares\" to Application",
    "start": 1562696028028,
    "end": 1562696028055,
    "duration": 27,
    "pid": 29352,
    "index": 65
  },
  {
    "name": "Load Controller",
    "start": 1562696028060,
    "end": 1562696028062,
    "duration": 2,
    "pid": 29352,
    "index": 66
  },
  {
    "name": "Load \"controller\" to Application",
    "start": 1562696028060,
    "end": 1562696028062,
    "duration": 2,
    "pid": 29352,
    "index": 67
  },
  {
    "name": "Load Router",
    "start": 1562696028062,
    "end": 1562696028065,
    "duration": 3,
    "pid": 29352,
    "index": 68
  },
  {
    "name": "Require(50) app/router.js",
    "start": 1562696028062,
    "end": 1562696028062,
    "duration": 0,
    "pid": 29352,
    "index": 69
  },
  {
    "name": "Before Start in node_modules/egg-core/lib/egg.js:303:10",
    "start": 1562696028063,
    "end": 1562696028081,
    "duration": 18,
    "pid": 29352,
    "index": 70
  },
  {
    "name": "Load \"model\" to Application",
    "start": 1562696028074,
    "end": 1562696028081,
    "duration": 7,
    "pid": 29352,
    "index": 71
  }
]