[
  {
    "name": "Application Start",
    "start": 1562696470169,
    "end": 1562696470534,
    "duration": 365,
    "pid": 29508,
    "index": 0
  },
  {
    "name": "Load Plugin",
    "start": 1562696470173,
    "end": 1562696470179,
    "duration": 6,
    "pid": 29508,
    "index": 1
  },
  {
    "name": "Load Config",
    "start": 1562696470179,
    "end": 1562696470191,
    "duration": 12,
    "pid": 29508,
    "index": 2
  },
  {
    "name": "Require(0) config/config.default.js",
    "start": 1562696470179,
    "end": 1562696470180,
    "duration": 1,
    "pid": 29508,
    "index": 3
  },
  {
    "name": "Require(1) node_modules/egg-session/config/config.default.js",
    "start": 1562696470180,
    "end": 1562696470181,
    "duration": 1,
    "pid": 29508,
    "index": 4
  },
  {
    "name": "Require(2) node_modules/egg-security/config/config.default.js",
    "start": 1562696470181,
    "end": 1562696470181,
    "duration": 0,
    "pid": 29508,
    "index": 5
  },
  {
    "name": "Require(3) node_modules/egg-jsonp/config/config.default.js",
    "start": 1562696470181,
    "end": 1562696470182,
    "duration": 1,
    "pid": 29508,
    "index": 6
  },
  {
    "name": "Require(4) node_modules/egg-onerror/config/config.default.js",
    "start": 1562696470182,
    "end": 1562696470182,
    "duration": 0,
    "pid": 29508,
    "index": 7
  },
  {
    "name": "Require(5) node_modules/egg-i18n/config/config.default.js",
    "start": 1562696470182,
    "end": 1562696470182,
    "duration": 0,
    "pid": 29508,
    "index": 8
  },
  {
    "name": "Require(6) node_modules/egg-watcher/config/config.default.js",
    "start": 1562696470182,
    "end": 1562696470183,
    "duration": 1,
    "pid": 29508,
    "index": 9
  },
  {
    "name": "Require(7) node_modules/egg-schedule/config/config.default.js",
    "start": 1562696470183,
    "end": 1562696470183,
    "duration": 0,
    "pid": 29508,
    "index": 10
  },
  {
    "name": "Require(8) node_modules/egg-multipart/config/config.default.js",
    "start": 1562696470183,
    "end": 1562696470183,
    "duration": 0,
    "pid": 29508,
    "index": 11
  },
  {
    "name": "Require(9) node_modules/egg-development/config/config.default.js",
    "start": 1562696470184,
    "end": 1562696470184,
    "duration": 0,
    "pid": 29508,
    "index": 12
  },
  {
    "name": "Require(10) node_modules/egg-logrotator/config/config.default.js",
    "start": 1562696470184,
    "end": 1562696470184,
    "duration": 0,
    "pid": 29508,
    "index": 13
  },
  {
    "name": "Require(11) node_modules/egg-static/config/config.default.js",
    "start": 1562696470184,
    "end": 1562696470186,
    "duration": 2,
    "pid": 29508,
    "index": 14
  },
  {
    "name": "Require(12) node_modules/egg-view/config/config.default.js",
    "start": 1562696470187,
    "end": 1562696470187,
    "duration": 0,
    "pid": 29508,
    "index": 15
  },
  {
    "name": "Require(13) node_modules/egg-mongoose/config/config.default.js",
    "start": 1562696470187,
    "end": 1562696470187,
    "duration": 0,
    "pid": 29508,
    "index": 16
  },
  {
    "name": "Require(14) node_modules/egg-validate/config/config.default.js",
    "start": 1562696470188,
    "end": 1562696470188,
    "duration": 0,
    "pid": 29508,
    "index": 17
  },
  {
    "name": "Require(15) node_modules/egg/config/config.default.js",
    "start": 1562696470188,
    "end": 1562696470188,
    "duration": 0,
    "pid": 29508,
    "index": 18
  },
  {
    "name": "Require(16) config/config.default.js",
    "start": 1562696470189,
    "end": 1562696470189,
    "duration": 0,
    "pid": 29508,
    "index": 19
  },
  {
    "name": "Require(17) node_modules/egg-security/config/config.local.js",
    "start": 1562696470190,
    "end": 1562696470190,
    "duration": 0,
    "pid": 29508,
    "index": 20
  },
  {
    "name": "Require(18) node_modules/egg-watcher/config/config.local.js",
    "start": 1562696470190,
    "end": 1562696470190,
    "duration": 0,
    "pid": 29508,
    "index": 21
  },
  {
    "name": "Require(19) node_modules/egg-view/config/config.local.js",
    "start": 1562696470191,
    "end": 1562696470191,
    "duration": 0,
    "pid": 29508,
    "index": 22
  },
  {
    "name": "Require(20) node_modules/egg/config/config.local.js",
    "start": 1562696470191,
    "end": 1562696470191,
    "duration": 0,
    "pid": 29508,
    "index": 23
  },
  {
    "name": "Load extend/application.js",
    "start": 1562696470192,
    "end": 1562696470197,
    "duration": 5,
    "pid": 29508,
    "index": 24
  },
  {
    "name": "Require(21) node_modules/egg-session/app/extend/application.js",
    "start": 1562696470193,
    "end": 1562696470193,
    "duration": 0,
    "pid": 29508,
    "index": 25
  },
  {
    "name": "Require(22) node_modules/egg-security/app/extend/application.js",
    "start": 1562696470193,
    "end": 1562696470193,
    "duration": 0,
    "pid": 29508,
    "index": 26
  },
  {
    "name": "Require(23) node_modules/egg-jsonp/app/extend/application.js",
    "start": 1562696470193,
    "end": 1562696470194,
    "duration": 1,
    "pid": 29508,
    "index": 27
  },
  {
    "name": "Require(24) node_modules/egg-logrotator/app/extend/application.js",
    "start": 1562696470195,
    "end": 1562696470195,
    "duration": 0,
    "pid": 29508,
    "index": 28
  },
  {
    "name": "Require(25) node_modules/egg-view/app/extend/application.js",
    "start": 1562696470195,
    "end": 1562696470196,
    "duration": 1,
    "pid": 29508,
    "index": 29
  },
  {
    "name": "Load extend/request.js",
    "start": 1562696470197,
    "end": 1562696470204,
    "duration": 7,
    "pid": 29508,
    "index": 30
  },
  {
    "name": "Require(26) node_modules/egg/app/extend/request.js",
    "start": 1562696470202,
    "end": 1562696470203,
    "duration": 1,
    "pid": 29508,
    "index": 31
  },
  {
    "name": "Load extend/response.js",
    "start": 1562696470204,
    "end": 1562696470205,
    "duration": 1,
    "pid": 29508,
    "index": 32
  },
  {
    "name": "Require(27) node_modules/egg/app/extend/response.js",
    "start": 1562696470204,
    "end": 1562696470204,
    "duration": 0,
    "pid": 29508,
    "index": 33
  },
  {
    "name": "Load extend/context.js",
    "start": 1562696470205,
    "end": 1562696470230,
    "duration": 25,
    "pid": 29508,
    "index": 34
  },
  {
    "name": "Require(28) node_modules/egg-security/app/extend/context.js",
    "start": 1562696470205,
    "end": 1562696470208,
    "duration": 3,
    "pid": 29508,
    "index": 35
  },
  {
    "name": "Require(29) node_modules/egg-jsonp/app/extend/context.js",
    "start": 1562696470208,
    "end": 1562696470209,
    "duration": 1,
    "pid": 29508,
    "index": 36
  },
  {
    "name": "Require(30) node_modules/egg-i18n/app/extend/context.js",
    "start": 1562696470209,
    "end": 1562696470209,
    "duration": 0,
    "pid": 29508,
    "index": 37
  },
  {
    "name": "Require(31) node_modules/egg-multipart/app/extend/context.js",
    "start": 1562696470209,
    "end": 1562696470228,
    "duration": 19,
    "pid": 29508,
    "index": 38
  },
  {
    "name": "Require(32) node_modules/egg-view/app/extend/context.js",
    "start": 1562696470228,
    "end": 1562696470228,
    "duration": 0,
    "pid": 29508,
    "index": 39
  },
  {
    "name": "Require(33) node_modules/egg-mongoose/app/extend/context.js",
    "start": 1562696470228,
    "end": 1562696470228,
    "duration": 0,
    "pid": 29508,
    "index": 40
  },
  {
    "name": "Require(34) node_modules/egg-validate/app/extend/context.js",
    "start": 1562696470229,
    "end": 1562696470229,
    "duration": 0,
    "pid": 29508,
    "index": 41
  },
  {
    "name": "Require(35) node_modules/egg/app/extend/context.js",
    "start": 1562696470229,
    "end": 1562696470229,
    "duration": 0,
    "pid": 29508,
    "index": 42
  },
  {
    "name": "Load extend/helper.js",
    "start": 1562696470230,
    "end": 1562696470237,
    "duration": 7,
    "pid": 29508,
    "index": 43
  },
  {
    "name": "Require(36) node_modules/egg-security/app/extend/helper.js",
    "start": 1562696470230,
    "end": 1562696470236,
    "duration": 6,
    "pid": 29508,
    "index": 44
  },
  {
    "name": "Require(37) node_modules/egg/app/extend/helper.js",
    "start": 1562696470236,
    "end": 1562696470237,
    "duration": 1,
    "pid": 29508,
    "index": 45
  },
  {
    "name": "Load app.js",
    "start": 1562696470238,
    "end": 1562696470252,
    "duration": 14,
    "pid": 29508,
    "index": 46
  },
  {
    "name": "Require(38) node_modules/egg-session/app.js",
    "start": 1562696470238,
    "end": 1562696470238,
    "duration": 0,
    "pid": 29508,
    "index": 47
  },
  {
    "name": "Require(39) node_modules/egg-security/app.js",
    "start": 1562696470238,
    "end": 1562696470238,
    "duration": 0,
    "pid": 29508,
    "index": 48
  },
  {
    "name": "Require(40) node_modules/egg-onerror/app.js",
    "start": 1562696470239,
    "end": 1562696470242,
    "duration": 3,
    "pid": 29508,
    "index": 49
  },
  {
    "name": "Require(41) node_modules/egg-i18n/app.js",
    "start": 1562696470242,
    "end": 1562696470247,
    "duration": 5,
    "pid": 29508,
    "index": 50
  },
  {
    "name": "Require(42) node_modules/egg-watcher/app.js",
    "start": 1562696470247,
    "end": 1562696470248,
    "duration": 1,
    "pid": 29508,
    "index": 51
  },
  {
    "name": "Require(43) node_modules/egg-schedule/app.js",
    "start": 1562696470248,
    "end": 1562696470249,
    "duration": 1,
    "pid": 29508,
    "index": 52
  },
  {
    "name": "Require(44) node_modules/egg-multipart/app.js",
    "start": 1562696470249,
    "end": 1562696470250,
    "duration": 1,
    "pid": 29508,
    "index": 53
  },
  {
    "name": "Require(45) node_modules/egg-development/app.js",
    "start": 1562696470250,
    "end": 1562696470250,
    "duration": 0,
    "pid": 29508,
    "index": 54
  },
  {
    "name": "Require(46) node_modules/egg-logrotator/app.js",
    "start": 1562696470250,
    "end": 1562696470250,
    "duration": 0,
    "pid": 29508,
    "index": 55
  },
  {
    "name": "Require(47) node_modules/egg-static/app.js",
    "start": 1562696470250,
    "end": 1562696470250,
    "duration": 0,
    "pid": 29508,
    "index": 56
  },
  {
    "name": "Require(48) node_modules/egg-mongoose/app.js",
    "start": 1562696470250,
    "end": 1562696470250,
    "duration": 0,
    "pid": 29508,
    "index": 57
  },
  {
    "name": "Require(49) node_modules/egg-validate/app.js",
    "start": 1562696470251,
    "end": 1562696470251,
    "duration": 0,
    "pid": 29508,
    "index": 58
  },
  {
    "name": "Before Start in node_modules/egg-watcher/lib/init.js:15:14",
    "start": 1562696470259,
    "end": 1562696470534,
    "duration": 275,
    "pid": 29508,
    "index": 59
  },
  {
    "name": "Before Start in node_modules/egg-mongoose/lib/mongoose.js:91:7",
    "start": 1562696470452,
    "end": 1562696470530,
    "duration": 78,
    "pid": 29508,
    "index": 60
  },
  {
    "name": "Before Start in node_modules/egg-mongoose/lib/mongoose.js:49:9",
    "start": 1562696470453,
    "end": 1562696470513,
    "duration": 60,
    "pid": 29508,
    "index": 61
  },
  {
    "name": "Load Service",
    "start": 1562696470453,
    "end": 1562696470456,
    "duration": 3,
    "pid": 29508,
    "index": 62
  },
  {
    "name": "Load \"service\" to Context",
    "start": 1562696470453,
    "end": 1562696470456,
    "duration": 3,
    "pid": 29508,
    "index": 63
  },
  {
    "name": "Load Middleware",
    "start": 1562696470457,
    "end": 1562696470490,
    "duration": 33,
    "pid": 29508,
    "index": 64
  },
  {
    "name": "Load \"middlewares\" to Application",
    "start": 1562696470457,
    "end": 1562696470485,
    "duration": 28,
    "pid": 29508,
    "index": 65
  },
  {
    "name": "Load Controller",
    "start": 1562696470490,
    "end": 1562696470496,
    "duration": 6,
    "pid": 29508,
    "index": 66
  },
  {
    "name": "Load \"controller\" to Application",
    "start": 1562696470490,
    "end": 1562696470496,
    "duration": 6,
    "pid": 29508,
    "index": 67
  },
  {
    "name": "Load Router",
    "start": 1562696470496,
    "end": 1562696470500,
    "duration": 4,
    "pid": 29508,
    "index": 68
  },
  {
    "name": "Require(50) app/router.js",
    "start": 1562696470496,
    "end": 1562696470497,
    "duration": 1,
    "pid": 29508,
    "index": 69
  },
  {
    "name": "Before Start in node_modules/egg-core/lib/egg.js:303:10",
    "start": 1562696470497,
    "end": 1562696470513,
    "duration": 16,
    "pid": 29508,
    "index": 70
  },
  {
    "name": "Load \"model\" to Application",
    "start": 1562696470506,
    "end": 1562696470513,
    "duration": 7,
    "pid": 29508,
    "index": 71
  }
]