[
  {
    "name": "Application Start",
    "start": 1562696495289,
    "end": 1562696495638,
    "duration": 349,
    "pid": 29528,
    "index": 0
  },
  {
    "name": "Load Plugin",
    "start": 1562696495292,
    "end": 1562696495298,
    "duration": 6,
    "pid": 29528,
    "index": 1
  },
  {
    "name": "Load Config",
    "start": 1562696495299,
    "end": 1562696495310,
    "duration": 11,
    "pid": 29528,
    "index": 2
  },
  {
    "name": "Require(0) config/config.default.js",
    "start": 1562696495299,
    "end": 1562696495299,
    "duration": 0,
    "pid": 29528,
    "index": 3
  },
  {
    "name": "Require(1) node_modules/egg-session/config/config.default.js",
    "start": 1562696495300,
    "end": 1562696495300,
    "duration": 0,
    "pid": 29528,
    "index": 4
  },
  {
    "name": "Require(2) node_modules/egg-security/config/config.default.js",
    "start": 1562696495300,
    "end": 1562696495300,
    "duration": 0,
    "pid": 29528,
    "index": 5
  },
  {
    "name": "Require(3) node_modules/egg-jsonp/config/config.default.js",
    "start": 1562696495301,
    "end": 1562696495301,
    "duration": 0,
    "pid": 29528,
    "index": 6
  },
  {
    "name": "Require(4) node_modules/egg-onerror/config/config.default.js",
    "start": 1562696495301,
    "end": 1562696495301,
    "duration": 0,
    "pid": 29528,
    "index": 7
  },
  {
    "name": "Require(5) node_modules/egg-i18n/config/config.default.js",
    "start": 1562696495301,
    "end": 1562696495302,
    "duration": 1,
    "pid": 29528,
    "index": 8
  },
  {
    "name": "Require(6) node_modules/egg-watcher/config/config.default.js",
    "start": 1562696495302,
    "end": 1562696495302,
    "duration": 0,
    "pid": 29528,
    "index": 9
  },
  {
    "name": "Require(7) node_modules/egg-schedule/config/config.default.js",
    "start": 1562696495302,
    "end": 1562696495302,
    "duration": 0,
    "pid": 29528,
    "index": 10
  },
  {
    "name": "Require(8) node_modules/egg-multipart/config/config.default.js",
    "start": 1562696495303,
    "end": 1562696495303,
    "duration": 0,
    "pid": 29528,
    "index": 11
  },
  {
    "name": "Require(9) node_modules/egg-development/config/config.default.js",
    "start": 1562696495303,
    "end": 1562696495303,
    "duration": 0,
    "pid": 29528,
    "index": 12
  },
  {
    "name": "Require(10) node_modules/egg-logrotator/config/config.default.js",
    "start": 1562696495303,
    "end": 1562696495304,
    "duration": 1,
    "pid": 29528,
    "index": 13
  },
  {
    "name": "Require(11) node_modules/egg-static/config/config.default.js",
    "start": 1562696495304,
    "end": 1562696495304,
    "duration": 0,
    "pid": 29528,
    "index": 14
  },
  {
    "name": "Require(12) node_modules/egg-view/config/config.default.js",
    "start": 1562696495304,
    "end": 1562696495304,
    "duration": 0,
    "pid": 29528,
    "index": 15
  },
  {
    "name": "Require(13) node_modules/egg-mongoose/config/config.default.js",
    "start": 1562696495304,
    "end": 1562696495305,
    "duration": 1,
    "pid": 29528,
    "index": 16
  },
  {
    "name": "Require(14) node_modules/egg-validate/config/config.default.js",
    "start": 1562696495305,
    "end": 1562696495305,
    "duration": 0,
    "pid": 29528,
    "index": 17
  },
  {
    "name": "Require(15) node_modules/egg/config/config.default.js",
    "start": 1562696495305,
    "end": 1562696495305,
    "duration": 0,
    "pid": 29528,
    "index": 18
  },
  {
    "name": "Require(16) config/config.default.js",
    "start": 1562696495308,
    "end": 1562696495308,
    "duration": 0,
    "pid": 29528,
    "index": 19
  },
  {
    "name": "Require(17) node_modules/egg-security/config/config.local.js",
    "start": 1562696495308,
    "end": 1562696495308,
    "duration": 0,
    "pid": 29528,
    "index": 20
  },
  {
    "name": "Require(18) node_modules/egg-watcher/config/config.local.js",
    "start": 1562696495309,
    "end": 1562696495309,
    "duration": 0,
    "pid": 29528,
    "index": 21
  },
  {
    "name": "Require(19) node_modules/egg-view/config/config.local.js",
    "start": 1562696495309,
    "end": 1562696495309,
    "duration": 0,
    "pid": 29528,
    "index": 22
  },
  {
    "name": "Require(20) node_modules/egg/config/config.local.js",
    "start": 1562696495310,
    "end": 1562696495310,
    "duration": 0,
    "pid": 29528,
    "index": 23
  },
  {
    "name": "Load extend/application.js",
    "start": 1562696495311,
    "end": 1562696495316,
    "duration": 5,
    "pid": 29528,
    "index": 24
  },
  {
    "name": "Require(21) node_modules/egg-session/app/extend/application.js",
    "start": 1562696495312,
    "end": 1562696495312,
    "duration": 0,
    "pid": 29528,
    "index": 25
  },
  {
    "name": "Require(22) node_modules/egg-security/app/extend/application.js",
    "start": 1562696495312,
    "end": 1562696495312,
    "duration": 0,
    "pid": 29528,
    "index": 26
  },
  {
    "name": "Require(23) node_modules/egg-jsonp/app/extend/application.js",
    "start": 1562696495312,
    "end": 1562696495313,
    "duration": 1,
    "pid": 29528,
    "index": 27
  },
  {
    "name": "Require(24) node_modules/egg-logrotator/app/extend/application.js",
    "start": 1562696495314,
    "end": 1562696495314,
    "duration": 0,
    "pid": 29528,
    "index": 28
  },
  {
    "name": "Require(25) node_modules/egg-view/app/extend/application.js",
    "start": 1562696495314,
    "end": 1562696495315,
    "duration": 1,
    "pid": 29528,
    "index": 29
  },
  {
    "name": "Load extend/request.js",
    "start": 1562696495316,
    "end": 1562696495323,
    "duration": 7,
    "pid": 29528,
    "index": 30
  },
  {
    "name": "Require(26) node_modules/egg/app/extend/request.js",
    "start": 1562696495316,
    "end": 1562696495317,
    "duration": 1,
    "pid": 29528,
    "index": 31
  },
  {
    "name": "Load extend/response.js",
    "start": 1562696495323,
    "end": 1562696495325,
    "duration": 2,
    "pid": 29528,
    "index": 32
  },
  {
    "name": "Require(27) node_modules/egg/app/extend/response.js",
    "start": 1562696495324,
    "end": 1562696495324,
    "duration": 0,
    "pid": 29528,
    "index": 33
  },
  {
    "name": "Load extend/context.js",
    "start": 1562696495325,
    "end": 1562696495352,
    "duration": 27,
    "pid": 29528,
    "index": 34
  },
  {
    "name": "Require(28) node_modules/egg-security/app/extend/context.js",
    "start": 1562696495325,
    "end": 1562696495329,
    "duration": 4,
    "pid": 29528,
    "index": 35
  },
  {
    "name": "Require(29) node_modules/egg-jsonp/app/extend/context.js",
    "start": 1562696495329,
    "end": 1562696495329,
    "duration": 0,
    "pid": 29528,
    "index": 36
  },
  {
    "name": "Require(30) node_modules/egg-i18n/app/extend/context.js",
    "start": 1562696495329,
    "end": 1562696495329,
    "duration": 0,
    "pid": 29528,
    "index": 37
  },
  {
    "name": "Require(31) node_modules/egg-multipart/app/extend/context.js",
    "start": 1562696495330,
    "end": 1562696495349,
    "duration": 19,
    "pid": 29528,
    "index": 38
  },
  {
    "name": "Require(32) node_modules/egg-view/app/extend/context.js",
    "start": 1562696495349,
    "end": 1562696495350,
    "duration": 1,
    "pid": 29528,
    "index": 39
  },
  {
    "name": "Require(33) node_modules/egg-mongoose/app/extend/context.js",
    "start": 1562696495350,
    "end": 1562696495350,
    "duration": 0,
    "pid": 29528,
    "index": 40
  },
  {
    "name": "Require(34) node_modules/egg-validate/app/extend/context.js",
    "start": 1562696495350,
    "end": 1562696495351,
    "duration": 1,
    "pid": 29528,
    "index": 41
  },
  {
    "name": "Require(35) node_modules/egg/app/extend/context.js",
    "start": 1562696495351,
    "end": 1562696495351,
    "duration": 0,
    "pid": 29528,
    "index": 42
  },
  {
    "name": "Load extend/helper.js",
    "start": 1562696495352,
    "end": 1562696495360,
    "duration": 8,
    "pid": 29528,
    "index": 43
  },
  {
    "name": "Require(36) node_modules/egg-security/app/extend/helper.js",
    "start": 1562696495352,
    "end": 1562696495359,
    "duration": 7,
    "pid": 29528,
    "index": 44
  },
  {
    "name": "Require(37) node_modules/egg/app/extend/helper.js",
    "start": 1562696495360,
    "end": 1562696495360,
    "duration": 0,
    "pid": 29528,
    "index": 45
  },
  {
    "name": "Load app.js",
    "start": 1562696495361,
    "end": 1562696495376,
    "duration": 15,
    "pid": 29528,
    "index": 46
  },
  {
    "name": "Require(38) node_modules/egg-session/app.js",
    "start": 1562696495361,
    "end": 1562696495361,
    "duration": 0,
    "pid": 29528,
    "index": 47
  },
  {
    "name": "Require(39) node_modules/egg-security/app.js",
    "start": 1562696495361,
    "end": 1562696495362,
    "duration": 1,
    "pid": 29528,
    "index": 48
  },
  {
    "name": "Require(40) node_modules/egg-onerror/app.js",
    "start": 1562696495362,
    "end": 1562696495365,
    "duration": 3,
    "pid": 29528,
    "index": 49
  },
  {
    "name": "Require(41) node_modules/egg-i18n/app.js",
    "start": 1562696495365,
    "end": 1562696495371,
    "duration": 6,
    "pid": 29528,
    "index": 50
  },
  {
    "name": "Require(42) node_modules/egg-watcher/app.js",
    "start": 1562696495371,
    "end": 1562696495372,
    "duration": 1,
    "pid": 29528,
    "index": 51
  },
  {
    "name": "Require(43) node_modules/egg-schedule/app.js",
    "start": 1562696495372,
    "end": 1562696495373,
    "duration": 1,
    "pid": 29528,
    "index": 52
  },
  {
    "name": "Require(44) node_modules/egg-multipart/app.js",
    "start": 1562696495373,
    "end": 1562696495374,
    "duration": 1,
    "pid": 29528,
    "index": 53
  },
  {
    "name": "Require(45) node_modules/egg-development/app.js",
    "start": 1562696495374,
    "end": 1562696495374,
    "duration": 0,
    "pid": 29528,
    "index": 54
  },
  {
    "name": "Require(46) node_modules/egg-logrotator/app.js",
    "start": 1562696495374,
    "end": 1562696495375,
    "duration": 1,
    "pid": 29528,
    "index": 55
  },
  {
    "name": "Require(47) node_modules/egg-static/app.js",
    "start": 1562696495375,
    "end": 1562696495375,
    "duration": 0,
    "pid": 29528,
    "index": 56
  },
  {
    "name": "Require(48) node_modules/egg-mongoose/app.js",
    "start": 1562696495375,
    "end": 1562696495375,
    "duration": 0,
    "pid": 29528,
    "index": 57
  },
  {
    "name": "Require(49) node_modules/egg-validate/app.js",
    "start": 1562696495375,
    "end": 1562696495376,
    "duration": 1,
    "pid": 29528,
    "index": 58
  },
  {
    "name": "Before Start in node_modules/egg-watcher/lib/init.js:15:14",
    "start": 1562696495384,
    "end": 1562696495638,
    "duration": 254,
    "pid": 29528,
    "index": 59
  },
  {
    "name": "Before Start in node_modules/egg-mongoose/lib/mongoose.js:91:7",
    "start": 1562696495557,
    "end": 1562696495634,
    "duration": 77,
    "pid": 29528,
    "index": 60
  },
  {
    "name": "Before Start in node_modules/egg-mongoose/lib/mongoose.js:49:9",
    "start": 1562696495557,
    "end": 1562696495617,
    "duration": 60,
    "pid": 29528,
    "index": 61
  },
  {
    "name": "Load Service",
    "start": 1562696495557,
    "end": 1562696495560,
    "duration": 3,
    "pid": 29528,
    "index": 62
  },
  {
    "name": "Load \"service\" to Context",
    "start": 1562696495557,
    "end": 1562696495560,
    "duration": 3,
    "pid": 29528,
    "index": 63
  },
  {
    "name": "Load Middleware",
    "start": 1562696495560,
    "end": 1562696495595,
    "duration": 35,
    "pid": 29528,
    "index": 64
  },
  {
    "name": "Load \"middlewares\" to Application",
    "start": 1562696495560,
    "end": 1562696495590,
    "duration": 30,
    "pid": 29528,
    "index": 65
  },
  {
    "name": "Load Controller",
    "start": 1562696495595,
    "end": 1562696495600,
    "duration": 5,
    "pid": 29528,
    "index": 66
  },
  {
    "name": "Load \"controller\" to Application",
    "start": 1562696495595,
    "end": 1562696495600,
    "duration": 5,
    "pid": 29528,
    "index": 67
  },
  {
    "name": "Load Router",
    "start": 1562696495600,
    "end": 1562696495604,
    "duration": 4,
    "pid": 29528,
    "index": 68
  },
  {
    "name": "Require(50) app/router.js",
    "start": 1562696495600,
    "end": 1562696495600,
    "duration": 0,
    "pid": 29528,
    "index": 69
  },
  {
    "name": "Before Start in node_modules/egg-core/lib/egg.js:303:10",
    "start": 1562696495600,
    "end": 1562696495617,
    "duration": 17,
    "pid": 29528,
    "index": 70
  },
  {
    "name": "Load \"model\" to Application",
    "start": 1562696495609,
    "end": 1562696495617,
    "duration": 8,
    "pid": 29528,
    "index": 71
  }
]