[
  {
    "name": "Application Start",
    "start": 1562699424285,
    "end": 1562699424628,
    "duration": 343,
    "pid": 30512,
    "index": 0
  },
  {
    "name": "Load Plugin",
    "start": 1562699424288,
    "end": 1562699424294,
    "duration": 6,
    "pid": 30512,
    "index": 1
  },
  {
    "name": "Load Config",
    "start": 1562699424294,
    "end": 1562699424307,
    "duration": 13,
    "pid": 30512,
    "index": 2
  },
  {
    "name": "Require(0) config/config.default.js",
    "start": 1562699424294,
    "end": 1562699424295,
    "duration": 1,
    "pid": 30512,
    "index": 3
  },
  {
    "name": "Require(1) node_modules/egg-session/config/config.default.js",
    "start": 1562699424296,
    "end": 1562699424296,
    "duration": 0,
    "pid": 30512,
    "index": 4
  },
  {
    "name": "Require(2) node_modules/egg-security/config/config.default.js",
    "start": 1562699424296,
    "end": 1562699424296,
    "duration": 0,
    "pid": 30512,
    "index": 5
  },
  {
    "name": "Require(3) node_modules/egg-jsonp/config/config.default.js",
    "start": 1562699424297,
    "end": 1562699424297,
    "duration": 0,
    "pid": 30512,
    "index": 6
  },
  {
    "name": "Require(4) node_modules/egg-onerror/config/config.default.js",
    "start": 1562699424297,
    "end": 1562699424297,
    "duration": 0,
    "pid": 30512,
    "index": 7
  },
  {
    "name": "Require(5) node_modules/egg-i18n/config/config.default.js",
    "start": 1562699424298,
    "end": 1562699424298,
    "duration": 0,
    "pid": 30512,
    "index": 8
  },
  {
    "name": "Require(6) node_modules/egg-watcher/config/config.default.js",
    "start": 1562699424298,
    "end": 1562699424298,
    "duration": 0,
    "pid": 30512,
    "index": 9
  },
  {
    "name": "Require(7) node_modules/egg-schedule/config/config.default.js",
    "start": 1562699424298,
    "end": 1562699424298,
    "duration": 0,
    "pid": 30512,
    "index": 10
  },
  {
    "name": "Require(8) node_modules/egg-multipart/config/config.default.js",
    "start": 1562699424299,
    "end": 1562699424299,
    "duration": 0,
    "pid": 30512,
    "index": 11
  },
  {
    "name": "Require(9) node_modules/egg-development/config/config.default.js",
    "start": 1562699424299,
    "end": 1562699424299,
    "duration": 0,
    "pid": 30512,
    "index": 12
  },
  {
    "name": "Require(10) node_modules/egg-logrotator/config/config.default.js",
    "start": 1562699424299,
    "end": 1562699424300,
    "duration": 1,
    "pid": 30512,
    "index": 13
  },
  {
    "name": "Require(11) node_modules/egg-static/config/config.default.js",
    "start": 1562699424300,
    "end": 1562699424300,
    "duration": 0,
    "pid": 30512,
    "index": 14
  },
  {
    "name": "Require(12) node_modules/egg-view/config/config.default.js",
    "start": 1562699424300,
    "end": 1562699424300,
    "duration": 0,
    "pid": 30512,
    "index": 15
  },
  {
    "name": "Require(13) node_modules/egg-mongoose/config/config.default.js",
    "start": 1562699424300,
    "end": 1562699424300,
    "duration": 0,
    "pid": 30512,
    "index": 16
  },
  {
    "name": "Require(14) node_modules/egg-validate/config/config.default.js",
    "start": 1562699424301,
    "end": 1562699424301,
    "duration": 0,
    "pid": 30512,
    "index": 17
  },
  {
    "name": "Require(15) node_modules/egg/config/config.default.js",
    "start": 1562699424301,
    "end": 1562699424301,
    "duration": 0,
    "pid": 30512,
    "index": 18
  },
  {
    "name": "Require(16) config/config.default.js",
    "start": 1562699424304,
    "end": 1562699424304,
    "duration": 0,
    "pid": 30512,
    "index": 19
  },
  {
    "name": "Require(17) node_modules/egg-security/config/config.local.js",
    "start": 1562699424304,
    "end": 1562699424305,
    "duration": 1,
    "pid": 30512,
    "index": 20
  },
  {
    "name": "Require(18) node_modules/egg-watcher/config/config.local.js",
    "start": 1562699424305,
    "end": 1562699424305,
    "duration": 0,
    "pid": 30512,
    "index": 21
  },
  {
    "name": "Require(19) node_modules/egg-view/config/config.local.js",
    "start": 1562699424306,
    "end": 1562699424306,
    "duration": 0,
    "pid": 30512,
    "index": 22
  },
  {
    "name": "Require(20) node_modules/egg/config/config.local.js",
    "start": 1562699424306,
    "end": 1562699424307,
    "duration": 1,
    "pid": 30512,
    "index": 23
  },
  {
    "name": "Load extend/application.js",
    "start": 1562699424308,
    "end": 1562699424313,
    "duration": 5,
    "pid": 30512,
    "index": 24
  },
  {
    "name": "Require(21) node_modules/egg-session/app/extend/application.js",
    "start": 1562699424308,
    "end": 1562699424308,
    "duration": 0,
    "pid": 30512,
    "index": 25
  },
  {
    "name": "Require(22) node_modules/egg-security/app/extend/application.js",
    "start": 1562699424308,
    "end": 1562699424309,
    "duration": 1,
    "pid": 30512,
    "index": 26
  },
  {
    "name": "Require(23) node_modules/egg-jsonp/app/extend/application.js",
    "start": 1562699424309,
    "end": 1562699424309,
    "duration": 0,
    "pid": 30512,
    "index": 27
  },
  {
    "name": "Require(24) node_modules/egg-logrotator/app/extend/application.js",
    "start": 1562699424310,
    "end": 1562699424311,
    "duration": 1,
    "pid": 30512,
    "index": 28
  },
  {
    "name": "Require(25) node_modules/egg-view/app/extend/application.js",
    "start": 1562699424311,
    "end": 1562699424312,
    "duration": 1,
    "pid": 30512,
    "index": 29
  },
  {
    "name": "Load extend/request.js",
    "start": 1562699424313,
    "end": 1562699424319,
    "duration": 6,
    "pid": 30512,
    "index": 30
  },
  {
    "name": "Require(26) node_modules/egg/app/extend/request.js",
    "start": 1562699424314,
    "end": 1562699424314,
    "duration": 0,
    "pid": 30512,
    "index": 31
  },
  {
    "name": "Load extend/response.js",
    "start": 1562699424320,
    "end": 1562699424322,
    "duration": 2,
    "pid": 30512,
    "index": 32
  },
  {
    "name": "Require(27) node_modules/egg/app/extend/response.js",
    "start": 1562699424320,
    "end": 1562699424321,
    "duration": 1,
    "pid": 30512,
    "index": 33
  },
  {
    "name": "Load extend/context.js",
    "start": 1562699424322,
    "end": 1562699424349,
    "duration": 27,
    "pid": 30512,
    "index": 34
  },
  {
    "name": "Require(28) node_modules/egg-security/app/extend/context.js",
    "start": 1562699424322,
    "end": 1562699424326,
    "duration": 4,
    "pid": 30512,
    "index": 35
  },
  {
    "name": "Require(29) node_modules/egg-jsonp/app/extend/context.js",
    "start": 1562699424326,
    "end": 1562699424327,
    "duration": 1,
    "pid": 30512,
    "index": 36
  },
  {
    "name": "Require(30) node_modules/egg-i18n/app/extend/context.js",
    "start": 1562699424327,
    "end": 1562699424327,
    "duration": 0,
    "pid": 30512,
    "index": 37
  },
  {
    "name": "Require(31) node_modules/egg-multipart/app/extend/context.js",
    "start": 1562699424327,
    "end": 1562699424346,
    "duration": 19,
    "pid": 30512,
    "index": 38
  },
  {
    "name": "Require(32) node_modules/egg-view/app/extend/context.js",
    "start": 1562699424347,
    "end": 1562699424347,
    "duration": 0,
    "pid": 30512,
    "index": 39
  },
  {
    "name": "Require(33) node_modules/egg-mongoose/app/extend/context.js",
    "start": 1562699424347,
    "end": 1562699424347,
    "duration": 0,
    "pid": 30512,
    "index": 40
  },
  {
    "name": "Require(34) node_modules/egg-validate/app/extend/context.js",
    "start": 1562699424348,
    "end": 1562699424348,
    "duration": 0,
    "pid": 30512,
    "index": 41
  },
  {
    "name": "Require(35) node_modules/egg/app/extend/context.js",
    "start": 1562699424348,
    "end": 1562699424348,
    "duration": 0,
    "pid": 30512,
    "index": 42
  },
  {
    "name": "Load extend/helper.js",
    "start": 1562699424349,
    "end": 1562699424357,
    "duration": 8,
    "pid": 30512,
    "index": 43
  },
  {
    "name": "Require(36) node_modules/egg-security/app/extend/helper.js",
    "start": 1562699424349,
    "end": 1562699424355,
    "duration": 6,
    "pid": 30512,
    "index": 44
  },
  {
    "name": "Require(37) node_modules/egg/app/extend/helper.js",
    "start": 1562699424356,
    "end": 1562699424356,
    "duration": 0,
    "pid": 30512,
    "index": 45
  },
  {
    "name": "Load app.js",
    "start": 1562699424357,
    "end": 1562699424372,
    "duration": 15,
    "pid": 30512,
    "index": 46
  },
  {
    "name": "Require(38) node_modules/egg-session/app.js",
    "start": 1562699424357,
    "end": 1562699424357,
    "duration": 0,
    "pid": 30512,
    "index": 47
  },
  {
    "name": "Require(39) node_modules/egg-security/app.js",
    "start": 1562699424358,
    "end": 1562699424358,
    "duration": 0,
    "pid": 30512,
    "index": 48
  },
  {
    "name": "Require(40) node_modules/egg-onerror/app.js",
    "start": 1562699424358,
    "end": 1562699424361,
    "duration": 3,
    "pid": 30512,
    "index": 49
  },
  {
    "name": "Require(41) node_modules/egg-i18n/app.js",
    "start": 1562699424361,
    "end": 1562699424367,
    "duration": 6,
    "pid": 30512,
    "index": 50
  },
  {
    "name": "Require(42) node_modules/egg-watcher/app.js",
    "start": 1562699424367,
    "end": 1562699424368,
    "duration": 1,
    "pid": 30512,
    "index": 51
  },
  {
    "name": "Require(43) node_modules/egg-schedule/app.js",
    "start": 1562699424368,
    "end": 1562699424369,
    "duration": 1,
    "pid": 30512,
    "index": 52
  },
  {
    "name": "Require(44) node_modules/egg-multipart/app.js",
    "start": 1562699424369,
    "end": 1562699424370,
    "duration": 1,
    "pid": 30512,
    "index": 53
  },
  {
    "name": "Require(45) node_modules/egg-development/app.js",
    "start": 1562699424370,
    "end": 1562699424370,
    "duration": 0,
    "pid": 30512,
    "index": 54
  },
  {
    "name": "Require(46) node_modules/egg-logrotator/app.js",
    "start": 1562699424371,
    "end": 1562699424371,
    "duration": 0,
    "pid": 30512,
    "index": 55
  },
  {
    "name": "Require(47) node_modules/egg-static/app.js",
    "start": 1562699424371,
    "end": 1562699424371,
    "duration": 0,
    "pid": 30512,
    "index": 56
  },
  {
    "name": "Require(48) node_modules/egg-mongoose/app.js",
    "start": 1562699424371,
    "end": 1562699424371,
    "duration": 0,
    "pid": 30512,
    "index": 57
  },
  {
    "name": "Require(49) node_modules/egg-validate/app.js",
    "start": 1562699424371,
    "end": 1562699424372,
    "duration": 1,
    "pid": 30512,
    "index": 58
  },
  {
    "name": "Before Start in node_modules/egg-watcher/lib/init.js:15:14",
    "start": 1562699424379,
    "end": 1562699424628,
    "duration": 249,
    "pid": 30512,
    "index": 59
  },
  {
    "name": "Before Start in node_modules/egg-mongoose/lib/mongoose.js:91:7",
    "start": 1562699424547,
    "end": 1562699424623,
    "duration": 76,
    "pid": 30512,
    "index": 60
  },
  {
    "name": "Before Start in node_modules/egg-mongoose/lib/mongoose.js:49:9",
    "start": 1562699424547,
    "end": 1562699424606,
    "duration": 59,
    "pid": 30512,
    "index": 61
  },
  {
    "name": "Load Service",
    "start": 1562699424548,
    "end": 1562699424551,
    "duration": 3,
    "pid": 30512,
    "index": 62
  },
  {
    "name": "Load \"service\" to Context",
    "start": 1562699424548,
    "end": 1562699424551,
    "duration": 3,
    "pid": 30512,
    "index": 63
  },
  {
    "name": "Load Middleware",
    "start": 1562699424551,
    "end": 1562699424584,
    "duration": 33,
    "pid": 30512,
    "index": 64
  },
  {
    "name": "Load \"middlewares\" to Application",
    "start": 1562699424551,
    "end": 1562699424579,
    "duration": 28,
    "pid": 30512,
    "index": 65
  },
  {
    "name": "Load Controller",
    "start": 1562699424584,
    "end": 1562699424589,
    "duration": 5,
    "pid": 30512,
    "index": 66
  },
  {
    "name": "Load \"controller\" to Application",
    "start": 1562699424584,
    "end": 1562699424589,
    "duration": 5,
    "pid": 30512,
    "index": 67
  },
  {
    "name": "Load Router",
    "start": 1562699424589,
    "end": 1562699424592,
    "duration": 3,
    "pid": 30512,
    "index": 68
  },
  {
    "name": "Require(50) app/router.js",
    "start": 1562699424589,
    "end": 1562699424589,
    "duration": 0,
    "pid": 30512,
    "index": 69
  },
  {
    "name": "Before Start in node_modules/egg-core/lib/egg.js:303:10",
    "start": 1562699424589,
    "end": 1562699424606,
    "duration": 17,
    "pid": 30512,
    "index": 70
  },
  {
    "name": "Load \"model\" to Application",
    "start": 1562699424599,
    "end": 1562699424606,
    "duration": 7,
    "pid": 30512,
    "index": 71
  }
]