[
  {
    "name": "Application Start",
    "start": 1562699050654,
    "end": 1562699050989,
    "duration": 335,
    "pid": 30372,
    "index": 0
  },
  {
    "name": "Load Plugin",
    "start": 1562699050657,
    "end": 1562699050663,
    "duration": 6,
    "pid": 30372,
    "index": 1
  },
  {
    "name": "Load Config",
    "start": 1562699050663,
    "end": 1562699050675,
    "duration": 12,
    "pid": 30372,
    "index": 2
  },
  {
    "name": "Require(0) config/config.default.js",
    "start": 1562699050664,
    "end": 1562699050664,
    "duration": 0,
    "pid": 30372,
    "index": 3
  },
  {
    "name": "Require(1) node_modules/egg-session/config/config.default.js",
    "start": 1562699050665,
    "end": 1562699050665,
    "duration": 0,
    "pid": 30372,
    "index": 4
  },
  {
    "name": "Require(2) node_modules/egg-security/config/config.default.js",
    "start": 1562699050665,
    "end": 1562699050665,
    "duration": 0,
    "pid": 30372,
    "index": 5
  },
  {
    "name": "Require(3) node_modules/egg-jsonp/config/config.default.js",
    "start": 1562699050666,
    "end": 1562699050666,
    "duration": 0,
    "pid": 30372,
    "index": 6
  },
  {
    "name": "Require(4) node_modules/egg-onerror/config/config.default.js",
    "start": 1562699050666,
    "end": 1562699050666,
    "duration": 0,
    "pid": 30372,
    "index": 7
  },
  {
    "name": "Require(5) node_modules/egg-i18n/config/config.default.js",
    "start": 1562699050666,
    "end": 1562699050667,
    "duration": 1,
    "pid": 30372,
    "index": 8
  },
  {
    "name": "Require(6) node_modules/egg-watcher/config/config.default.js",
    "start": 1562699050667,
    "end": 1562699050667,
    "duration": 0,
    "pid": 30372,
    "index": 9
  },
  {
    "name": "Require(7) node_modules/egg-schedule/config/config.default.js",
    "start": 1562699050667,
    "end": 1562699050667,
    "duration": 0,
    "pid": 30372,
    "index": 10
  },
  {
    "name": "Require(8) node_modules/egg-multipart/config/config.default.js",
    "start": 1562699050668,
    "end": 1562699050668,
    "duration": 0,
    "pid": 30372,
    "index": 11
  },
  {
    "name": "Require(9) node_modules/egg-development/config/config.default.js",
    "start": 1562699050668,
    "end": 1562699050668,
    "duration": 0,
    "pid": 30372,
    "index": 12
  },
  {
    "name": "Require(10) node_modules/egg-logrotator/config/config.default.js",
    "start": 1562699050668,
    "end": 1562699050668,
    "duration": 0,
    "pid": 30372,
    "index": 13
  },
  {
    "name": "Require(11) node_modules/egg-static/config/config.default.js",
    "start": 1562699050669,
    "end": 1562699050669,
    "duration": 0,
    "pid": 30372,
    "index": 14
  },
  {
    "name": "Require(12) node_modules/egg-view/config/config.default.js",
    "start": 1562699050669,
    "end": 1562699050669,
    "duration": 0,
    "pid": 30372,
    "index": 15
  },
  {
    "name": "Require(13) node_modules/egg-mongoose/config/config.default.js",
    "start": 1562699050669,
    "end": 1562699050669,
    "duration": 0,
    "pid": 30372,
    "index": 16
  },
  {
    "name": "Require(14) node_modules/egg-validate/config/config.default.js",
    "start": 1562699050670,
    "end": 1562699050670,
    "duration": 0,
    "pid": 30372,
    "index": 17
  },
  {
    "name": "Require(15) node_modules/egg/config/config.default.js",
    "start": 1562699050670,
    "end": 1562699050672,
    "duration": 2,
    "pid": 30372,
    "index": 18
  },
  {
    "name": "Require(16) config/config.default.js",
    "start": 1562699050673,
    "end": 1562699050673,
    "duration": 0,
    "pid": 30372,
    "index": 19
  },
  {
    "name": "Require(17) node_modules/egg-security/config/config.local.js",
    "start": 1562699050673,
    "end": 1562699050674,
    "duration": 1,
    "pid": 30372,
    "index": 20
  },
  {
    "name": "Require(18) node_modules/egg-watcher/config/config.local.js",
    "start": 1562699050674,
    "end": 1562699050674,
    "duration": 0,
    "pid": 30372,
    "index": 21
  },
  {
    "name": "Require(19) node_modules/egg-view/config/config.local.js",
    "start": 1562699050675,
    "end": 1562699050675,
    "duration": 0,
    "pid": 30372,
    "index": 22
  },
  {
    "name": "Require(20) node_modules/egg/config/config.local.js",
    "start": 1562699050675,
    "end": 1562699050675,
    "duration": 0,
    "pid": 30372,
    "index": 23
  },
  {
    "name": "Load extend/application.js",
    "start": 1562699050676,
    "end": 1562699050681,
    "duration": 5,
    "pid": 30372,
    "index": 24
  },
  {
    "name": "Require(21) node_modules/egg-session/app/extend/application.js",
    "start": 1562699050677,
    "end": 1562699050677,
    "duration": 0,
    "pid": 30372,
    "index": 25
  },
  {
    "name": "Require(22) node_modules/egg-security/app/extend/application.js",
    "start": 1562699050677,
    "end": 1562699050677,
    "duration": 0,
    "pid": 30372,
    "index": 26
  },
  {
    "name": "Require(23) node_modules/egg-jsonp/app/extend/application.js",
    "start": 1562699050677,
    "end": 1562699050678,
    "duration": 1,
    "pid": 30372,
    "index": 27
  },
  {
    "name": "Require(24) node_modules/egg-logrotator/app/extend/application.js",
    "start": 1562699050679,
    "end": 1562699050679,
    "duration": 0,
    "pid": 30372,
    "index": 28
  },
  {
    "name": "Require(25) node_modules/egg-view/app/extend/application.js",
    "start": 1562699050680,
    "end": 1562699050680,
    "duration": 0,
    "pid": 30372,
    "index": 29
  },
  {
    "name": "Load extend/request.js",
    "start": 1562699050681,
    "end": 1562699050688,
    "duration": 7,
    "pid": 30372,
    "index": 30
  },
  {
    "name": "Require(26) node_modules/egg/app/extend/request.js",
    "start": 1562699050681,
    "end": 1562699050687,
    "duration": 6,
    "pid": 30372,
    "index": 31
  },
  {
    "name": "Load extend/response.js",
    "start": 1562699050688,
    "end": 1562699050689,
    "duration": 1,
    "pid": 30372,
    "index": 32
  },
  {
    "name": "Require(27) node_modules/egg/app/extend/response.js",
    "start": 1562699050688,
    "end": 1562699050688,
    "duration": 0,
    "pid": 30372,
    "index": 33
  },
  {
    "name": "Load extend/context.js",
    "start": 1562699050689,
    "end": 1562699050715,
    "duration": 26,
    "pid": 30372,
    "index": 34
  },
  {
    "name": "Require(28) node_modules/egg-security/app/extend/context.js",
    "start": 1562699050689,
    "end": 1562699050693,
    "duration": 4,
    "pid": 30372,
    "index": 35
  },
  {
    "name": "Require(29) node_modules/egg-jsonp/app/extend/context.js",
    "start": 1562699050693,
    "end": 1562699050694,
    "duration": 1,
    "pid": 30372,
    "index": 36
  },
  {
    "name": "Require(30) node_modules/egg-i18n/app/extend/context.js",
    "start": 1562699050694,
    "end": 1562699050694,
    "duration": 0,
    "pid": 30372,
    "index": 37
  },
  {
    "name": "Require(31) node_modules/egg-multipart/app/extend/context.js",
    "start": 1562699050694,
    "end": 1562699050712,
    "duration": 18,
    "pid": 30372,
    "index": 38
  },
  {
    "name": "Require(32) node_modules/egg-view/app/extend/context.js",
    "start": 1562699050713,
    "end": 1562699050713,
    "duration": 0,
    "pid": 30372,
    "index": 39
  },
  {
    "name": "Require(33) node_modules/egg-mongoose/app/extend/context.js",
    "start": 1562699050713,
    "end": 1562699050713,
    "duration": 0,
    "pid": 30372,
    "index": 40
  },
  {
    "name": "Require(34) node_modules/egg-validate/app/extend/context.js",
    "start": 1562699050713,
    "end": 1562699050713,
    "duration": 0,
    "pid": 30372,
    "index": 41
  },
  {
    "name": "Require(35) node_modules/egg/app/extend/context.js",
    "start": 1562699050713,
    "end": 1562699050714,
    "duration": 1,
    "pid": 30372,
    "index": 42
  },
  {
    "name": "Load extend/helper.js",
    "start": 1562699050715,
    "end": 1562699050723,
    "duration": 8,
    "pid": 30372,
    "index": 43
  },
  {
    "name": "Require(36) node_modules/egg-security/app/extend/helper.js",
    "start": 1562699050715,
    "end": 1562699050721,
    "duration": 6,
    "pid": 30372,
    "index": 44
  },
  {
    "name": "Require(37) node_modules/egg/app/extend/helper.js",
    "start": 1562699050722,
    "end": 1562699050722,
    "duration": 0,
    "pid": 30372,
    "index": 45
  },
  {
    "name": "Load app.js",
    "start": 1562699050723,
    "end": 1562699050738,
    "duration": 15,
    "pid": 30372,
    "index": 46
  },
  {
    "name": "Require(38) node_modules/egg-session/app.js",
    "start": 1562699050723,
    "end": 1562699050723,
    "duration": 0,
    "pid": 30372,
    "index": 47
  },
  {
    "name": "Require(39) node_modules/egg-security/app.js",
    "start": 1562699050724,
    "end": 1562699050724,
    "duration": 0,
    "pid": 30372,
    "index": 48
  },
  {
    "name": "Require(40) node_modules/egg-onerror/app.js",
    "start": 1562699050724,
    "end": 1562699050727,
    "duration": 3,
    "pid": 30372,
    "index": 49
  },
  {
    "name": "Require(41) node_modules/egg-i18n/app.js",
    "start": 1562699050727,
    "end": 1562699050733,
    "duration": 6,
    "pid": 30372,
    "index": 50
  },
  {
    "name": "Require(42) node_modules/egg-watcher/app.js",
    "start": 1562699050733,
    "end": 1562699050734,
    "duration": 1,
    "pid": 30372,
    "index": 51
  },
  {
    "name": "Require(43) node_modules/egg-schedule/app.js",
    "start": 1562699050734,
    "end": 1562699050735,
    "duration": 1,
    "pid": 30372,
    "index": 52
  },
  {
    "name": "Require(44) node_modules/egg-multipart/app.js",
    "start": 1562699050735,
    "end": 1562699050736,
    "duration": 1,
    "pid": 30372,
    "index": 53
  },
  {
    "name": "Require(45) node_modules/egg-development/app.js",
    "start": 1562699050736,
    "end": 1562699050736,
    "duration": 0,
    "pid": 30372,
    "index": 54
  },
  {
    "name": "Require(46) node_modules/egg-logrotator/app.js",
    "start": 1562699050736,
    "end": 1562699050736,
    "duration": 0,
    "pid": 30372,
    "index": 55
  },
  {
    "name": "Require(47) node_modules/egg-static/app.js",
    "start": 1562699050736,
    "end": 1562699050736,
    "duration": 0,
    "pid": 30372,
    "index": 56
  },
  {
    "name": "Require(48) node_modules/egg-mongoose/app.js",
    "start": 1562699050736,
    "end": 1562699050737,
    "duration": 1,
    "pid": 30372,
    "index": 57
  },
  {
    "name": "Require(49) node_modules/egg-validate/app.js",
    "start": 1562699050737,
    "end": 1562699050737,
    "duration": 0,
    "pid": 30372,
    "index": 58
  },
  {
    "name": "Before Start in node_modules/egg-watcher/lib/init.js:15:14",
    "start": 1562699050745,
    "end": 1562699050989,
    "duration": 244,
    "pid": 30372,
    "index": 59
  },
  {
    "name": "Before Start in node_modules/egg-mongoose/lib/mongoose.js:91:7",
    "start": 1562699050909,
    "end": 1562699050984,
    "duration": 75,
    "pid": 30372,
    "index": 60
  },
  {
    "name": "Before Start in node_modules/egg-mongoose/lib/mongoose.js:49:9",
    "start": 1562699050909,
    "end": 1562699050968,
    "duration": 59,
    "pid": 30372,
    "index": 61
  },
  {
    "name": "Load Service",
    "start": 1562699050909,
    "end": 1562699050913,
    "duration": 4,
    "pid": 30372,
    "index": 62
  },
  {
    "name": "Load \"service\" to Context",
    "start": 1562699050909,
    "end": 1562699050913,
    "duration": 4,
    "pid": 30372,
    "index": 63
  },
  {
    "name": "Load Middleware",
    "start": 1562699050913,
    "end": 1562699050947,
    "duration": 34,
    "pid": 30372,
    "index": 64
  },
  {
    "name": "Load \"middlewares\" to Application",
    "start": 1562699050913,
    "end": 1562699050941,
    "duration": 28,
    "pid": 30372,
    "index": 65
  },
  {
    "name": "Load Controller",
    "start": 1562699050947,
    "end": 1562699050951,
    "duration": 4,
    "pid": 30372,
    "index": 66
  },
  {
    "name": "Load \"controller\" to Application",
    "start": 1562699050947,
    "end": 1562699050951,
    "duration": 4,
    "pid": 30372,
    "index": 67
  },
  {
    "name": "Load Router",
    "start": 1562699050951,
    "end": 1562699050954,
    "duration": 3,
    "pid": 30372,
    "index": 68
  },
  {
    "name": "Require(50) app/router.js",
    "start": 1562699050951,
    "end": 1562699050951,
    "duration": 0,
    "pid": 30372,
    "index": 69
  },
  {
    "name": "Before Start in node_modules/egg-core/lib/egg.js:303:10",
    "start": 1562699050951,
    "end": 1562699050968,
    "duration": 17,
    "pid": 30372,
    "index": 70
  },
  {
    "name": "Load \"model\" to Application",
    "start": 1562699050961,
    "end": 1562699050968,
    "duration": 7,
    "pid": 30372,
    "index": 71
  }
]