[
  {
    "name": "Application Start",
    "start": 1562696417946,
    "end": 1562696418301,
    "duration": 355,
    "pid": 29481,
    "index": 0
  },
  {
    "name": "Load Plugin",
    "start": 1562696417949,
    "end": 1562696417955,
    "duration": 6,
    "pid": 29481,
    "index": 1
  },
  {
    "name": "Load Config",
    "start": 1562696417955,
    "end": 1562696417968,
    "duration": 13,
    "pid": 29481,
    "index": 2
  },
  {
    "name": "Require(0) config/config.default.js",
    "start": 1562696417956,
    "end": 1562696417956,
    "duration": 0,
    "pid": 29481,
    "index": 3
  },
  {
    "name": "Require(1) node_modules/egg-session/config/config.default.js",
    "start": 1562696417957,
    "end": 1562696417957,
    "duration": 0,
    "pid": 29481,
    "index": 4
  },
  {
    "name": "Require(2) node_modules/egg-security/config/config.default.js",
    "start": 1562696417957,
    "end": 1562696417957,
    "duration": 0,
    "pid": 29481,
    "index": 5
  },
  {
    "name": "Require(3) node_modules/egg-jsonp/config/config.default.js",
    "start": 1562696417958,
    "end": 1562696417958,
    "duration": 0,
    "pid": 29481,
    "index": 6
  },
  {
    "name": "Require(4) node_modules/egg-onerror/config/config.default.js",
    "start": 1562696417958,
    "end": 1562696417958,
    "duration": 0,
    "pid": 29481,
    "index": 7
  },
  {
    "name": "Require(5) node_modules/egg-i18n/config/config.default.js",
    "start": 1562696417959,
    "end": 1562696417959,
    "duration": 0,
    "pid": 29481,
    "index": 8
  },
  {
    "name": "Require(6) node_modules/egg-watcher/config/config.default.js",
    "start": 1562696417959,
    "end": 1562696417959,
    "duration": 0,
    "pid": 29481,
    "index": 9
  },
  {
    "name": "Require(7) node_modules/egg-schedule/config/config.default.js",
    "start": 1562696417959,
    "end": 1562696417959,
    "duration": 0,
    "pid": 29481,
    "index": 10
  },
  {
    "name": "Require(8) node_modules/egg-multipart/config/config.default.js",
    "start": 1562696417960,
    "end": 1562696417960,
    "duration": 0,
    "pid": 29481,
    "index": 11
  },
  {
    "name": "Require(9) node_modules/egg-development/config/config.default.js",
    "start": 1562696417960,
    "end": 1562696417960,
    "duration": 0,
    "pid": 29481,
    "index": 12
  },
  {
    "name": "Require(10) node_modules/egg-logrotator/config/config.default.js",
    "start": 1562696417961,
    "end": 1562696417961,
    "duration": 0,
    "pid": 29481,
    "index": 13
  },
  {
    "name": "Require(11) node_modules/egg-static/config/config.default.js",
    "start": 1562696417961,
    "end": 1562696417961,
    "duration": 0,
    "pid": 29481,
    "index": 14
  },
  {
    "name": "Require(12) node_modules/egg-view/config/config.default.js",
    "start": 1562696417961,
    "end": 1562696417961,
    "duration": 0,
    "pid": 29481,
    "index": 15
  },
  {
    "name": "Require(13) node_modules/egg-mongoose/config/config.default.js",
    "start": 1562696417962,
    "end": 1562696417962,
    "duration": 0,
    "pid": 29481,
    "index": 16
  },
  {
    "name": "Require(14) node_modules/egg-validate/config/config.default.js",
    "start": 1562696417962,
    "end": 1562696417962,
    "duration": 0,
    "pid": 29481,
    "index": 17
  },
  {
    "name": "Require(15) node_modules/egg/config/config.default.js",
    "start": 1562696417962,
    "end": 1562696417962,
    "duration": 0,
    "pid": 29481,
    "index": 18
  },
  {
    "name": "Require(16) config/config.default.js",
    "start": 1562696417966,
    "end": 1562696417966,
    "duration": 0,
    "pid": 29481,
    "index": 19
  },
  {
    "name": "Require(17) node_modules/egg-security/config/config.local.js",
    "start": 1562696417966,
    "end": 1562696417966,
    "duration": 0,
    "pid": 29481,
    "index": 20
  },
  {
    "name": "Require(18) node_modules/egg-watcher/config/config.local.js",
    "start": 1562696417967,
    "end": 1562696417967,
    "duration": 0,
    "pid": 29481,
    "index": 21
  },
  {
    "name": "Require(19) node_modules/egg-view/config/config.local.js",
    "start": 1562696417967,
    "end": 1562696417968,
    "duration": 1,
    "pid": 29481,
    "index": 22
  },
  {
    "name": "Require(20) node_modules/egg/config/config.local.js",
    "start": 1562696417968,
    "end": 1562696417968,
    "duration": 0,
    "pid": 29481,
    "index": 23
  },
  {
    "name": "Load extend/application.js",
    "start": 1562696417969,
    "end": 1562696417975,
    "duration": 6,
    "pid": 29481,
    "index": 24
  },
  {
    "name": "Require(21) node_modules/egg-session/app/extend/application.js",
    "start": 1562696417970,
    "end": 1562696417970,
    "duration": 0,
    "pid": 29481,
    "index": 25
  },
  {
    "name": "Require(22) node_modules/egg-security/app/extend/application.js",
    "start": 1562696417970,
    "end": 1562696417970,
    "duration": 0,
    "pid": 29481,
    "index": 26
  },
  {
    "name": "Require(23) node_modules/egg-jsonp/app/extend/application.js",
    "start": 1562696417971,
    "end": 1562696417971,
    "duration": 0,
    "pid": 29481,
    "index": 27
  },
  {
    "name": "Require(24) node_modules/egg-logrotator/app/extend/application.js",
    "start": 1562696417972,
    "end": 1562696417973,
    "duration": 1,
    "pid": 29481,
    "index": 28
  },
  {
    "name": "Require(25) node_modules/egg-view/app/extend/application.js",
    "start": 1562696417973,
    "end": 1562696417973,
    "duration": 0,
    "pid": 29481,
    "index": 29
  },
  {
    "name": "Load extend/request.js",
    "start": 1562696417975,
    "end": 1562696417978,
    "duration": 3,
    "pid": 29481,
    "index": 30
  },
  {
    "name": "Require(26) node_modules/egg/app/extend/request.js",
    "start": 1562696417976,
    "end": 1562696417977,
    "duration": 1,
    "pid": 29481,
    "index": 31
  },
  {
    "name": "Load extend/response.js",
    "start": 1562696417978,
    "end": 1562696417987,
    "duration": 9,
    "pid": 29481,
    "index": 32
  },
  {
    "name": "Require(27) node_modules/egg/app/extend/response.js",
    "start": 1562696417986,
    "end": 1562696417986,
    "duration": 0,
    "pid": 29481,
    "index": 33
  },
  {
    "name": "Load extend/context.js",
    "start": 1562696417987,
    "end": 1562696418013,
    "duration": 26,
    "pid": 29481,
    "index": 34
  },
  {
    "name": "Require(28) node_modules/egg-security/app/extend/context.js",
    "start": 1562696417987,
    "end": 1562696417990,
    "duration": 3,
    "pid": 29481,
    "index": 35
  },
  {
    "name": "Require(29) node_modules/egg-jsonp/app/extend/context.js",
    "start": 1562696417990,
    "end": 1562696417990,
    "duration": 0,
    "pid": 29481,
    "index": 36
  },
  {
    "name": "Require(30) node_modules/egg-i18n/app/extend/context.js",
    "start": 1562696417991,
    "end": 1562696417991,
    "duration": 0,
    "pid": 29481,
    "index": 37
  },
  {
    "name": "Require(31) node_modules/egg-multipart/app/extend/context.js",
    "start": 1562696417991,
    "end": 1562696418011,
    "duration": 20,
    "pid": 29481,
    "index": 38
  },
  {
    "name": "Require(32) node_modules/egg-view/app/extend/context.js",
    "start": 1562696418011,
    "end": 1562696418011,
    "duration": 0,
    "pid": 29481,
    "index": 39
  },
  {
    "name": "Require(33) node_modules/egg-mongoose/app/extend/context.js",
    "start": 1562696418012,
    "end": 1562696418012,
    "duration": 0,
    "pid": 29481,
    "index": 40
  },
  {
    "name": "Require(34) node_modules/egg-validate/app/extend/context.js",
    "start": 1562696418012,
    "end": 1562696418012,
    "duration": 0,
    "pid": 29481,
    "index": 41
  },
  {
    "name": "Require(35) node_modules/egg/app/extend/context.js",
    "start": 1562696418012,
    "end": 1562696418012,
    "duration": 0,
    "pid": 29481,
    "index": 42
  },
  {
    "name": "Load extend/helper.js",
    "start": 1562696418013,
    "end": 1562696418021,
    "duration": 8,
    "pid": 29481,
    "index": 43
  },
  {
    "name": "Require(36) node_modules/egg-security/app/extend/helper.js",
    "start": 1562696418013,
    "end": 1562696418020,
    "duration": 7,
    "pid": 29481,
    "index": 44
  },
  {
    "name": "Require(37) node_modules/egg/app/extend/helper.js",
    "start": 1562696418021,
    "end": 1562696418021,
    "duration": 0,
    "pid": 29481,
    "index": 45
  },
  {
    "name": "Load app.js",
    "start": 1562696418022,
    "end": 1562696418037,
    "duration": 15,
    "pid": 29481,
    "index": 46
  },
  {
    "name": "Require(38) node_modules/egg-session/app.js",
    "start": 1562696418022,
    "end": 1562696418022,
    "duration": 0,
    "pid": 29481,
    "index": 47
  },
  {
    "name": "Require(39) node_modules/egg-security/app.js",
    "start": 1562696418022,
    "end": 1562696418022,
    "duration": 0,
    "pid": 29481,
    "index": 48
  },
  {
    "name": "Require(40) node_modules/egg-onerror/app.js",
    "start": 1562696418023,
    "end": 1562696418026,
    "duration": 3,
    "pid": 29481,
    "index": 49
  },
  {
    "name": "Require(41) node_modules/egg-i18n/app.js",
    "start": 1562696418026,
    "end": 1562696418031,
    "duration": 5,
    "pid": 29481,
    "index": 50
  },
  {
    "name": "Require(42) node_modules/egg-watcher/app.js",
    "start": 1562696418032,
    "end": 1562696418033,
    "duration": 1,
    "pid": 29481,
    "index": 51
  },
  {
    "name": "Require(43) node_modules/egg-schedule/app.js",
    "start": 1562696418033,
    "end": 1562696418033,
    "duration": 0,
    "pid": 29481,
    "index": 52
  },
  {
    "name": "Require(44) node_modules/egg-multipart/app.js",
    "start": 1562696418034,
    "end": 1562696418034,
    "duration": 0,
    "pid": 29481,
    "index": 53
  },
  {
    "name": "Require(45) node_modules/egg-development/app.js",
    "start": 1562696418035,
    "end": 1562696418035,
    "duration": 0,
    "pid": 29481,
    "index": 54
  },
  {
    "name": "Require(46) node_modules/egg-logrotator/app.js",
    "start": 1562696418035,
    "end": 1562696418035,
    "duration": 0,
    "pid": 29481,
    "index": 55
  },
  {
    "name": "Require(47) node_modules/egg-static/app.js",
    "start": 1562696418035,
    "end": 1562696418035,
    "duration": 0,
    "pid": 29481,
    "index": 56
  },
  {
    "name": "Require(48) node_modules/egg-mongoose/app.js",
    "start": 1562696418035,
    "end": 1562696418035,
    "duration": 0,
    "pid": 29481,
    "index": 57
  },
  {
    "name": "Require(49) node_modules/egg-validate/app.js",
    "start": 1562696418035,
    "end": 1562696418036,
    "duration": 1,
    "pid": 29481,
    "index": 58
  },
  {
    "name": "Before Start in node_modules/egg-watcher/lib/init.js:15:14",
    "start": 1562696418043,
    "end": 1562696418300,
    "duration": 257,
    "pid": 29481,
    "index": 59
  },
  {
    "name": "Before Start in node_modules/egg-mongoose/lib/mongoose.js:91:7",
    "start": 1562696418222,
    "end": 1562696418297,
    "duration": 75,
    "pid": 29481,
    "index": 60
  },
  {
    "name": "Before Start in node_modules/egg-mongoose/lib/mongoose.js:49:9",
    "start": 1562696418222,
    "end": 1562696418280,
    "duration": 58,
    "pid": 29481,
    "index": 61
  },
  {
    "name": "Load Service",
    "start": 1562696418222,
    "end": 1562696418225,
    "duration": 3,
    "pid": 29481,
    "index": 62
  },
  {
    "name": "Load \"service\" to Context",
    "start": 1562696418222,
    "end": 1562696418225,
    "duration": 3,
    "pid": 29481,
    "index": 63
  },
  {
    "name": "Load Middleware",
    "start": 1562696418225,
    "end": 1562696418260,
    "duration": 35,
    "pid": 29481,
    "index": 64
  },
  {
    "name": "Load \"middlewares\" to Application",
    "start": 1562696418225,
    "end": 1562696418255,
    "duration": 30,
    "pid": 29481,
    "index": 65
  },
  {
    "name": "Load Controller",
    "start": 1562696418260,
    "end": 1562696418261,
    "duration": 1,
    "pid": 29481,
    "index": 66
  },
  {
    "name": "Load \"controller\" to Application",
    "start": 1562696418260,
    "end": 1562696418261,
    "duration": 1,
    "pid": 29481,
    "index": 67
  },
  {
    "name": "Load Router",
    "start": 1562696418261,
    "end": 1562696418265,
    "duration": 4,
    "pid": 29481,
    "index": 68
  },
  {
    "name": "Require(50) app/router.js",
    "start": 1562696418262,
    "end": 1562696418262,
    "duration": 0,
    "pid": 29481,
    "index": 69
  },
  {
    "name": "Before Start in node_modules/egg-core/lib/egg.js:303:10",
    "start": 1562696418262,
    "end": 1562696418280,
    "duration": 18,
    "pid": 29481,
    "index": 70
  },
  {
    "name": "Load \"model\" to Application",
    "start": 1562696418273,
    "end": 1562696418280,
    "duration": 7,
    "pid": 29481,
    "index": 71
  }
]