[
  {
    "name": "Application Start",
    "start": 1562699327556,
    "end": 1562699327915,
    "duration": 359,
    "pid": 30469,
    "index": 0
  },
  {
    "name": "Load Plugin",
    "start": 1562699327559,
    "end": 1562699327565,
    "duration": 6,
    "pid": 30469,
    "index": 1
  },
  {
    "name": "Load Config",
    "start": 1562699327565,
    "end": 1562699327578,
    "duration": 13,
    "pid": 30469,
    "index": 2
  },
  {
    "name": "Require(0) config/config.default.js",
    "start": 1562699327566,
    "end": 1562699327566,
    "duration": 0,
    "pid": 30469,
    "index": 3
  },
  {
    "name": "Require(1) node_modules/egg-session/config/config.default.js",
    "start": 1562699327567,
    "end": 1562699327567,
    "duration": 0,
    "pid": 30469,
    "index": 4
  },
  {
    "name": "Require(2) node_modules/egg-security/config/config.default.js",
    "start": 1562699327567,
    "end": 1562699327567,
    "duration": 0,
    "pid": 30469,
    "index": 5
  },
  {
    "name": "Require(3) node_modules/egg-jsonp/config/config.default.js",
    "start": 1562699327568,
    "end": 1562699327568,
    "duration": 0,
    "pid": 30469,
    "index": 6
  },
  {
    "name": "Require(4) node_modules/egg-onerror/config/config.default.js",
    "start": 1562699327568,
    "end": 1562699327569,
    "duration": 1,
    "pid": 30469,
    "index": 7
  },
  {
    "name": "Require(5) node_modules/egg-i18n/config/config.default.js",
    "start": 1562699327569,
    "end": 1562699327569,
    "duration": 0,
    "pid": 30469,
    "index": 8
  },
  {
    "name": "Require(6) node_modules/egg-watcher/config/config.default.js",
    "start": 1562699327569,
    "end": 1562699327569,
    "duration": 0,
    "pid": 30469,
    "index": 9
  },
  {
    "name": "Require(7) node_modules/egg-schedule/config/config.default.js",
    "start": 1562699327569,
    "end": 1562699327570,
    "duration": 1,
    "pid": 30469,
    "index": 10
  },
  {
    "name": "Require(8) node_modules/egg-multipart/config/config.default.js",
    "start": 1562699327570,
    "end": 1562699327570,
    "duration": 0,
    "pid": 30469,
    "index": 11
  },
  {
    "name": "Require(9) node_modules/egg-development/config/config.default.js",
    "start": 1562699327570,
    "end": 1562699327570,
    "duration": 0,
    "pid": 30469,
    "index": 12
  },
  {
    "name": "Require(10) node_modules/egg-logrotator/config/config.default.js",
    "start": 1562699327571,
    "end": 1562699327571,
    "duration": 0,
    "pid": 30469,
    "index": 13
  },
  {
    "name": "Require(11) node_modules/egg-static/config/config.default.js",
    "start": 1562699327571,
    "end": 1562699327571,
    "duration": 0,
    "pid": 30469,
    "index": 14
  },
  {
    "name": "Require(12) node_modules/egg-view/config/config.default.js",
    "start": 1562699327571,
    "end": 1562699327572,
    "duration": 1,
    "pid": 30469,
    "index": 15
  },
  {
    "name": "Require(13) node_modules/egg-mongoose/config/config.default.js",
    "start": 1562699327572,
    "end": 1562699327572,
    "duration": 0,
    "pid": 30469,
    "index": 16
  },
  {
    "name": "Require(14) node_modules/egg-validate/config/config.default.js",
    "start": 1562699327572,
    "end": 1562699327572,
    "duration": 0,
    "pid": 30469,
    "index": 17
  },
  {
    "name": "Require(15) node_modules/egg/config/config.default.js",
    "start": 1562699327572,
    "end": 1562699327572,
    "duration": 0,
    "pid": 30469,
    "index": 18
  },
  {
    "name": "Require(16) config/config.default.js",
    "start": 1562699327574,
    "end": 1562699327574,
    "duration": 0,
    "pid": 30469,
    "index": 19
  },
  {
    "name": "Require(17) node_modules/egg-security/config/config.local.js",
    "start": 1562699327574,
    "end": 1562699327574,
    "duration": 0,
    "pid": 30469,
    "index": 20
  },
  {
    "name": "Require(18) node_modules/egg-watcher/config/config.local.js",
    "start": 1562699327574,
    "end": 1562699327575,
    "duration": 1,
    "pid": 30469,
    "index": 21
  },
  {
    "name": "Require(19) node_modules/egg-view/config/config.local.js",
    "start": 1562699327575,
    "end": 1562699327575,
    "duration": 0,
    "pid": 30469,
    "index": 22
  },
  {
    "name": "Require(20) node_modules/egg/config/config.local.js",
    "start": 1562699327577,
    "end": 1562699327578,
    "duration": 1,
    "pid": 30469,
    "index": 23
  },
  {
    "name": "Load extend/application.js",
    "start": 1562699327579,
    "end": 1562699327583,
    "duration": 4,
    "pid": 30469,
    "index": 24
  },
  {
    "name": "Require(21) node_modules/egg-session/app/extend/application.js",
    "start": 1562699327579,
    "end": 1562699327579,
    "duration": 0,
    "pid": 30469,
    "index": 25
  },
  {
    "name": "Require(22) node_modules/egg-security/app/extend/application.js",
    "start": 1562699327580,
    "end": 1562699327580,
    "duration": 0,
    "pid": 30469,
    "index": 26
  },
  {
    "name": "Require(23) node_modules/egg-jsonp/app/extend/application.js",
    "start": 1562699327580,
    "end": 1562699327581,
    "duration": 1,
    "pid": 30469,
    "index": 27
  },
  {
    "name": "Require(24) node_modules/egg-logrotator/app/extend/application.js",
    "start": 1562699327581,
    "end": 1562699327582,
    "duration": 1,
    "pid": 30469,
    "index": 28
  },
  {
    "name": "Require(25) node_modules/egg-view/app/extend/application.js",
    "start": 1562699327582,
    "end": 1562699327582,
    "duration": 0,
    "pid": 30469,
    "index": 29
  },
  {
    "name": "Load extend/request.js",
    "start": 1562699327584,
    "end": 1562699327586,
    "duration": 2,
    "pid": 30469,
    "index": 30
  },
  {
    "name": "Require(26) node_modules/egg/app/extend/request.js",
    "start": 1562699327585,
    "end": 1562699327585,
    "duration": 0,
    "pid": 30469,
    "index": 31
  },
  {
    "name": "Load extend/response.js",
    "start": 1562699327586,
    "end": 1562699327589,
    "duration": 3,
    "pid": 30469,
    "index": 32
  },
  {
    "name": "Require(27) node_modules/egg/app/extend/response.js",
    "start": 1562699327587,
    "end": 1562699327588,
    "duration": 1,
    "pid": 30469,
    "index": 33
  },
  {
    "name": "Load extend/context.js",
    "start": 1562699327589,
    "end": 1562699327624,
    "duration": 35,
    "pid": 30469,
    "index": 34
  },
  {
    "name": "Require(28) node_modules/egg-security/app/extend/context.js",
    "start": 1562699327594,
    "end": 1562699327598,
    "duration": 4,
    "pid": 30469,
    "index": 35
  },
  {
    "name": "Require(29) node_modules/egg-jsonp/app/extend/context.js",
    "start": 1562699327599,
    "end": 1562699327599,
    "duration": 0,
    "pid": 30469,
    "index": 36
  },
  {
    "name": "Require(30) node_modules/egg-i18n/app/extend/context.js",
    "start": 1562699327599,
    "end": 1562699327599,
    "duration": 0,
    "pid": 30469,
    "index": 37
  },
  {
    "name": "Require(31) node_modules/egg-multipart/app/extend/context.js",
    "start": 1562699327599,
    "end": 1562699327621,
    "duration": 22,
    "pid": 30469,
    "index": 38
  },
  {
    "name": "Require(32) node_modules/egg-view/app/extend/context.js",
    "start": 1562699327621,
    "end": 1562699327622,
    "duration": 1,
    "pid": 30469,
    "index": 39
  },
  {
    "name": "Require(33) node_modules/egg-mongoose/app/extend/context.js",
    "start": 1562699327622,
    "end": 1562699327622,
    "duration": 0,
    "pid": 30469,
    "index": 40
  },
  {
    "name": "Require(34) node_modules/egg-validate/app/extend/context.js",
    "start": 1562699327622,
    "end": 1562699327622,
    "duration": 0,
    "pid": 30469,
    "index": 41
  },
  {
    "name": "Require(35) node_modules/egg/app/extend/context.js",
    "start": 1562699327622,
    "end": 1562699327623,
    "duration": 1,
    "pid": 30469,
    "index": 42
  },
  {
    "name": "Load extend/helper.js",
    "start": 1562699327624,
    "end": 1562699327632,
    "duration": 8,
    "pid": 30469,
    "index": 43
  },
  {
    "name": "Require(36) node_modules/egg-security/app/extend/helper.js",
    "start": 1562699327624,
    "end": 1562699327631,
    "duration": 7,
    "pid": 30469,
    "index": 44
  },
  {
    "name": "Require(37) node_modules/egg/app/extend/helper.js",
    "start": 1562699327631,
    "end": 1562699327632,
    "duration": 1,
    "pid": 30469,
    "index": 45
  },
  {
    "name": "Load app.js",
    "start": 1562699327632,
    "end": 1562699327649,
    "duration": 17,
    "pid": 30469,
    "index": 46
  },
  {
    "name": "Require(38) node_modules/egg-session/app.js",
    "start": 1562699327633,
    "end": 1562699327633,
    "duration": 0,
    "pid": 30469,
    "index": 47
  },
  {
    "name": "Require(39) node_modules/egg-security/app.js",
    "start": 1562699327633,
    "end": 1562699327633,
    "duration": 0,
    "pid": 30469,
    "index": 48
  },
  {
    "name": "Require(40) node_modules/egg-onerror/app.js",
    "start": 1562699327634,
    "end": 1562699327638,
    "duration": 4,
    "pid": 30469,
    "index": 49
  },
  {
    "name": "Require(41) node_modules/egg-i18n/app.js",
    "start": 1562699327638,
    "end": 1562699327643,
    "duration": 5,
    "pid": 30469,
    "index": 50
  },
  {
    "name": "Require(42) node_modules/egg-watcher/app.js",
    "start": 1562699327644,
    "end": 1562699327645,
    "duration": 1,
    "pid": 30469,
    "index": 51
  },
  {
    "name": "Require(43) node_modules/egg-schedule/app.js",
    "start": 1562699327645,
    "end": 1562699327646,
    "duration": 1,
    "pid": 30469,
    "index": 52
  },
  {
    "name": "Require(44) node_modules/egg-multipart/app.js",
    "start": 1562699327646,
    "end": 1562699327646,
    "duration": 0,
    "pid": 30469,
    "index": 53
  },
  {
    "name": "Require(45) node_modules/egg-development/app.js",
    "start": 1562699327647,
    "end": 1562699327647,
    "duration": 0,
    "pid": 30469,
    "index": 54
  },
  {
    "name": "Require(46) node_modules/egg-logrotator/app.js",
    "start": 1562699327647,
    "end": 1562699327647,
    "duration": 0,
    "pid": 30469,
    "index": 55
  },
  {
    "name": "Require(47) node_modules/egg-static/app.js",
    "start": 1562699327647,
    "end": 1562699327647,
    "duration": 0,
    "pid": 30469,
    "index": 56
  },
  {
    "name": "Require(48) node_modules/egg-mongoose/app.js",
    "start": 1562699327647,
    "end": 1562699327647,
    "duration": 0,
    "pid": 30469,
    "index": 57
  },
  {
    "name": "Require(49) node_modules/egg-validate/app.js",
    "start": 1562699327647,
    "end": 1562699327648,
    "duration": 1,
    "pid": 30469,
    "index": 58
  },
  {
    "name": "Before Start in node_modules/egg-watcher/lib/init.js:15:14",
    "start": 1562699327656,
    "end": 1562699327912,
    "duration": 256,
    "pid": 30469,
    "index": 59
  },
  {
    "name": "Before Start in node_modules/egg-mongoose/lib/mongoose.js:91:7",
    "start": 1562699327829,
    "end": 1562699327909,
    "duration": 80,
    "pid": 30469,
    "index": 60
  },
  {
    "name": "Before Start in node_modules/egg-mongoose/lib/mongoose.js:49:9",
    "start": 1562699327829,
    "end": 1562699327888,
    "duration": 59,
    "pid": 30469,
    "index": 61
  },
  {
    "name": "Load Service",
    "start": 1562699327829,
    "end": 1562699327832,
    "duration": 3,
    "pid": 30469,
    "index": 62
  },
  {
    "name": "Load \"service\" to Context",
    "start": 1562699327829,
    "end": 1562699327832,
    "duration": 3,
    "pid": 30469,
    "index": 63
  },
  {
    "name": "Load Middleware",
    "start": 1562699327833,
    "end": 1562699327866,
    "duration": 33,
    "pid": 30469,
    "index": 64
  },
  {
    "name": "Load \"middlewares\" to Application",
    "start": 1562699327833,
    "end": 1562699327860,
    "duration": 27,
    "pid": 30469,
    "index": 65
  },
  {
    "name": "Load Controller",
    "start": 1562699327866,
    "end": 1562699327868,
    "duration": 2,
    "pid": 30469,
    "index": 66
  },
  {
    "name": "Load \"controller\" to Application",
    "start": 1562699327866,
    "end": 1562699327868,
    "duration": 2,
    "pid": 30469,
    "index": 67
  },
  {
    "name": "Load Router",
    "start": 1562699327868,
    "end": 1562699327872,
    "duration": 4,
    "pid": 30469,
    "index": 68
  },
  {
    "name": "Require(50) app/router.js",
    "start": 1562699327868,
    "end": 1562699327868,
    "duration": 0,
    "pid": 30469,
    "index": 69
  },
  {
    "name": "Before Start in node_modules/egg-core/lib/egg.js:303:10",
    "start": 1562699327868,
    "end": 1562699327888,
    "duration": 20,
    "pid": 30469,
    "index": 70
  },
  {
    "name": "Load \"model\" to Application",
    "start": 1562699327879,
    "end": 1562699327888,
    "duration": 9,
    "pid": 30469,
    "index": 71
  }
]