[
  {
    "name": "Application Start",
    "start": 1562698116075,
    "end": 1562698116478,
    "duration": 403,
    "pid": 30053,
    "index": 0
  },
  {
    "name": "Load Plugin",
    "start": 1562698116080,
    "end": 1562698116087,
    "duration": 7,
    "pid": 30053,
    "index": 1
  },
  {
    "name": "Load Config",
    "start": 1562698116087,
    "end": 1562698116103,
    "duration": 16,
    "pid": 30053,
    "index": 2
  },
  {
    "name": "Require(0) config/config.default.js",
    "start": 1562698116087,
    "end": 1562698116088,
    "duration": 1,
    "pid": 30053,
    "index": 3
  },
  {
    "name": "Require(1) node_modules/egg-session/config/config.default.js",
    "start": 1562698116089,
    "end": 1562698116090,
    "duration": 1,
    "pid": 30053,
    "index": 4
  },
  {
    "name": "Require(2) node_modules/egg-security/config/config.default.js",
    "start": 1562698116090,
    "end": 1562698116090,
    "duration": 0,
    "pid": 30053,
    "index": 5
  },
  {
    "name": "Require(3) node_modules/egg-jsonp/config/config.default.js",
    "start": 1562698116091,
    "end": 1562698116091,
    "duration": 0,
    "pid": 30053,
    "index": 6
  },
  {
    "name": "Require(4) node_modules/egg-onerror/config/config.default.js",
    "start": 1562698116092,
    "end": 1562698116092,
    "duration": 0,
    "pid": 30053,
    "index": 7
  },
  {
    "name": "Require(5) node_modules/egg-i18n/config/config.default.js",
    "start": 1562698116092,
    "end": 1562698116092,
    "duration": 0,
    "pid": 30053,
    "index": 8
  },
  {
    "name": "Require(6) node_modules/egg-watcher/config/config.default.js",
    "start": 1562698116092,
    "end": 1562698116092,
    "duration": 0,
    "pid": 30053,
    "index": 9
  },
  {
    "name": "Require(7) node_modules/egg-schedule/config/config.default.js",
    "start": 1562698116093,
    "end": 1562698116093,
    "duration": 0,
    "pid": 30053,
    "index": 10
  },
  {
    "name": "Require(8) node_modules/egg-multipart/config/config.default.js",
    "start": 1562698116093,
    "end": 1562698116093,
    "duration": 0,
    "pid": 30053,
    "index": 11
  },
  {
    "name": "Require(9) node_modules/egg-development/config/config.default.js",
    "start": 1562698116093,
    "end": 1562698116094,
    "duration": 1,
    "pid": 30053,
    "index": 12
  },
  {
    "name": "Require(10) node_modules/egg-logrotator/config/config.default.js",
    "start": 1562698116094,
    "end": 1562698116094,
    "duration": 0,
    "pid": 30053,
    "index": 13
  },
  {
    "name": "Require(11) node_modules/egg-static/config/config.default.js",
    "start": 1562698116094,
    "end": 1562698116094,
    "duration": 0,
    "pid": 30053,
    "index": 14
  },
  {
    "name": "Require(12) node_modules/egg-view/config/config.default.js",
    "start": 1562698116094,
    "end": 1562698116095,
    "duration": 1,
    "pid": 30053,
    "index": 15
  },
  {
    "name": "Require(13) node_modules/egg-mongoose/config/config.default.js",
    "start": 1562698116095,
    "end": 1562698116095,
    "duration": 0,
    "pid": 30053,
    "index": 16
  },
  {
    "name": "Require(14) node_modules/egg-validate/config/config.default.js",
    "start": 1562698116096,
    "end": 1562698116096,
    "duration": 0,
    "pid": 30053,
    "index": 17
  },
  {
    "name": "Require(15) node_modules/egg/config/config.default.js",
    "start": 1562698116096,
    "end": 1562698116099,
    "duration": 3,
    "pid": 30053,
    "index": 18
  },
  {
    "name": "Require(16) config/config.default.js",
    "start": 1562698116100,
    "end": 1562698116100,
    "duration": 0,
    "pid": 30053,
    "index": 19
  },
  {
    "name": "Require(17) node_modules/egg-security/config/config.local.js",
    "start": 1562698116101,
    "end": 1562698116101,
    "duration": 0,
    "pid": 30053,
    "index": 20
  },
  {
    "name": "Require(18) node_modules/egg-watcher/config/config.local.js",
    "start": 1562698116101,
    "end": 1562698116101,
    "duration": 0,
    "pid": 30053,
    "index": 21
  },
  {
    "name": "Require(19) node_modules/egg-view/config/config.local.js",
    "start": 1562698116102,
    "end": 1562698116102,
    "duration": 0,
    "pid": 30053,
    "index": 22
  },
  {
    "name": "Require(20) node_modules/egg/config/config.local.js",
    "start": 1562698116102,
    "end": 1562698116103,
    "duration": 1,
    "pid": 30053,
    "index": 23
  },
  {
    "name": "Load extend/application.js",
    "start": 1562698116104,
    "end": 1562698116110,
    "duration": 6,
    "pid": 30053,
    "index": 24
  },
  {
    "name": "Require(21) node_modules/egg-session/app/extend/application.js",
    "start": 1562698116105,
    "end": 1562698116105,
    "duration": 0,
    "pid": 30053,
    "index": 25
  },
  {
    "name": "Require(22) node_modules/egg-security/app/extend/application.js",
    "start": 1562698116105,
    "end": 1562698116106,
    "duration": 1,
    "pid": 30053,
    "index": 26
  },
  {
    "name": "Require(23) node_modules/egg-jsonp/app/extend/application.js",
    "start": 1562698116106,
    "end": 1562698116107,
    "duration": 1,
    "pid": 30053,
    "index": 27
  },
  {
    "name": "Require(24) node_modules/egg-logrotator/app/extend/application.js",
    "start": 1562698116108,
    "end": 1562698116108,
    "duration": 0,
    "pid": 30053,
    "index": 28
  },
  {
    "name": "Require(25) node_modules/egg-view/app/extend/application.js",
    "start": 1562698116108,
    "end": 1562698116109,
    "duration": 1,
    "pid": 30053,
    "index": 29
  },
  {
    "name": "Load extend/request.js",
    "start": 1562698116110,
    "end": 1562698116114,
    "duration": 4,
    "pid": 30053,
    "index": 30
  },
  {
    "name": "Require(26) node_modules/egg/app/extend/request.js",
    "start": 1562698116112,
    "end": 1562698116112,
    "duration": 0,
    "pid": 30053,
    "index": 31
  },
  {
    "name": "Load extend/response.js",
    "start": 1562698116114,
    "end": 1562698116121,
    "duration": 7,
    "pid": 30053,
    "index": 32
  },
  {
    "name": "Require(27) node_modules/egg/app/extend/response.js",
    "start": 1562698116120,
    "end": 1562698116120,
    "duration": 0,
    "pid": 30053,
    "index": 33
  },
  {
    "name": "Load extend/context.js",
    "start": 1562698116121,
    "end": 1562698116154,
    "duration": 33,
    "pid": 30053,
    "index": 34
  },
  {
    "name": "Require(28) node_modules/egg-security/app/extend/context.js",
    "start": 1562698116121,
    "end": 1562698116126,
    "duration": 5,
    "pid": 30053,
    "index": 35
  },
  {
    "name": "Require(29) node_modules/egg-jsonp/app/extend/context.js",
    "start": 1562698116126,
    "end": 1562698116127,
    "duration": 1,
    "pid": 30053,
    "index": 36
  },
  {
    "name": "Require(30) node_modules/egg-i18n/app/extend/context.js",
    "start": 1562698116127,
    "end": 1562698116127,
    "duration": 0,
    "pid": 30053,
    "index": 37
  },
  {
    "name": "Require(31) node_modules/egg-multipart/app/extend/context.js",
    "start": 1562698116128,
    "end": 1562698116151,
    "duration": 23,
    "pid": 30053,
    "index": 38
  },
  {
    "name": "Require(32) node_modules/egg-view/app/extend/context.js",
    "start": 1562698116152,
    "end": 1562698116152,
    "duration": 0,
    "pid": 30053,
    "index": 39
  },
  {
    "name": "Require(33) node_modules/egg-mongoose/app/extend/context.js",
    "start": 1562698116152,
    "end": 1562698116152,
    "duration": 0,
    "pid": 30053,
    "index": 40
  },
  {
    "name": "Require(34) node_modules/egg-validate/app/extend/context.js",
    "start": 1562698116153,
    "end": 1562698116153,
    "duration": 0,
    "pid": 30053,
    "index": 41
  },
  {
    "name": "Require(35) node_modules/egg/app/extend/context.js",
    "start": 1562698116153,
    "end": 1562698116153,
    "duration": 0,
    "pid": 30053,
    "index": 42
  },
  {
    "name": "Load extend/helper.js",
    "start": 1562698116154,
    "end": 1562698116165,
    "duration": 11,
    "pid": 30053,
    "index": 43
  },
  {
    "name": "Require(36) node_modules/egg-security/app/extend/helper.js",
    "start": 1562698116154,
    "end": 1562698116164,
    "duration": 10,
    "pid": 30053,
    "index": 44
  },
  {
    "name": "Require(37) node_modules/egg/app/extend/helper.js",
    "start": 1562698116164,
    "end": 1562698116165,
    "duration": 1,
    "pid": 30053,
    "index": 45
  },
  {
    "name": "Load app.js",
    "start": 1562698116165,
    "end": 1562698116184,
    "duration": 19,
    "pid": 30053,
    "index": 46
  },
  {
    "name": "Require(38) node_modules/egg-session/app.js",
    "start": 1562698116166,
    "end": 1562698116166,
    "duration": 0,
    "pid": 30053,
    "index": 47
  },
  {
    "name": "Require(39) node_modules/egg-security/app.js",
    "start": 1562698116166,
    "end": 1562698116166,
    "duration": 0,
    "pid": 30053,
    "index": 48
  },
  {
    "name": "Require(40) node_modules/egg-onerror/app.js",
    "start": 1562698116166,
    "end": 1562698116170,
    "duration": 4,
    "pid": 30053,
    "index": 49
  },
  {
    "name": "Require(41) node_modules/egg-i18n/app.js",
    "start": 1562698116170,
    "end": 1562698116177,
    "duration": 7,
    "pid": 30053,
    "index": 50
  },
  {
    "name": "Require(42) node_modules/egg-watcher/app.js",
    "start": 1562698116177,
    "end": 1562698116179,
    "duration": 2,
    "pid": 30053,
    "index": 51
  },
  {
    "name": "Require(43) node_modules/egg-schedule/app.js",
    "start": 1562698116179,
    "end": 1562698116180,
    "duration": 1,
    "pid": 30053,
    "index": 52
  },
  {
    "name": "Require(44) node_modules/egg-multipart/app.js",
    "start": 1562698116180,
    "end": 1562698116181,
    "duration": 1,
    "pid": 30053,
    "index": 53
  },
  {
    "name": "Require(45) node_modules/egg-development/app.js",
    "start": 1562698116182,
    "end": 1562698116182,
    "duration": 0,
    "pid": 30053,
    "index": 54
  },
  {
    "name": "Require(46) node_modules/egg-logrotator/app.js",
    "start": 1562698116182,
    "end": 1562698116182,
    "duration": 0,
    "pid": 30053,
    "index": 55
  },
  {
    "name": "Require(47) node_modules/egg-static/app.js",
    "start": 1562698116182,
    "end": 1562698116182,
    "duration": 0,
    "pid": 30053,
    "index": 56
  },
  {
    "name": "Require(48) node_modules/egg-mongoose/app.js",
    "start": 1562698116182,
    "end": 1562698116182,
    "duration": 0,
    "pid": 30053,
    "index": 57
  },
  {
    "name": "Require(49) node_modules/egg-validate/app.js",
    "start": 1562698116183,
    "end": 1562698116183,
    "duration": 0,
    "pid": 30053,
    "index": 58
  },
  {
    "name": "Before Start in node_modules/egg-watcher/lib/init.js:15:14",
    "start": 1562698116192,
    "end": 1562698116477,
    "duration": 285,
    "pid": 30053,
    "index": 59
  },
  {
    "name": "Before Start in node_modules/egg-mongoose/lib/mongoose.js:91:7",
    "start": 1562698116360,
    "end": 1562698116469,
    "duration": 109,
    "pid": 30053,
    "index": 60
  },
  {
    "name": "Before Start in node_modules/egg-mongoose/lib/mongoose.js:49:9",
    "start": 1562698116361,
    "end": 1562698116443,
    "duration": 82,
    "pid": 30053,
    "index": 61
  },
  {
    "name": "Load Service",
    "start": 1562698116361,
    "end": 1562698116364,
    "duration": 3,
    "pid": 30053,
    "index": 62
  },
  {
    "name": "Load \"service\" to Context",
    "start": 1562698116361,
    "end": 1562698116364,
    "duration": 3,
    "pid": 30053,
    "index": 63
  },
  {
    "name": "Load Middleware",
    "start": 1562698116365,
    "end": 1562698116412,
    "duration": 47,
    "pid": 30053,
    "index": 64
  },
  {
    "name": "Load \"middlewares\" to Application",
    "start": 1562698116365,
    "end": 1562698116404,
    "duration": 39,
    "pid": 30053,
    "index": 65
  },
  {
    "name": "Load Controller",
    "start": 1562698116412,
    "end": 1562698116418,
    "duration": 6,
    "pid": 30053,
    "index": 66
  },
  {
    "name": "Load \"controller\" to Application",
    "start": 1562698116412,
    "end": 1562698116418,
    "duration": 6,
    "pid": 30053,
    "index": 67
  },
  {
    "name": "Load Router",
    "start": 1562698116419,
    "end": 1562698116424,
    "duration": 5,
    "pid": 30053,
    "index": 68
  },
  {
    "name": "Require(50) app/router.js",
    "start": 1562698116419,
    "end": 1562698116419,
    "duration": 0,
    "pid": 30053,
    "index": 69
  },
  {
    "name": "Before Start in node_modules/egg-core/lib/egg.js:303:10",
    "start": 1562698116419,
    "end": 1562698116443,
    "duration": 24,
    "pid": 30053,
    "index": 70
  },
  {
    "name": "Load \"model\" to Application",
    "start": 1562698116433,
    "end": 1562698116443,
    "duration": 10,
    "pid": 30053,
    "index": 71
  }
]