[
  {
    "name": "Application Start",
    "start": 1562699447215,
    "end": 1562699447535,
    "duration": 320,
    "pid": 30526,
    "index": 0
  },
  {
    "name": "Load Plugin",
    "start": 1562699447218,
    "end": 1562699447223,
    "duration": 5,
    "pid": 30526,
    "index": 1
  },
  {
    "name": "Load Config",
    "start": 1562699447224,
    "end": 1562699447235,
    "duration": 11,
    "pid": 30526,
    "index": 2
  },
  {
    "name": "Require(0) config/config.default.js",
    "start": 1562699447224,
    "end": 1562699447224,
    "duration": 0,
    "pid": 30526,
    "index": 3
  },
  {
    "name": "Require(1) node_modules/egg-session/config/config.default.js",
    "start": 1562699447225,
    "end": 1562699447225,
    "duration": 0,
    "pid": 30526,
    "index": 4
  },
  {
    "name": "Require(2) node_modules/egg-security/config/config.default.js",
    "start": 1562699447225,
    "end": 1562699447225,
    "duration": 0,
    "pid": 30526,
    "index": 5
  },
  {
    "name": "Require(3) node_modules/egg-jsonp/config/config.default.js",
    "start": 1562699447226,
    "end": 1562699447226,
    "duration": 0,
    "pid": 30526,
    "index": 6
  },
  {
    "name": "Require(4) node_modules/egg-onerror/config/config.default.js",
    "start": 1562699447226,
    "end": 1562699447226,
    "duration": 0,
    "pid": 30526,
    "index": 7
  },
  {
    "name": "Require(5) node_modules/egg-i18n/config/config.default.js",
    "start": 1562699447227,
    "end": 1562699447227,
    "duration": 0,
    "pid": 30526,
    "index": 8
  },
  {
    "name": "Require(6) node_modules/egg-watcher/config/config.default.js",
    "start": 1562699447227,
    "end": 1562699447227,
    "duration": 0,
    "pid": 30526,
    "index": 9
  },
  {
    "name": "Require(7) node_modules/egg-schedule/config/config.default.js",
    "start": 1562699447227,
    "end": 1562699447227,
    "duration": 0,
    "pid": 30526,
    "index": 10
  },
  {
    "name": "Require(8) node_modules/egg-multipart/config/config.default.js",
    "start": 1562699447228,
    "end": 1562699447228,
    "duration": 0,
    "pid": 30526,
    "index": 11
  },
  {
    "name": "Require(9) node_modules/egg-development/config/config.default.js",
    "start": 1562699447228,
    "end": 1562699447228,
    "duration": 0,
    "pid": 30526,
    "index": 12
  },
  {
    "name": "Require(10) node_modules/egg-logrotator/config/config.default.js",
    "start": 1562699447228,
    "end": 1562699447229,
    "duration": 1,
    "pid": 30526,
    "index": 13
  },
  {
    "name": "Require(11) node_modules/egg-static/config/config.default.js",
    "start": 1562699447229,
    "end": 1562699447229,
    "duration": 0,
    "pid": 30526,
    "index": 14
  },
  {
    "name": "Require(12) node_modules/egg-view/config/config.default.js",
    "start": 1562699447229,
    "end": 1562699447229,
    "duration": 0,
    "pid": 30526,
    "index": 15
  },
  {
    "name": "Require(13) node_modules/egg-mongoose/config/config.default.js",
    "start": 1562699447229,
    "end": 1562699447230,
    "duration": 1,
    "pid": 30526,
    "index": 16
  },
  {
    "name": "Require(14) node_modules/egg-validate/config/config.default.js",
    "start": 1562699447230,
    "end": 1562699447230,
    "duration": 0,
    "pid": 30526,
    "index": 17
  },
  {
    "name": "Require(15) node_modules/egg/config/config.default.js",
    "start": 1562699447230,
    "end": 1562699447230,
    "duration": 0,
    "pid": 30526,
    "index": 18
  },
  {
    "name": "Require(16) config/config.default.js",
    "start": 1562699447233,
    "end": 1562699447233,
    "duration": 0,
    "pid": 30526,
    "index": 19
  },
  {
    "name": "Require(17) node_modules/egg-security/config/config.local.js",
    "start": 1562699447234,
    "end": 1562699447234,
    "duration": 0,
    "pid": 30526,
    "index": 20
  },
  {
    "name": "Require(18) node_modules/egg-watcher/config/config.local.js",
    "start": 1562699447234,
    "end": 1562699447234,
    "duration": 0,
    "pid": 30526,
    "index": 21
  },
  {
    "name": "Require(19) node_modules/egg-view/config/config.local.js",
    "start": 1562699447235,
    "end": 1562699447235,
    "duration": 0,
    "pid": 30526,
    "index": 22
  },
  {
    "name": "Require(20) node_modules/egg/config/config.local.js",
    "start": 1562699447235,
    "end": 1562699447235,
    "duration": 0,
    "pid": 30526,
    "index": 23
  },
  {
    "name": "Load extend/application.js",
    "start": 1562699447236,
    "end": 1562699447241,
    "duration": 5,
    "pid": 30526,
    "index": 24
  },
  {
    "name": "Require(21) node_modules/egg-session/app/extend/application.js",
    "start": 1562699447237,
    "end": 1562699447237,
    "duration": 0,
    "pid": 30526,
    "index": 25
  },
  {
    "name": "Require(22) node_modules/egg-security/app/extend/application.js",
    "start": 1562699447237,
    "end": 1562699447237,
    "duration": 0,
    "pid": 30526,
    "index": 26
  },
  {
    "name": "Require(23) node_modules/egg-jsonp/app/extend/application.js",
    "start": 1562699447237,
    "end": 1562699447238,
    "duration": 1,
    "pid": 30526,
    "index": 27
  },
  {
    "name": "Require(24) node_modules/egg-logrotator/app/extend/application.js",
    "start": 1562699447239,
    "end": 1562699447239,
    "duration": 0,
    "pid": 30526,
    "index": 28
  },
  {
    "name": "Require(25) node_modules/egg-view/app/extend/application.js",
    "start": 1562699447239,
    "end": 1562699447240,
    "duration": 1,
    "pid": 30526,
    "index": 29
  },
  {
    "name": "Load extend/request.js",
    "start": 1562699447241,
    "end": 1562699447243,
    "duration": 2,
    "pid": 30526,
    "index": 30
  },
  {
    "name": "Require(26) node_modules/egg/app/extend/request.js",
    "start": 1562699447242,
    "end": 1562699447242,
    "duration": 0,
    "pid": 30526,
    "index": 31
  },
  {
    "name": "Load extend/response.js",
    "start": 1562699447243,
    "end": 1562699447249,
    "duration": 6,
    "pid": 30526,
    "index": 32
  },
  {
    "name": "Require(27) node_modules/egg/app/extend/response.js",
    "start": 1562699447248,
    "end": 1562699447249,
    "duration": 1,
    "pid": 30526,
    "index": 33
  },
  {
    "name": "Load extend/context.js",
    "start": 1562699447249,
    "end": 1562699447274,
    "duration": 25,
    "pid": 30526,
    "index": 34
  },
  {
    "name": "Require(28) node_modules/egg-security/app/extend/context.js",
    "start": 1562699447249,
    "end": 1562699447253,
    "duration": 4,
    "pid": 30526,
    "index": 35
  },
  {
    "name": "Require(29) node_modules/egg-jsonp/app/extend/context.js",
    "start": 1562699447253,
    "end": 1562699447253,
    "duration": 0,
    "pid": 30526,
    "index": 36
  },
  {
    "name": "Require(30) node_modules/egg-i18n/app/extend/context.js",
    "start": 1562699447253,
    "end": 1562699447253,
    "duration": 0,
    "pid": 30526,
    "index": 37
  },
  {
    "name": "Require(31) node_modules/egg-multipart/app/extend/context.js",
    "start": 1562699447254,
    "end": 1562699447271,
    "duration": 17,
    "pid": 30526,
    "index": 38
  },
  {
    "name": "Require(32) node_modules/egg-view/app/extend/context.js",
    "start": 1562699447272,
    "end": 1562699447272,
    "duration": 0,
    "pid": 30526,
    "index": 39
  },
  {
    "name": "Require(33) node_modules/egg-mongoose/app/extend/context.js",
    "start": 1562699447272,
    "end": 1562699447272,
    "duration": 0,
    "pid": 30526,
    "index": 40
  },
  {
    "name": "Require(34) node_modules/egg-validate/app/extend/context.js",
    "start": 1562699447272,
    "end": 1562699447272,
    "duration": 0,
    "pid": 30526,
    "index": 41
  },
  {
    "name": "Require(35) node_modules/egg/app/extend/context.js",
    "start": 1562699447273,
    "end": 1562699447273,
    "duration": 0,
    "pid": 30526,
    "index": 42
  },
  {
    "name": "Load extend/helper.js",
    "start": 1562699447274,
    "end": 1562699447282,
    "duration": 8,
    "pid": 30526,
    "index": 43
  },
  {
    "name": "Require(36) node_modules/egg-security/app/extend/helper.js",
    "start": 1562699447274,
    "end": 1562699447281,
    "duration": 7,
    "pid": 30526,
    "index": 44
  },
  {
    "name": "Require(37) node_modules/egg/app/extend/helper.js",
    "start": 1562699447281,
    "end": 1562699447282,
    "duration": 1,
    "pid": 30526,
    "index": 45
  },
  {
    "name": "Load app.js",
    "start": 1562699447282,
    "end": 1562699447297,
    "duration": 15,
    "pid": 30526,
    "index": 46
  },
  {
    "name": "Require(38) node_modules/egg-session/app.js",
    "start": 1562699447282,
    "end": 1562699447283,
    "duration": 1,
    "pid": 30526,
    "index": 47
  },
  {
    "name": "Require(39) node_modules/egg-security/app.js",
    "start": 1562699447283,
    "end": 1562699447283,
    "duration": 0,
    "pid": 30526,
    "index": 48
  },
  {
    "name": "Require(40) node_modules/egg-onerror/app.js",
    "start": 1562699447283,
    "end": 1562699447286,
    "duration": 3,
    "pid": 30526,
    "index": 49
  },
  {
    "name": "Require(41) node_modules/egg-i18n/app.js",
    "start": 1562699447286,
    "end": 1562699447292,
    "duration": 6,
    "pid": 30526,
    "index": 50
  },
  {
    "name": "Require(42) node_modules/egg-watcher/app.js",
    "start": 1562699447292,
    "end": 1562699447293,
    "duration": 1,
    "pid": 30526,
    "index": 51
  },
  {
    "name": "Require(43) node_modules/egg-schedule/app.js",
    "start": 1562699447293,
    "end": 1562699447294,
    "duration": 1,
    "pid": 30526,
    "index": 52
  },
  {
    "name": "Require(44) node_modules/egg-multipart/app.js",
    "start": 1562699447294,
    "end": 1562699447294,
    "duration": 0,
    "pid": 30526,
    "index": 53
  },
  {
    "name": "Require(45) node_modules/egg-development/app.js",
    "start": 1562699447295,
    "end": 1562699447295,
    "duration": 0,
    "pid": 30526,
    "index": 54
  },
  {
    "name": "Require(46) node_modules/egg-logrotator/app.js",
    "start": 1562699447295,
    "end": 1562699447295,
    "duration": 0,
    "pid": 30526,
    "index": 55
  },
  {
    "name": "Require(47) node_modules/egg-static/app.js",
    "start": 1562699447295,
    "end": 1562699447295,
    "duration": 0,
    "pid": 30526,
    "index": 56
  },
  {
    "name": "Require(48) node_modules/egg-mongoose/app.js",
    "start": 1562699447295,
    "end": 1562699447295,
    "duration": 0,
    "pid": 30526,
    "index": 57
  },
  {
    "name": "Require(49) node_modules/egg-validate/app.js",
    "start": 1562699447295,
    "end": 1562699447296,
    "duration": 1,
    "pid": 30526,
    "index": 58
  },
  {
    "name": "Before Start in node_modules/egg-watcher/lib/init.js:15:14",
    "start": 1562699447304,
    "end": 1562699447535,
    "duration": 231,
    "pid": 30526,
    "index": 59
  },
  {
    "name": "Before Start in node_modules/egg-mongoose/lib/mongoose.js:91:7",
    "start": 1562699447461,
    "end": 1562699447531,
    "duration": 70,
    "pid": 30526,
    "index": 60
  },
  {
    "name": "Before Start in node_modules/egg-mongoose/lib/mongoose.js:49:9",
    "start": 1562699447461,
    "end": 1562699447515,
    "duration": 54,
    "pid": 30526,
    "index": 61
  },
  {
    "name": "Load Service",
    "start": 1562699447461,
    "end": 1562699447464,
    "duration": 3,
    "pid": 30526,
    "index": 62
  },
  {
    "name": "Load \"service\" to Context",
    "start": 1562699447461,
    "end": 1562699447464,
    "duration": 3,
    "pid": 30526,
    "index": 63
  },
  {
    "name": "Load Middleware",
    "start": 1562699447464,
    "end": 1562699447495,
    "duration": 31,
    "pid": 30526,
    "index": 64
  },
  {
    "name": "Load \"middlewares\" to Application",
    "start": 1562699447464,
    "end": 1562699447490,
    "duration": 26,
    "pid": 30526,
    "index": 65
  },
  {
    "name": "Load Controller",
    "start": 1562699447495,
    "end": 1562699447499,
    "duration": 4,
    "pid": 30526,
    "index": 66
  },
  {
    "name": "Load \"controller\" to Application",
    "start": 1562699447495,
    "end": 1562699447499,
    "duration": 4,
    "pid": 30526,
    "index": 67
  },
  {
    "name": "Load Router",
    "start": 1562699447499,
    "end": 1562699447502,
    "duration": 3,
    "pid": 30526,
    "index": 68
  },
  {
    "name": "Require(50) app/router.js",
    "start": 1562699447499,
    "end": 1562699447499,
    "duration": 0,
    "pid": 30526,
    "index": 69
  },
  {
    "name": "Before Start in node_modules/egg-core/lib/egg.js:303:10",
    "start": 1562699447499,
    "end": 1562699447515,
    "duration": 16,
    "pid": 30526,
    "index": 70
  },
  {
    "name": "Load \"model\" to Application",
    "start": 1562699447508,
    "end": 1562699447514,
    "duration": 6,
    "pid": 30526,
    "index": 71
  }
]