[
  {
    "name": "Application Start",
    "start": 1562699721825,
    "end": 1562699722244,
    "duration": 419,
    "pid": 30607,
    "index": 0
  },
  {
    "name": "Load Plugin",
    "start": 1562699721828,
    "end": 1562699721836,
    "duration": 8,
    "pid": 30607,
    "index": 1
  },
  {
    "name": "Load Config",
    "start": 1562699721836,
    "end": 1562699721849,
    "duration": 13,
    "pid": 30607,
    "index": 2
  },
  {
    "name": "Require(0) config/config.default.js",
    "start": 1562699721836,
    "end": 1562699721836,
    "duration": 0,
    "pid": 30607,
    "index": 3
  },
  {
    "name": "Require(1) node_modules/egg-session/config/config.default.js",
    "start": 1562699721837,
    "end": 1562699721837,
    "duration": 0,
    "pid": 30607,
    "index": 4
  },
  {
    "name": "Require(2) node_modules/egg-security/config/config.default.js",
    "start": 1562699721838,
    "end": 1562699721838,
    "duration": 0,
    "pid": 30607,
    "index": 5
  },
  {
    "name": "Require(3) node_modules/egg-jsonp/config/config.default.js",
    "start": 1562699721838,
    "end": 1562699721839,
    "duration": 1,
    "pid": 30607,
    "index": 6
  },
  {
    "name": "Require(4) node_modules/egg-onerror/config/config.default.js",
    "start": 1562699721839,
    "end": 1562699721839,
    "duration": 0,
    "pid": 30607,
    "index": 7
  },
  {
    "name": "Require(5) node_modules/egg-i18n/config/config.default.js",
    "start": 1562699721839,
    "end": 1562699721839,
    "duration": 0,
    "pid": 30607,
    "index": 8
  },
  {
    "name": "Require(6) node_modules/egg-watcher/config/config.default.js",
    "start": 1562699721839,
    "end": 1562699721840,
    "duration": 1,
    "pid": 30607,
    "index": 9
  },
  {
    "name": "Require(7) node_modules/egg-schedule/config/config.default.js",
    "start": 1562699721840,
    "end": 1562699721840,
    "duration": 0,
    "pid": 30607,
    "index": 10
  },
  {
    "name": "Require(8) node_modules/egg-multipart/config/config.default.js",
    "start": 1562699721840,
    "end": 1562699721840,
    "duration": 0,
    "pid": 30607,
    "index": 11
  },
  {
    "name": "Require(9) node_modules/egg-development/config/config.default.js",
    "start": 1562699721840,
    "end": 1562699721841,
    "duration": 1,
    "pid": 30607,
    "index": 12
  },
  {
    "name": "Require(10) node_modules/egg-logrotator/config/config.default.js",
    "start": 1562699721841,
    "end": 1562699721841,
    "duration": 0,
    "pid": 30607,
    "index": 13
  },
  {
    "name": "Require(11) node_modules/egg-static/config/config.default.js",
    "start": 1562699721841,
    "end": 1562699721841,
    "duration": 0,
    "pid": 30607,
    "index": 14
  },
  {
    "name": "Require(12) node_modules/egg-view/config/config.default.js",
    "start": 1562699721841,
    "end": 1562699721842,
    "duration": 1,
    "pid": 30607,
    "index": 15
  },
  {
    "name": "Require(13) node_modules/egg-mongoose/config/config.default.js",
    "start": 1562699721842,
    "end": 1562699721842,
    "duration": 0,
    "pid": 30607,
    "index": 16
  },
  {
    "name": "Require(14) node_modules/egg-validate/config/config.default.js",
    "start": 1562699721842,
    "end": 1562699721842,
    "duration": 0,
    "pid": 30607,
    "index": 17
  },
  {
    "name": "Require(15) node_modules/egg/config/config.default.js",
    "start": 1562699721842,
    "end": 1562699721842,
    "duration": 0,
    "pid": 30607,
    "index": 18
  },
  {
    "name": "Require(16) config/config.default.js",
    "start": 1562699721847,
    "end": 1562699721847,
    "duration": 0,
    "pid": 30607,
    "index": 19
  },
  {
    "name": "Require(17) node_modules/egg-security/config/config.local.js",
    "start": 1562699721847,
    "end": 1562699721848,
    "duration": 1,
    "pid": 30607,
    "index": 20
  },
  {
    "name": "Require(18) node_modules/egg-watcher/config/config.local.js",
    "start": 1562699721848,
    "end": 1562699721848,
    "duration": 0,
    "pid": 30607,
    "index": 21
  },
  {
    "name": "Require(19) node_modules/egg-view/config/config.local.js",
    "start": 1562699721849,
    "end": 1562699721849,
    "duration": 0,
    "pid": 30607,
    "index": 22
  },
  {
    "name": "Require(20) node_modules/egg/config/config.local.js",
    "start": 1562699721849,
    "end": 1562699721849,
    "duration": 0,
    "pid": 30607,
    "index": 23
  },
  {
    "name": "Load extend/application.js",
    "start": 1562699721850,
    "end": 1562699721855,
    "duration": 5,
    "pid": 30607,
    "index": 24
  },
  {
    "name": "Require(21) node_modules/egg-session/app/extend/application.js",
    "start": 1562699721851,
    "end": 1562699721851,
    "duration": 0,
    "pid": 30607,
    "index": 25
  },
  {
    "name": "Require(22) node_modules/egg-security/app/extend/application.js",
    "start": 1562699721851,
    "end": 1562699721851,
    "duration": 0,
    "pid": 30607,
    "index": 26
  },
  {
    "name": "Require(23) node_modules/egg-jsonp/app/extend/application.js",
    "start": 1562699721852,
    "end": 1562699721852,
    "duration": 0,
    "pid": 30607,
    "index": 27
  },
  {
    "name": "Require(24) node_modules/egg-logrotator/app/extend/application.js",
    "start": 1562699721853,
    "end": 1562699721853,
    "duration": 0,
    "pid": 30607,
    "index": 28
  },
  {
    "name": "Require(25) node_modules/egg-view/app/extend/application.js",
    "start": 1562699721853,
    "end": 1562699721854,
    "duration": 1,
    "pid": 30607,
    "index": 29
  },
  {
    "name": "Load extend/request.js",
    "start": 1562699721855,
    "end": 1562699721862,
    "duration": 7,
    "pid": 30607,
    "index": 30
  },
  {
    "name": "Require(26) node_modules/egg/app/extend/request.js",
    "start": 1562699721856,
    "end": 1562699721856,
    "duration": 0,
    "pid": 30607,
    "index": 31
  },
  {
    "name": "Load extend/response.js",
    "start": 1562699721863,
    "end": 1562699721865,
    "duration": 2,
    "pid": 30607,
    "index": 32
  },
  {
    "name": "Require(27) node_modules/egg/app/extend/response.js",
    "start": 1562699721863,
    "end": 1562699721864,
    "duration": 1,
    "pid": 30607,
    "index": 33
  },
  {
    "name": "Load extend/context.js",
    "start": 1562699721865,
    "end": 1562699721899,
    "duration": 34,
    "pid": 30607,
    "index": 34
  },
  {
    "name": "Require(28) node_modules/egg-security/app/extend/context.js",
    "start": 1562699721865,
    "end": 1562699721869,
    "duration": 4,
    "pid": 30607,
    "index": 35
  },
  {
    "name": "Require(29) node_modules/egg-jsonp/app/extend/context.js",
    "start": 1562699721869,
    "end": 1562699721870,
    "duration": 1,
    "pid": 30607,
    "index": 36
  },
  {
    "name": "Require(30) node_modules/egg-i18n/app/extend/context.js",
    "start": 1562699721870,
    "end": 1562699721870,
    "duration": 0,
    "pid": 30607,
    "index": 37
  },
  {
    "name": "Require(31) node_modules/egg-multipart/app/extend/context.js",
    "start": 1562699721870,
    "end": 1562699721894,
    "duration": 24,
    "pid": 30607,
    "index": 38
  },
  {
    "name": "Require(32) node_modules/egg-view/app/extend/context.js",
    "start": 1562699721894,
    "end": 1562699721894,
    "duration": 0,
    "pid": 30607,
    "index": 39
  },
  {
    "name": "Require(33) node_modules/egg-mongoose/app/extend/context.js",
    "start": 1562699721895,
    "end": 1562699721895,
    "duration": 0,
    "pid": 30607,
    "index": 40
  },
  {
    "name": "Require(34) node_modules/egg-validate/app/extend/context.js",
    "start": 1562699721895,
    "end": 1562699721896,
    "duration": 1,
    "pid": 30607,
    "index": 41
  },
  {
    "name": "Require(35) node_modules/egg/app/extend/context.js",
    "start": 1562699721896,
    "end": 1562699721897,
    "duration": 1,
    "pid": 30607,
    "index": 42
  },
  {
    "name": "Load extend/helper.js",
    "start": 1562699721899,
    "end": 1562699721909,
    "duration": 10,
    "pid": 30607,
    "index": 43
  },
  {
    "name": "Require(36) node_modules/egg-security/app/extend/helper.js",
    "start": 1562699721899,
    "end": 1562699721908,
    "duration": 9,
    "pid": 30607,
    "index": 44
  },
  {
    "name": "Require(37) node_modules/egg/app/extend/helper.js",
    "start": 1562699721908,
    "end": 1562699721908,
    "duration": 0,
    "pid": 30607,
    "index": 45
  },
  {
    "name": "Load app.js",
    "start": 1562699721909,
    "end": 1562699721928,
    "duration": 19,
    "pid": 30607,
    "index": 46
  },
  {
    "name": "Require(38) node_modules/egg-session/app.js",
    "start": 1562699721909,
    "end": 1562699721909,
    "duration": 0,
    "pid": 30607,
    "index": 47
  },
  {
    "name": "Require(39) node_modules/egg-security/app.js",
    "start": 1562699721910,
    "end": 1562699721910,
    "duration": 0,
    "pid": 30607,
    "index": 48
  },
  {
    "name": "Require(40) node_modules/egg-onerror/app.js",
    "start": 1562699721911,
    "end": 1562699721916,
    "duration": 5,
    "pid": 30607,
    "index": 49
  },
  {
    "name": "Require(41) node_modules/egg-i18n/app.js",
    "start": 1562699721916,
    "end": 1562699721922,
    "duration": 6,
    "pid": 30607,
    "index": 50
  },
  {
    "name": "Require(42) node_modules/egg-watcher/app.js",
    "start": 1562699721922,
    "end": 1562699721924,
    "duration": 2,
    "pid": 30607,
    "index": 51
  },
  {
    "name": "Require(43) node_modules/egg-schedule/app.js",
    "start": 1562699721924,
    "end": 1562699721924,
    "duration": 0,
    "pid": 30607,
    "index": 52
  },
  {
    "name": "Require(44) node_modules/egg-multipart/app.js",
    "start": 1562699721924,
    "end": 1562699721925,
    "duration": 1,
    "pid": 30607,
    "index": 53
  },
  {
    "name": "Require(45) node_modules/egg-development/app.js",
    "start": 1562699721925,
    "end": 1562699721925,
    "duration": 0,
    "pid": 30607,
    "index": 54
  },
  {
    "name": "Require(46) node_modules/egg-logrotator/app.js",
    "start": 1562699721925,
    "end": 1562699721926,
    "duration": 1,
    "pid": 30607,
    "index": 55
  },
  {
    "name": "Require(47) node_modules/egg-static/app.js",
    "start": 1562699721926,
    "end": 1562699721926,
    "duration": 0,
    "pid": 30607,
    "index": 56
  },
  {
    "name": "Require(48) node_modules/egg-mongoose/app.js",
    "start": 1562699721926,
    "end": 1562699721926,
    "duration": 0,
    "pid": 30607,
    "index": 57
  },
  {
    "name": "Require(49) node_modules/egg-validate/app.js",
    "start": 1562699721926,
    "end": 1562699721927,
    "duration": 1,
    "pid": 30607,
    "index": 58
  },
  {
    "name": "Before Start in node_modules/egg-watcher/lib/init.js:15:14",
    "start": 1562699721937,
    "end": 1562699722243,
    "duration": 306,
    "pid": 30607,
    "index": 59
  },
  {
    "name": "Before Start in node_modules/egg-mongoose/lib/mongoose.js:91:7",
    "start": 1562699722155,
    "end": 1562699722238,
    "duration": 83,
    "pid": 30607,
    "index": 60
  },
  {
    "name": "Before Start in node_modules/egg-mongoose/lib/mongoose.js:49:9",
    "start": 1562699722155,
    "end": 1562699722219,
    "duration": 64,
    "pid": 30607,
    "index": 61
  },
  {
    "name": "Load Service",
    "start": 1562699722155,
    "end": 1562699722158,
    "duration": 3,
    "pid": 30607,
    "index": 62
  },
  {
    "name": "Load \"service\" to Context",
    "start": 1562699722155,
    "end": 1562699722158,
    "duration": 3,
    "pid": 30607,
    "index": 63
  },
  {
    "name": "Load Middleware",
    "start": 1562699722158,
    "end": 1562699722193,
    "duration": 35,
    "pid": 30607,
    "index": 64
  },
  {
    "name": "Load \"middlewares\" to Application",
    "start": 1562699722159,
    "end": 1562699722188,
    "duration": 29,
    "pid": 30607,
    "index": 65
  },
  {
    "name": "Load Controller",
    "start": 1562699722194,
    "end": 1562699722198,
    "duration": 4,
    "pid": 30607,
    "index": 66
  },
  {
    "name": "Load \"controller\" to Application",
    "start": 1562699722194,
    "end": 1562699722198,
    "duration": 4,
    "pid": 30607,
    "index": 67
  },
  {
    "name": "Load Router",
    "start": 1562699722198,
    "end": 1562699722202,
    "duration": 4,
    "pid": 30607,
    "index": 68
  },
  {
    "name": "Require(50) app/router.js",
    "start": 1562699722198,
    "end": 1562699722198,
    "duration": 0,
    "pid": 30607,
    "index": 69
  },
  {
    "name": "Before Start in node_modules/egg-core/lib/egg.js:303:10",
    "start": 1562699722199,
    "end": 1562699722219,
    "duration": 20,
    "pid": 30607,
    "index": 70
  },
  {
    "name": "Load \"model\" to Application",
    "start": 1562699722209,
    "end": 1562699722218,
    "duration": 9,
    "pid": 30607,
    "index": 71
  }
]