[
  {
    "name": "Application Start",
    "start": 1562698027241,
    "end": 1562698027748,
    "duration": 507,
    "pid": 30019,
    "index": 0
  },
  {
    "name": "Load Plugin",
    "start": 1562698027244,
    "end": 1562698027258,
    "duration": 14,
    "pid": 30019,
    "index": 1
  },
  {
    "name": "Load Config",
    "start": 1562698027258,
    "end": 1562698027280,
    "duration": 22,
    "pid": 30019,
    "index": 2
  },
  {
    "name": "Require(0) config/config.default.js",
    "start": 1562698027259,
    "end": 1562698027259,
    "duration": 0,
    "pid": 30019,
    "index": 3
  },
  {
    "name": "Require(1) node_modules/egg-session/config/config.default.js",
    "start": 1562698027260,
    "end": 1562698027261,
    "duration": 1,
    "pid": 30019,
    "index": 4
  },
  {
    "name": "Require(2) node_modules/egg-security/config/config.default.js",
    "start": 1562698027261,
    "end": 1562698027261,
    "duration": 0,
    "pid": 30019,
    "index": 5
  },
  {
    "name": "Require(3) node_modules/egg-jsonp/config/config.default.js",
    "start": 1562698027262,
    "end": 1562698027263,
    "duration": 1,
    "pid": 30019,
    "index": 6
  },
  {
    "name": "Require(4) node_modules/egg-onerror/config/config.default.js",
    "start": 1562698027263,
    "end": 1562698027264,
    "duration": 1,
    "pid": 30019,
    "index": 7
  },
  {
    "name": "Require(5) node_modules/egg-i18n/config/config.default.js",
    "start": 1562698027264,
    "end": 1562698027264,
    "duration": 0,
    "pid": 30019,
    "index": 8
  },
  {
    "name": "Require(6) node_modules/egg-watcher/config/config.default.js",
    "start": 1562698027265,
    "end": 1562698027266,
    "duration": 1,
    "pid": 30019,
    "index": 9
  },
  {
    "name": "Require(7) node_modules/egg-schedule/config/config.default.js",
    "start": 1562698027266,
    "end": 1562698027266,
    "duration": 0,
    "pid": 30019,
    "index": 10
  },
  {
    "name": "Require(8) node_modules/egg-multipart/config/config.default.js",
    "start": 1562698027267,
    "end": 1562698027267,
    "duration": 0,
    "pid": 30019,
    "index": 11
  },
  {
    "name": "Require(9) node_modules/egg-development/config/config.default.js",
    "start": 1562698027268,
    "end": 1562698027268,
    "duration": 0,
    "pid": 30019,
    "index": 12
  },
  {
    "name": "Require(10) node_modules/egg-logrotator/config/config.default.js",
    "start": 1562698027268,
    "end": 1562698027269,
    "duration": 1,
    "pid": 30019,
    "index": 13
  },
  {
    "name": "Require(11) node_modules/egg-static/config/config.default.js",
    "start": 1562698027269,
    "end": 1562698027270,
    "duration": 1,
    "pid": 30019,
    "index": 14
  },
  {
    "name": "Require(12) node_modules/egg-view/config/config.default.js",
    "start": 1562698027270,
    "end": 1562698027271,
    "duration": 1,
    "pid": 30019,
    "index": 15
  },
  {
    "name": "Require(13) node_modules/egg-mongoose/config/config.default.js",
    "start": 1562698027271,
    "end": 1562698027272,
    "duration": 1,
    "pid": 30019,
    "index": 16
  },
  {
    "name": "Require(14) node_modules/egg-validate/config/config.default.js",
    "start": 1562698027272,
    "end": 1562698027273,
    "duration": 1,
    "pid": 30019,
    "index": 17
  },
  {
    "name": "Require(15) node_modules/egg/config/config.default.js",
    "start": 1562698027273,
    "end": 1562698027274,
    "duration": 1,
    "pid": 30019,
    "index": 18
  },
  {
    "name": "Require(16) config/config.default.js",
    "start": 1562698027277,
    "end": 1562698027277,
    "duration": 0,
    "pid": 30019,
    "index": 19
  },
  {
    "name": "Require(17) node_modules/egg-security/config/config.local.js",
    "start": 1562698027277,
    "end": 1562698027278,
    "duration": 1,
    "pid": 30019,
    "index": 20
  },
  {
    "name": "Require(18) node_modules/egg-watcher/config/config.local.js",
    "start": 1562698027278,
    "end": 1562698027279,
    "duration": 1,
    "pid": 30019,
    "index": 21
  },
  {
    "name": "Require(19) node_modules/egg-view/config/config.local.js",
    "start": 1562698027279,
    "end": 1562698027280,
    "duration": 1,
    "pid": 30019,
    "index": 22
  },
  {
    "name": "Require(20) node_modules/egg/config/config.local.js",
    "start": 1562698027280,
    "end": 1562698027280,
    "duration": 0,
    "pid": 30019,
    "index": 23
  },
  {
    "name": "Load extend/application.js",
    "start": 1562698027281,
    "end": 1562698027294,
    "duration": 13,
    "pid": 30019,
    "index": 24
  },
  {
    "name": "Require(21) node_modules/egg-session/app/extend/application.js",
    "start": 1562698027282,
    "end": 1562698027282,
    "duration": 0,
    "pid": 30019,
    "index": 25
  },
  {
    "name": "Require(22) node_modules/egg-security/app/extend/application.js",
    "start": 1562698027282,
    "end": 1562698027283,
    "duration": 1,
    "pid": 30019,
    "index": 26
  },
  {
    "name": "Require(23) node_modules/egg-jsonp/app/extend/application.js",
    "start": 1562698027284,
    "end": 1562698027285,
    "duration": 1,
    "pid": 30019,
    "index": 27
  },
  {
    "name": "Require(24) node_modules/egg-logrotator/app/extend/application.js",
    "start": 1562698027286,
    "end": 1562698027287,
    "duration": 1,
    "pid": 30019,
    "index": 28
  },
  {
    "name": "Require(25) node_modules/egg-view/app/extend/application.js",
    "start": 1562698027287,
    "end": 1562698027288,
    "duration": 1,
    "pid": 30019,
    "index": 29
  },
  {
    "name": "Load extend/request.js",
    "start": 1562698027294,
    "end": 1562698027296,
    "duration": 2,
    "pid": 30019,
    "index": 30
  },
  {
    "name": "Require(26) node_modules/egg/app/extend/request.js",
    "start": 1562698027294,
    "end": 1562698027295,
    "duration": 1,
    "pid": 30019,
    "index": 31
  },
  {
    "name": "Load extend/response.js",
    "start": 1562698027296,
    "end": 1562698027298,
    "duration": 2,
    "pid": 30019,
    "index": 32
  },
  {
    "name": "Require(27) node_modules/egg/app/extend/response.js",
    "start": 1562698027297,
    "end": 1562698027298,
    "duration": 1,
    "pid": 30019,
    "index": 33
  },
  {
    "name": "Load extend/context.js",
    "start": 1562698027298,
    "end": 1562698027337,
    "duration": 39,
    "pid": 30019,
    "index": 34
  },
  {
    "name": "Require(28) node_modules/egg-security/app/extend/context.js",
    "start": 1562698027298,
    "end": 1562698027305,
    "duration": 7,
    "pid": 30019,
    "index": 35
  },
  {
    "name": "Require(29) node_modules/egg-jsonp/app/extend/context.js",
    "start": 1562698027305,
    "end": 1562698027307,
    "duration": 2,
    "pid": 30019,
    "index": 36
  },
  {
    "name": "Require(30) node_modules/egg-i18n/app/extend/context.js",
    "start": 1562698027307,
    "end": 1562698027307,
    "duration": 0,
    "pid": 30019,
    "index": 37
  },
  {
    "name": "Require(31) node_modules/egg-multipart/app/extend/context.js",
    "start": 1562698027307,
    "end": 1562698027333,
    "duration": 26,
    "pid": 30019,
    "index": 38
  },
  {
    "name": "Require(32) node_modules/egg-view/app/extend/context.js",
    "start": 1562698027333,
    "end": 1562698027334,
    "duration": 1,
    "pid": 30019,
    "index": 39
  },
  {
    "name": "Require(33) node_modules/egg-mongoose/app/extend/context.js",
    "start": 1562698027334,
    "end": 1562698027335,
    "duration": 1,
    "pid": 30019,
    "index": 40
  },
  {
    "name": "Require(34) node_modules/egg-validate/app/extend/context.js",
    "start": 1562698027335,
    "end": 1562698027335,
    "duration": 0,
    "pid": 30019,
    "index": 41
  },
  {
    "name": "Require(35) node_modules/egg/app/extend/context.js",
    "start": 1562698027335,
    "end": 1562698027336,
    "duration": 1,
    "pid": 30019,
    "index": 42
  },
  {
    "name": "Load extend/helper.js",
    "start": 1562698027337,
    "end": 1562698027349,
    "duration": 12,
    "pid": 30019,
    "index": 43
  },
  {
    "name": "Require(36) node_modules/egg-security/app/extend/helper.js",
    "start": 1562698027337,
    "end": 1562698027348,
    "duration": 11,
    "pid": 30019,
    "index": 44
  },
  {
    "name": "Require(37) node_modules/egg/app/extend/helper.js",
    "start": 1562698027348,
    "end": 1562698027349,
    "duration": 1,
    "pid": 30019,
    "index": 45
  },
  {
    "name": "Load app.js",
    "start": 1562698027350,
    "end": 1562698027375,
    "duration": 25,
    "pid": 30019,
    "index": 46
  },
  {
    "name": "Require(38) node_modules/egg-session/app.js",
    "start": 1562698027350,
    "end": 1562698027350,
    "duration": 0,
    "pid": 30019,
    "index": 47
  },
  {
    "name": "Require(39) node_modules/egg-security/app.js",
    "start": 1562698027350,
    "end": 1562698027351,
    "duration": 1,
    "pid": 30019,
    "index": 48
  },
  {
    "name": "Require(40) node_modules/egg-onerror/app.js",
    "start": 1562698027351,
    "end": 1562698027357,
    "duration": 6,
    "pid": 30019,
    "index": 49
  },
  {
    "name": "Require(41) node_modules/egg-i18n/app.js",
    "start": 1562698027357,
    "end": 1562698027366,
    "duration": 9,
    "pid": 30019,
    "index": 50
  },
  {
    "name": "Require(42) node_modules/egg-watcher/app.js",
    "start": 1562698027366,
    "end": 1562698027368,
    "duration": 2,
    "pid": 30019,
    "index": 51
  },
  {
    "name": "Require(43) node_modules/egg-schedule/app.js",
    "start": 1562698027368,
    "end": 1562698027369,
    "duration": 1,
    "pid": 30019,
    "index": 52
  },
  {
    "name": "Require(44) node_modules/egg-multipart/app.js",
    "start": 1562698027369,
    "end": 1562698027371,
    "duration": 2,
    "pid": 30019,
    "index": 53
  },
  {
    "name": "Require(45) node_modules/egg-development/app.js",
    "start": 1562698027371,
    "end": 1562698027371,
    "duration": 0,
    "pid": 30019,
    "index": 54
  },
  {
    "name": "Require(46) node_modules/egg-logrotator/app.js",
    "start": 1562698027371,
    "end": 1562698027372,
    "duration": 1,
    "pid": 30019,
    "index": 55
  },
  {
    "name": "Require(47) node_modules/egg-static/app.js",
    "start": 1562698027372,
    "end": 1562698027372,
    "duration": 0,
    "pid": 30019,
    "index": 56
  },
  {
    "name": "Require(48) node_modules/egg-mongoose/app.js",
    "start": 1562698027372,
    "end": 1562698027373,
    "duration": 1,
    "pid": 30019,
    "index": 57
  },
  {
    "name": "Require(49) node_modules/egg-validate/app.js",
    "start": 1562698027373,
    "end": 1562698027374,
    "duration": 1,
    "pid": 30019,
    "index": 58
  },
  {
    "name": "Before Start in node_modules/egg-watcher/lib/init.js:15:14",
    "start": 1562698027383,
    "end": 1562698027747,
    "duration": 364,
    "pid": 30019,
    "index": 59
  },
  {
    "name": "Before Start in node_modules/egg-mongoose/lib/mongoose.js:91:7",
    "start": 1562698027630,
    "end": 1562698027743,
    "duration": 113,
    "pid": 30019,
    "index": 60
  },
  {
    "name": "Before Start in node_modules/egg-mongoose/lib/mongoose.js:49:9",
    "start": 1562698027630,
    "end": 1562698027727,
    "duration": 97,
    "pid": 30019,
    "index": 61
  },
  {
    "name": "Load Service",
    "start": 1562698027630,
    "end": 1562698027633,
    "duration": 3,
    "pid": 30019,
    "index": 62
  },
  {
    "name": "Load \"service\" to Context",
    "start": 1562698027630,
    "end": 1562698027633,
    "duration": 3,
    "pid": 30019,
    "index": 63
  },
  {
    "name": "Load Middleware",
    "start": 1562698027633,
    "end": 1562698027704,
    "duration": 71,
    "pid": 30019,
    "index": 64
  },
  {
    "name": "Load \"middlewares\" to Application",
    "start": 1562698027634,
    "end": 1562698027694,
    "duration": 60,
    "pid": 30019,
    "index": 65
  },
  {
    "name": "Load Controller",
    "start": 1562698027704,
    "end": 1562698027706,
    "duration": 2,
    "pid": 30019,
    "index": 66
  },
  {
    "name": "Load \"controller\" to Application",
    "start": 1562698027704,
    "end": 1562698027706,
    "duration": 2,
    "pid": 30019,
    "index": 67
  },
  {
    "name": "Load Router",
    "start": 1562698027706,
    "end": 1562698027713,
    "duration": 7,
    "pid": 30019,
    "index": 68
  },
  {
    "name": "Require(50) app/router.js",
    "start": 1562698027706,
    "end": 1562698027710,
    "duration": 4,
    "pid": 30019,
    "index": 69
  },
  {
    "name": "Before Start in node_modules/egg-core/lib/egg.js:303:10",
    "start": 1562698027710,
    "end": 1562698027727,
    "duration": 17,
    "pid": 30019,
    "index": 70
  },
  {
    "name": "Load \"model\" to Application",
    "start": 1562698027719,
    "end": 1562698027727,
    "duration": 8,
    "pid": 30019,
    "index": 71
  }
]