[
  {
    "name": "Application Start",
    "start": 1562699740594,
    "end": 1562699740929,
    "duration": 335,
    "pid": 30626,
    "index": 0
  },
  {
    "name": "Load Plugin",
    "start": 1562699740597,
    "end": 1562699740603,
    "duration": 6,
    "pid": 30626,
    "index": 1
  },
  {
    "name": "Load Config",
    "start": 1562699740603,
    "end": 1562699740616,
    "duration": 13,
    "pid": 30626,
    "index": 2
  },
  {
    "name": "Require(0) config/config.default.js",
    "start": 1562699740603,
    "end": 1562699740604,
    "duration": 1,
    "pid": 30626,
    "index": 3
  },
  {
    "name": "Require(1) node_modules/egg-session/config/config.default.js",
    "start": 1562699740604,
    "end": 1562699740604,
    "duration": 0,
    "pid": 30626,
    "index": 4
  },
  {
    "name": "Require(2) node_modules/egg-security/config/config.default.js",
    "start": 1562699740605,
    "end": 1562699740605,
    "duration": 0,
    "pid": 30626,
    "index": 5
  },
  {
    "name": "Require(3) node_modules/egg-jsonp/config/config.default.js",
    "start": 1562699740605,
    "end": 1562699740605,
    "duration": 0,
    "pid": 30626,
    "index": 6
  },
  {
    "name": "Require(4) node_modules/egg-onerror/config/config.default.js",
    "start": 1562699740606,
    "end": 1562699740606,
    "duration": 0,
    "pid": 30626,
    "index": 7
  },
  {
    "name": "Require(5) node_modules/egg-i18n/config/config.default.js",
    "start": 1562699740606,
    "end": 1562699740606,
    "duration": 0,
    "pid": 30626,
    "index": 8
  },
  {
    "name": "Require(6) node_modules/egg-watcher/config/config.default.js",
    "start": 1562699740606,
    "end": 1562699740607,
    "duration": 1,
    "pid": 30626,
    "index": 9
  },
  {
    "name": "Require(7) node_modules/egg-schedule/config/config.default.js",
    "start": 1562699740607,
    "end": 1562699740607,
    "duration": 0,
    "pid": 30626,
    "index": 10
  },
  {
    "name": "Require(8) node_modules/egg-multipart/config/config.default.js",
    "start": 1562699740607,
    "end": 1562699740607,
    "duration": 0,
    "pid": 30626,
    "index": 11
  },
  {
    "name": "Require(9) node_modules/egg-development/config/config.default.js",
    "start": 1562699740608,
    "end": 1562699740608,
    "duration": 0,
    "pid": 30626,
    "index": 12
  },
  {
    "name": "Require(10) node_modules/egg-logrotator/config/config.default.js",
    "start": 1562699740608,
    "end": 1562699740608,
    "duration": 0,
    "pid": 30626,
    "index": 13
  },
  {
    "name": "Require(11) node_modules/egg-static/config/config.default.js",
    "start": 1562699740608,
    "end": 1562699740609,
    "duration": 1,
    "pid": 30626,
    "index": 14
  },
  {
    "name": "Require(12) node_modules/egg-view/config/config.default.js",
    "start": 1562699740609,
    "end": 1562699740609,
    "duration": 0,
    "pid": 30626,
    "index": 15
  },
  {
    "name": "Require(13) node_modules/egg-mongoose/config/config.default.js",
    "start": 1562699740609,
    "end": 1562699740609,
    "duration": 0,
    "pid": 30626,
    "index": 16
  },
  {
    "name": "Require(14) node_modules/egg-validate/config/config.default.js",
    "start": 1562699740610,
    "end": 1562699740610,
    "duration": 0,
    "pid": 30626,
    "index": 17
  },
  {
    "name": "Require(15) node_modules/egg/config/config.default.js",
    "start": 1562699740610,
    "end": 1562699740610,
    "duration": 0,
    "pid": 30626,
    "index": 18
  },
  {
    "name": "Require(16) config/config.default.js",
    "start": 1562699740613,
    "end": 1562699740613,
    "duration": 0,
    "pid": 30626,
    "index": 19
  },
  {
    "name": "Require(17) node_modules/egg-security/config/config.local.js",
    "start": 1562699740613,
    "end": 1562699740613,
    "duration": 0,
    "pid": 30626,
    "index": 20
  },
  {
    "name": "Require(18) node_modules/egg-watcher/config/config.local.js",
    "start": 1562699740614,
    "end": 1562699740615,
    "duration": 1,
    "pid": 30626,
    "index": 21
  },
  {
    "name": "Require(19) node_modules/egg-view/config/config.local.js",
    "start": 1562699740615,
    "end": 1562699740615,
    "duration": 0,
    "pid": 30626,
    "index": 22
  },
  {
    "name": "Require(20) node_modules/egg/config/config.local.js",
    "start": 1562699740615,
    "end": 1562699740615,
    "duration": 0,
    "pid": 30626,
    "index": 23
  },
  {
    "name": "Load extend/application.js",
    "start": 1562699740616,
    "end": 1562699740621,
    "duration": 5,
    "pid": 30626,
    "index": 24
  },
  {
    "name": "Require(21) node_modules/egg-session/app/extend/application.js",
    "start": 1562699740617,
    "end": 1562699740617,
    "duration": 0,
    "pid": 30626,
    "index": 25
  },
  {
    "name": "Require(22) node_modules/egg-security/app/extend/application.js",
    "start": 1562699740617,
    "end": 1562699740618,
    "duration": 1,
    "pid": 30626,
    "index": 26
  },
  {
    "name": "Require(23) node_modules/egg-jsonp/app/extend/application.js",
    "start": 1562699740618,
    "end": 1562699740618,
    "duration": 0,
    "pid": 30626,
    "index": 27
  },
  {
    "name": "Require(24) node_modules/egg-logrotator/app/extend/application.js",
    "start": 1562699740619,
    "end": 1562699740620,
    "duration": 1,
    "pid": 30626,
    "index": 28
  },
  {
    "name": "Require(25) node_modules/egg-view/app/extend/application.js",
    "start": 1562699740620,
    "end": 1562699740620,
    "duration": 0,
    "pid": 30626,
    "index": 29
  },
  {
    "name": "Load extend/request.js",
    "start": 1562699740621,
    "end": 1562699740628,
    "duration": 7,
    "pid": 30626,
    "index": 30
  },
  {
    "name": "Require(26) node_modules/egg/app/extend/request.js",
    "start": 1562699740622,
    "end": 1562699740622,
    "duration": 0,
    "pid": 30626,
    "index": 31
  },
  {
    "name": "Load extend/response.js",
    "start": 1562699740628,
    "end": 1562699740630,
    "duration": 2,
    "pid": 30626,
    "index": 32
  },
  {
    "name": "Require(27) node_modules/egg/app/extend/response.js",
    "start": 1562699740629,
    "end": 1562699740629,
    "duration": 0,
    "pid": 30626,
    "index": 33
  },
  {
    "name": "Load extend/context.js",
    "start": 1562699740630,
    "end": 1562699740656,
    "duration": 26,
    "pid": 30626,
    "index": 34
  },
  {
    "name": "Require(28) node_modules/egg-security/app/extend/context.js",
    "start": 1562699740630,
    "end": 1562699740633,
    "duration": 3,
    "pid": 30626,
    "index": 35
  },
  {
    "name": "Require(29) node_modules/egg-jsonp/app/extend/context.js",
    "start": 1562699740633,
    "end": 1562699740634,
    "duration": 1,
    "pid": 30626,
    "index": 36
  },
  {
    "name": "Require(30) node_modules/egg-i18n/app/extend/context.js",
    "start": 1562699740634,
    "end": 1562699740634,
    "duration": 0,
    "pid": 30626,
    "index": 37
  },
  {
    "name": "Require(31) node_modules/egg-multipart/app/extend/context.js",
    "start": 1562699740634,
    "end": 1562699740653,
    "duration": 19,
    "pid": 30626,
    "index": 38
  },
  {
    "name": "Require(32) node_modules/egg-view/app/extend/context.js",
    "start": 1562699740654,
    "end": 1562699740654,
    "duration": 0,
    "pid": 30626,
    "index": 39
  },
  {
    "name": "Require(33) node_modules/egg-mongoose/app/extend/context.js",
    "start": 1562699740654,
    "end": 1562699740654,
    "duration": 0,
    "pid": 30626,
    "index": 40
  },
  {
    "name": "Require(34) node_modules/egg-validate/app/extend/context.js",
    "start": 1562699740654,
    "end": 1562699740655,
    "duration": 1,
    "pid": 30626,
    "index": 41
  },
  {
    "name": "Require(35) node_modules/egg/app/extend/context.js",
    "start": 1562699740655,
    "end": 1562699740655,
    "duration": 0,
    "pid": 30626,
    "index": 42
  },
  {
    "name": "Load extend/helper.js",
    "start": 1562699740656,
    "end": 1562699740664,
    "duration": 8,
    "pid": 30626,
    "index": 43
  },
  {
    "name": "Require(36) node_modules/egg-security/app/extend/helper.js",
    "start": 1562699740656,
    "end": 1562699740663,
    "duration": 7,
    "pid": 30626,
    "index": 44
  },
  {
    "name": "Require(37) node_modules/egg/app/extend/helper.js",
    "start": 1562699740663,
    "end": 1562699740663,
    "duration": 0,
    "pid": 30626,
    "index": 45
  },
  {
    "name": "Load app.js",
    "start": 1562699740664,
    "end": 1562699740679,
    "duration": 15,
    "pid": 30626,
    "index": 46
  },
  {
    "name": "Require(38) node_modules/egg-session/app.js",
    "start": 1562699740664,
    "end": 1562699740665,
    "duration": 1,
    "pid": 30626,
    "index": 47
  },
  {
    "name": "Require(39) node_modules/egg-security/app.js",
    "start": 1562699740665,
    "end": 1562699740665,
    "duration": 0,
    "pid": 30626,
    "index": 48
  },
  {
    "name": "Require(40) node_modules/egg-onerror/app.js",
    "start": 1562699740665,
    "end": 1562699740668,
    "duration": 3,
    "pid": 30626,
    "index": 49
  },
  {
    "name": "Require(41) node_modules/egg-i18n/app.js",
    "start": 1562699740668,
    "end": 1562699740674,
    "duration": 6,
    "pid": 30626,
    "index": 50
  },
  {
    "name": "Require(42) node_modules/egg-watcher/app.js",
    "start": 1562699740674,
    "end": 1562699740675,
    "duration": 1,
    "pid": 30626,
    "index": 51
  },
  {
    "name": "Require(43) node_modules/egg-schedule/app.js",
    "start": 1562699740675,
    "end": 1562699740676,
    "duration": 1,
    "pid": 30626,
    "index": 52
  },
  {
    "name": "Require(44) node_modules/egg-multipart/app.js",
    "start": 1562699740676,
    "end": 1562699740677,
    "duration": 1,
    "pid": 30626,
    "index": 53
  },
  {
    "name": "Require(45) node_modules/egg-development/app.js",
    "start": 1562699740677,
    "end": 1562699740677,
    "duration": 0,
    "pid": 30626,
    "index": 54
  },
  {
    "name": "Require(46) node_modules/egg-logrotator/app.js",
    "start": 1562699740677,
    "end": 1562699740677,
    "duration": 0,
    "pid": 30626,
    "index": 55
  },
  {
    "name": "Require(47) node_modules/egg-static/app.js",
    "start": 1562699740677,
    "end": 1562699740677,
    "duration": 0,
    "pid": 30626,
    "index": 56
  },
  {
    "name": "Require(48) node_modules/egg-mongoose/app.js",
    "start": 1562699740678,
    "end": 1562699740678,
    "duration": 0,
    "pid": 30626,
    "index": 57
  },
  {
    "name": "Require(49) node_modules/egg-validate/app.js",
    "start": 1562699740678,
    "end": 1562699740679,
    "duration": 1,
    "pid": 30626,
    "index": 58
  },
  {
    "name": "Before Start in node_modules/egg-watcher/lib/init.js:15:14",
    "start": 1562699740686,
    "end": 1562699740929,
    "duration": 243,
    "pid": 30626,
    "index": 59
  },
  {
    "name": "Before Start in node_modules/egg-mongoose/lib/mongoose.js:91:7",
    "start": 1562699740853,
    "end": 1562699740925,
    "duration": 72,
    "pid": 30626,
    "index": 60
  },
  {
    "name": "Before Start in node_modules/egg-mongoose/lib/mongoose.js:49:9",
    "start": 1562699740853,
    "end": 1562699740908,
    "duration": 55,
    "pid": 30626,
    "index": 61
  },
  {
    "name": "Load Service",
    "start": 1562699740853,
    "end": 1562699740857,
    "duration": 4,
    "pid": 30626,
    "index": 62
  },
  {
    "name": "Load \"service\" to Context",
    "start": 1562699740853,
    "end": 1562699740857,
    "duration": 4,
    "pid": 30626,
    "index": 63
  },
  {
    "name": "Load Middleware",
    "start": 1562699740857,
    "end": 1562699740887,
    "duration": 30,
    "pid": 30626,
    "index": 64
  },
  {
    "name": "Load \"middlewares\" to Application",
    "start": 1562699740857,
    "end": 1562699740882,
    "duration": 25,
    "pid": 30626,
    "index": 65
  },
  {
    "name": "Load Controller",
    "start": 1562699740887,
    "end": 1562699740891,
    "duration": 4,
    "pid": 30626,
    "index": 66
  },
  {
    "name": "Load \"controller\" to Application",
    "start": 1562699740887,
    "end": 1562699740891,
    "duration": 4,
    "pid": 30626,
    "index": 67
  },
  {
    "name": "Load Router",
    "start": 1562699740891,
    "end": 1562699740895,
    "duration": 4,
    "pid": 30626,
    "index": 68
  },
  {
    "name": "Require(50) app/router.js",
    "start": 1562699740891,
    "end": 1562699740891,
    "duration": 0,
    "pid": 30626,
    "index": 69
  },
  {
    "name": "Before Start in node_modules/egg-core/lib/egg.js:303:10",
    "start": 1562699740892,
    "end": 1562699740908,
    "duration": 16,
    "pid": 30626,
    "index": 70
  },
  {
    "name": "Load \"model\" to Application",
    "start": 1562699740901,
    "end": 1562699740908,
    "duration": 7,
    "pid": 30626,
    "index": 71
  }
]