[
  {
    "name": "Application Start",
    "start": 1562699339875,
    "end": 1562699340199,
    "duration": 324,
    "pid": 30486,
    "index": 0
  },
  {
    "name": "Load Plugin",
    "start": 1562699339879,
    "end": 1562699339885,
    "duration": 6,
    "pid": 30486,
    "index": 1
  },
  {
    "name": "Load Config",
    "start": 1562699339885,
    "end": 1562699339897,
    "duration": 12,
    "pid": 30486,
    "index": 2
  },
  {
    "name": "Require(0) config/config.default.js",
    "start": 1562699339885,
    "end": 1562699339885,
    "duration": 0,
    "pid": 30486,
    "index": 3
  },
  {
    "name": "Require(1) node_modules/egg-session/config/config.default.js",
    "start": 1562699339886,
    "end": 1562699339886,
    "duration": 0,
    "pid": 30486,
    "index": 4
  },
  {
    "name": "Require(2) node_modules/egg-security/config/config.default.js",
    "start": 1562699339886,
    "end": 1562699339886,
    "duration": 0,
    "pid": 30486,
    "index": 5
  },
  {
    "name": "Require(3) node_modules/egg-jsonp/config/config.default.js",
    "start": 1562699339887,
    "end": 1562699339887,
    "duration": 0,
    "pid": 30486,
    "index": 6
  },
  {
    "name": "Require(4) node_modules/egg-onerror/config/config.default.js",
    "start": 1562699339887,
    "end": 1562699339887,
    "duration": 0,
    "pid": 30486,
    "index": 7
  },
  {
    "name": "Require(5) node_modules/egg-i18n/config/config.default.js",
    "start": 1562699339888,
    "end": 1562699339888,
    "duration": 0,
    "pid": 30486,
    "index": 8
  },
  {
    "name": "Require(6) node_modules/egg-watcher/config/config.default.js",
    "start": 1562699339888,
    "end": 1562699339888,
    "duration": 0,
    "pid": 30486,
    "index": 9
  },
  {
    "name": "Require(7) node_modules/egg-schedule/config/config.default.js",
    "start": 1562699339888,
    "end": 1562699339888,
    "duration": 0,
    "pid": 30486,
    "index": 10
  },
  {
    "name": "Require(8) node_modules/egg-multipart/config/config.default.js",
    "start": 1562699339888,
    "end": 1562699339889,
    "duration": 1,
    "pid": 30486,
    "index": 11
  },
  {
    "name": "Require(9) node_modules/egg-development/config/config.default.js",
    "start": 1562699339889,
    "end": 1562699339889,
    "duration": 0,
    "pid": 30486,
    "index": 12
  },
  {
    "name": "Require(10) node_modules/egg-logrotator/config/config.default.js",
    "start": 1562699339889,
    "end": 1562699339889,
    "duration": 0,
    "pid": 30486,
    "index": 13
  },
  {
    "name": "Require(11) node_modules/egg-static/config/config.default.js",
    "start": 1562699339890,
    "end": 1562699339890,
    "duration": 0,
    "pid": 30486,
    "index": 14
  },
  {
    "name": "Require(12) node_modules/egg-view/config/config.default.js",
    "start": 1562699339890,
    "end": 1562699339890,
    "duration": 0,
    "pid": 30486,
    "index": 15
  },
  {
    "name": "Require(13) node_modules/egg-mongoose/config/config.default.js",
    "start": 1562699339890,
    "end": 1562699339890,
    "duration": 0,
    "pid": 30486,
    "index": 16
  },
  {
    "name": "Require(14) node_modules/egg-validate/config/config.default.js",
    "start": 1562699339891,
    "end": 1562699339891,
    "duration": 0,
    "pid": 30486,
    "index": 17
  },
  {
    "name": "Require(15) node_modules/egg/config/config.default.js",
    "start": 1562699339891,
    "end": 1562699339893,
    "duration": 2,
    "pid": 30486,
    "index": 18
  },
  {
    "name": "Require(16) config/config.default.js",
    "start": 1562699339895,
    "end": 1562699339895,
    "duration": 0,
    "pid": 30486,
    "index": 19
  },
  {
    "name": "Require(17) node_modules/egg-security/config/config.local.js",
    "start": 1562699339895,
    "end": 1562699339895,
    "duration": 0,
    "pid": 30486,
    "index": 20
  },
  {
    "name": "Require(18) node_modules/egg-watcher/config/config.local.js",
    "start": 1562699339896,
    "end": 1562699339896,
    "duration": 0,
    "pid": 30486,
    "index": 21
  },
  {
    "name": "Require(19) node_modules/egg-view/config/config.local.js",
    "start": 1562699339896,
    "end": 1562699339897,
    "duration": 1,
    "pid": 30486,
    "index": 22
  },
  {
    "name": "Require(20) node_modules/egg/config/config.local.js",
    "start": 1562699339897,
    "end": 1562699339897,
    "duration": 0,
    "pid": 30486,
    "index": 23
  },
  {
    "name": "Load extend/application.js",
    "start": 1562699339898,
    "end": 1562699339903,
    "duration": 5,
    "pid": 30486,
    "index": 24
  },
  {
    "name": "Require(21) node_modules/egg-session/app/extend/application.js",
    "start": 1562699339898,
    "end": 1562699339899,
    "duration": 1,
    "pid": 30486,
    "index": 25
  },
  {
    "name": "Require(22) node_modules/egg-security/app/extend/application.js",
    "start": 1562699339899,
    "end": 1562699339899,
    "duration": 0,
    "pid": 30486,
    "index": 26
  },
  {
    "name": "Require(23) node_modules/egg-jsonp/app/extend/application.js",
    "start": 1562699339899,
    "end": 1562699339900,
    "duration": 1,
    "pid": 30486,
    "index": 27
  },
  {
    "name": "Require(24) node_modules/egg-logrotator/app/extend/application.js",
    "start": 1562699339900,
    "end": 1562699339901,
    "duration": 1,
    "pid": 30486,
    "index": 28
  },
  {
    "name": "Require(25) node_modules/egg-view/app/extend/application.js",
    "start": 1562699339901,
    "end": 1562699339902,
    "duration": 1,
    "pid": 30486,
    "index": 29
  },
  {
    "name": "Load extend/request.js",
    "start": 1562699339903,
    "end": 1562699339909,
    "duration": 6,
    "pid": 30486,
    "index": 30
  },
  {
    "name": "Require(26) node_modules/egg/app/extend/request.js",
    "start": 1562699339908,
    "end": 1562699339909,
    "duration": 1,
    "pid": 30486,
    "index": 31
  },
  {
    "name": "Load extend/response.js",
    "start": 1562699339909,
    "end": 1562699339911,
    "duration": 2,
    "pid": 30486,
    "index": 32
  },
  {
    "name": "Require(27) node_modules/egg/app/extend/response.js",
    "start": 1562699339910,
    "end": 1562699339910,
    "duration": 0,
    "pid": 30486,
    "index": 33
  },
  {
    "name": "Load extend/context.js",
    "start": 1562699339911,
    "end": 1562699339935,
    "duration": 24,
    "pid": 30486,
    "index": 34
  },
  {
    "name": "Require(28) node_modules/egg-security/app/extend/context.js",
    "start": 1562699339911,
    "end": 1562699339914,
    "duration": 3,
    "pid": 30486,
    "index": 35
  },
  {
    "name": "Require(29) node_modules/egg-jsonp/app/extend/context.js",
    "start": 1562699339914,
    "end": 1562699339915,
    "duration": 1,
    "pid": 30486,
    "index": 36
  },
  {
    "name": "Require(30) node_modules/egg-i18n/app/extend/context.js",
    "start": 1562699339915,
    "end": 1562699339915,
    "duration": 0,
    "pid": 30486,
    "index": 37
  },
  {
    "name": "Require(31) node_modules/egg-multipart/app/extend/context.js",
    "start": 1562699339915,
    "end": 1562699339933,
    "duration": 18,
    "pid": 30486,
    "index": 38
  },
  {
    "name": "Require(32) node_modules/egg-view/app/extend/context.js",
    "start": 1562699339933,
    "end": 1562699339934,
    "duration": 1,
    "pid": 30486,
    "index": 39
  },
  {
    "name": "Require(33) node_modules/egg-mongoose/app/extend/context.js",
    "start": 1562699339934,
    "end": 1562699339934,
    "duration": 0,
    "pid": 30486,
    "index": 40
  },
  {
    "name": "Require(34) node_modules/egg-validate/app/extend/context.js",
    "start": 1562699339934,
    "end": 1562699339934,
    "duration": 0,
    "pid": 30486,
    "index": 41
  },
  {
    "name": "Require(35) node_modules/egg/app/extend/context.js",
    "start": 1562699339934,
    "end": 1562699339935,
    "duration": 1,
    "pid": 30486,
    "index": 42
  },
  {
    "name": "Load extend/helper.js",
    "start": 1562699339935,
    "end": 1562699339943,
    "duration": 8,
    "pid": 30486,
    "index": 43
  },
  {
    "name": "Require(36) node_modules/egg-security/app/extend/helper.js",
    "start": 1562699339936,
    "end": 1562699339942,
    "duration": 6,
    "pid": 30486,
    "index": 44
  },
  {
    "name": "Require(37) node_modules/egg/app/extend/helper.js",
    "start": 1562699339943,
    "end": 1562699339943,
    "duration": 0,
    "pid": 30486,
    "index": 45
  },
  {
    "name": "Load app.js",
    "start": 1562699339944,
    "end": 1562699339958,
    "duration": 14,
    "pid": 30486,
    "index": 46
  },
  {
    "name": "Require(38) node_modules/egg-session/app.js",
    "start": 1562699339944,
    "end": 1562699339944,
    "duration": 0,
    "pid": 30486,
    "index": 47
  },
  {
    "name": "Require(39) node_modules/egg-security/app.js",
    "start": 1562699339944,
    "end": 1562699339944,
    "duration": 0,
    "pid": 30486,
    "index": 48
  },
  {
    "name": "Require(40) node_modules/egg-onerror/app.js",
    "start": 1562699339944,
    "end": 1562699339947,
    "duration": 3,
    "pid": 30486,
    "index": 49
  },
  {
    "name": "Require(41) node_modules/egg-i18n/app.js",
    "start": 1562699339948,
    "end": 1562699339953,
    "duration": 5,
    "pid": 30486,
    "index": 50
  },
  {
    "name": "Require(42) node_modules/egg-watcher/app.js",
    "start": 1562699339953,
    "end": 1562699339954,
    "duration": 1,
    "pid": 30486,
    "index": 51
  },
  {
    "name": "Require(43) node_modules/egg-schedule/app.js",
    "start": 1562699339954,
    "end": 1562699339954,
    "duration": 0,
    "pid": 30486,
    "index": 52
  },
  {
    "name": "Require(44) node_modules/egg-multipart/app.js",
    "start": 1562699339954,
    "end": 1562699339955,
    "duration": 1,
    "pid": 30486,
    "index": 53
  },
  {
    "name": "Require(45) node_modules/egg-development/app.js",
    "start": 1562699339955,
    "end": 1562699339956,
    "duration": 1,
    "pid": 30486,
    "index": 54
  },
  {
    "name": "Require(46) node_modules/egg-logrotator/app.js",
    "start": 1562699339956,
    "end": 1562699339956,
    "duration": 0,
    "pid": 30486,
    "index": 55
  },
  {
    "name": "Require(47) node_modules/egg-static/app.js",
    "start": 1562699339956,
    "end": 1562699339956,
    "duration": 0,
    "pid": 30486,
    "index": 56
  },
  {
    "name": "Require(48) node_modules/egg-mongoose/app.js",
    "start": 1562699339956,
    "end": 1562699339956,
    "duration": 0,
    "pid": 30486,
    "index": 57
  },
  {
    "name": "Require(49) node_modules/egg-validate/app.js",
    "start": 1562699339956,
    "end": 1562699339957,
    "duration": 1,
    "pid": 30486,
    "index": 58
  },
  {
    "name": "Before Start in node_modules/egg-watcher/lib/init.js:15:14",
    "start": 1562699339964,
    "end": 1562699340198,
    "duration": 234,
    "pid": 30486,
    "index": 59
  },
  {
    "name": "Before Start in node_modules/egg-mongoose/lib/mongoose.js:91:7",
    "start": 1562699340120,
    "end": 1562699340194,
    "duration": 74,
    "pid": 30486,
    "index": 60
  },
  {
    "name": "Before Start in node_modules/egg-mongoose/lib/mongoose.js:49:9",
    "start": 1562699340120,
    "end": 1562699340178,
    "duration": 58,
    "pid": 30486,
    "index": 61
  },
  {
    "name": "Load Service",
    "start": 1562699340120,
    "end": 1562699340124,
    "duration": 4,
    "pid": 30486,
    "index": 62
  },
  {
    "name": "Load \"service\" to Context",
    "start": 1562699340120,
    "end": 1562699340124,
    "duration": 4,
    "pid": 30486,
    "index": 63
  },
  {
    "name": "Load Middleware",
    "start": 1562699340124,
    "end": 1562699340157,
    "duration": 33,
    "pid": 30486,
    "index": 64
  },
  {
    "name": "Load \"middlewares\" to Application",
    "start": 1562699340124,
    "end": 1562699340153,
    "duration": 29,
    "pid": 30486,
    "index": 65
  },
  {
    "name": "Load Controller",
    "start": 1562699340157,
    "end": 1562699340162,
    "duration": 5,
    "pid": 30486,
    "index": 66
  },
  {
    "name": "Load \"controller\" to Application",
    "start": 1562699340157,
    "end": 1562699340162,
    "duration": 5,
    "pid": 30486,
    "index": 67
  },
  {
    "name": "Load Router",
    "start": 1562699340162,
    "end": 1562699340165,
    "duration": 3,
    "pid": 30486,
    "index": 68
  },
  {
    "name": "Require(50) app/router.js",
    "start": 1562699340162,
    "end": 1562699340162,
    "duration": 0,
    "pid": 30486,
    "index": 69
  },
  {
    "name": "Before Start in node_modules/egg-core/lib/egg.js:303:10",
    "start": 1562699340162,
    "end": 1562699340178,
    "duration": 16,
    "pid": 30486,
    "index": 70
  },
  {
    "name": "Load \"model\" to Application",
    "start": 1562699340171,
    "end": 1562699340177,
    "duration": 6,
    "pid": 30486,
    "index": 71
  }
]