[
  {
    "name": "Application Start",
    "start": 1562696663900,
    "end": 1562696664236,
    "duration": 336,
    "pid": 29618,
    "index": 0
  },
  {
    "name": "Load Plugin",
    "start": 1562696663904,
    "end": 1562696663912,
    "duration": 8,
    "pid": 29618,
    "index": 1
  },
  {
    "name": "Load Config",
    "start": 1562696663912,
    "end": 1562696663924,
    "duration": 12,
    "pid": 29618,
    "index": 2
  },
  {
    "name": "Require(0) config/config.default.js",
    "start": 1562696663912,
    "end": 1562696663913,
    "duration": 1,
    "pid": 29618,
    "index": 3
  },
  {
    "name": "Require(1) node_modules/egg-session/config/config.default.js",
    "start": 1562696663913,
    "end": 1562696663914,
    "duration": 1,
    "pid": 29618,
    "index": 4
  },
  {
    "name": "Require(2) node_modules/egg-security/config/config.default.js",
    "start": 1562696663914,
    "end": 1562696663914,
    "duration": 0,
    "pid": 29618,
    "index": 5
  },
  {
    "name": "Require(3) node_modules/egg-jsonp/config/config.default.js",
    "start": 1562696663915,
    "end": 1562696663915,
    "duration": 0,
    "pid": 29618,
    "index": 6
  },
  {
    "name": "Require(4) node_modules/egg-onerror/config/config.default.js",
    "start": 1562696663915,
    "end": 1562696663915,
    "duration": 0,
    "pid": 29618,
    "index": 7
  },
  {
    "name": "Require(5) node_modules/egg-i18n/config/config.default.js",
    "start": 1562696663915,
    "end": 1562696663915,
    "duration": 0,
    "pid": 29618,
    "index": 8
  },
  {
    "name": "Require(6) node_modules/egg-watcher/config/config.default.js",
    "start": 1562696663916,
    "end": 1562696663916,
    "duration": 0,
    "pid": 29618,
    "index": 9
  },
  {
    "name": "Require(7) node_modules/egg-schedule/config/config.default.js",
    "start": 1562696663916,
    "end": 1562696663916,
    "duration": 0,
    "pid": 29618,
    "index": 10
  },
  {
    "name": "Require(8) node_modules/egg-multipart/config/config.default.js",
    "start": 1562696663916,
    "end": 1562696663916,
    "duration": 0,
    "pid": 29618,
    "index": 11
  },
  {
    "name": "Require(9) node_modules/egg-development/config/config.default.js",
    "start": 1562696663917,
    "end": 1562696663917,
    "duration": 0,
    "pid": 29618,
    "index": 12
  },
  {
    "name": "Require(10) node_modules/egg-logrotator/config/config.default.js",
    "start": 1562696663917,
    "end": 1562696663917,
    "duration": 0,
    "pid": 29618,
    "index": 13
  },
  {
    "name": "Require(11) node_modules/egg-static/config/config.default.js",
    "start": 1562696663917,
    "end": 1562696663917,
    "duration": 0,
    "pid": 29618,
    "index": 14
  },
  {
    "name": "Require(12) node_modules/egg-view/config/config.default.js",
    "start": 1562696663918,
    "end": 1562696663920,
    "duration": 2,
    "pid": 29618,
    "index": 15
  },
  {
    "name": "Require(13) node_modules/egg-mongoose/config/config.default.js",
    "start": 1562696663920,
    "end": 1562696663920,
    "duration": 0,
    "pid": 29618,
    "index": 16
  },
  {
    "name": "Require(14) node_modules/egg-validate/config/config.default.js",
    "start": 1562696663920,
    "end": 1562696663921,
    "duration": 1,
    "pid": 29618,
    "index": 17
  },
  {
    "name": "Require(15) node_modules/egg/config/config.default.js",
    "start": 1562696663921,
    "end": 1562696663921,
    "duration": 0,
    "pid": 29618,
    "index": 18
  },
  {
    "name": "Require(16) config/config.default.js",
    "start": 1562696663922,
    "end": 1562696663922,
    "duration": 0,
    "pid": 29618,
    "index": 19
  },
  {
    "name": "Require(17) node_modules/egg-security/config/config.local.js",
    "start": 1562696663922,
    "end": 1562696663922,
    "duration": 0,
    "pid": 29618,
    "index": 20
  },
  {
    "name": "Require(18) node_modules/egg-watcher/config/config.local.js",
    "start": 1562696663923,
    "end": 1562696663923,
    "duration": 0,
    "pid": 29618,
    "index": 21
  },
  {
    "name": "Require(19) node_modules/egg-view/config/config.local.js",
    "start": 1562696663924,
    "end": 1562696663924,
    "duration": 0,
    "pid": 29618,
    "index": 22
  },
  {
    "name": "Require(20) node_modules/egg/config/config.local.js",
    "start": 1562696663924,
    "end": 1562696663924,
    "duration": 0,
    "pid": 29618,
    "index": 23
  },
  {
    "name": "Load extend/application.js",
    "start": 1562696663925,
    "end": 1562696663935,
    "duration": 10,
    "pid": 29618,
    "index": 24
  },
  {
    "name": "Require(21) node_modules/egg-session/app/extend/application.js",
    "start": 1562696663926,
    "end": 1562696663926,
    "duration": 0,
    "pid": 29618,
    "index": 25
  },
  {
    "name": "Require(22) node_modules/egg-security/app/extend/application.js",
    "start": 1562696663926,
    "end": 1562696663926,
    "duration": 0,
    "pid": 29618,
    "index": 26
  },
  {
    "name": "Require(23) node_modules/egg-jsonp/app/extend/application.js",
    "start": 1562696663926,
    "end": 1562696663927,
    "duration": 1,
    "pid": 29618,
    "index": 27
  },
  {
    "name": "Require(24) node_modules/egg-logrotator/app/extend/application.js",
    "start": 1562696663928,
    "end": 1562696663928,
    "duration": 0,
    "pid": 29618,
    "index": 28
  },
  {
    "name": "Require(25) node_modules/egg-view/app/extend/application.js",
    "start": 1562696663928,
    "end": 1562696663929,
    "duration": 1,
    "pid": 29618,
    "index": 29
  },
  {
    "name": "Load extend/request.js",
    "start": 1562696663935,
    "end": 1562696663937,
    "duration": 2,
    "pid": 29618,
    "index": 30
  },
  {
    "name": "Require(26) node_modules/egg/app/extend/request.js",
    "start": 1562696663935,
    "end": 1562696663936,
    "duration": 1,
    "pid": 29618,
    "index": 31
  },
  {
    "name": "Load extend/response.js",
    "start": 1562696663937,
    "end": 1562696663938,
    "duration": 1,
    "pid": 29618,
    "index": 32
  },
  {
    "name": "Require(27) node_modules/egg/app/extend/response.js",
    "start": 1562696663937,
    "end": 1562696663938,
    "duration": 1,
    "pid": 29618,
    "index": 33
  },
  {
    "name": "Load extend/context.js",
    "start": 1562696663938,
    "end": 1562696663965,
    "duration": 27,
    "pid": 29618,
    "index": 34
  },
  {
    "name": "Require(28) node_modules/egg-security/app/extend/context.js",
    "start": 1562696663939,
    "end": 1562696663942,
    "duration": 3,
    "pid": 29618,
    "index": 35
  },
  {
    "name": "Require(29) node_modules/egg-jsonp/app/extend/context.js",
    "start": 1562696663942,
    "end": 1562696663942,
    "duration": 0,
    "pid": 29618,
    "index": 36
  },
  {
    "name": "Require(30) node_modules/egg-i18n/app/extend/context.js",
    "start": 1562696663942,
    "end": 1562696663942,
    "duration": 0,
    "pid": 29618,
    "index": 37
  },
  {
    "name": "Require(31) node_modules/egg-multipart/app/extend/context.js",
    "start": 1562696663942,
    "end": 1562696663962,
    "duration": 20,
    "pid": 29618,
    "index": 38
  },
  {
    "name": "Require(32) node_modules/egg-view/app/extend/context.js",
    "start": 1562696663963,
    "end": 1562696663963,
    "duration": 0,
    "pid": 29618,
    "index": 39
  },
  {
    "name": "Require(33) node_modules/egg-mongoose/app/extend/context.js",
    "start": 1562696663963,
    "end": 1562696663963,
    "duration": 0,
    "pid": 29618,
    "index": 40
  },
  {
    "name": "Require(34) node_modules/egg-validate/app/extend/context.js",
    "start": 1562696663963,
    "end": 1562696663964,
    "duration": 1,
    "pid": 29618,
    "index": 41
  },
  {
    "name": "Require(35) node_modules/egg/app/extend/context.js",
    "start": 1562696663964,
    "end": 1562696663964,
    "duration": 0,
    "pid": 29618,
    "index": 42
  },
  {
    "name": "Load extend/helper.js",
    "start": 1562696663965,
    "end": 1562696663973,
    "duration": 8,
    "pid": 29618,
    "index": 43
  },
  {
    "name": "Require(36) node_modules/egg-security/app/extend/helper.js",
    "start": 1562696663965,
    "end": 1562696663972,
    "duration": 7,
    "pid": 29618,
    "index": 44
  },
  {
    "name": "Require(37) node_modules/egg/app/extend/helper.js",
    "start": 1562696663972,
    "end": 1562696663972,
    "duration": 0,
    "pid": 29618,
    "index": 45
  },
  {
    "name": "Load app.js",
    "start": 1562696663973,
    "end": 1562696663990,
    "duration": 17,
    "pid": 29618,
    "index": 46
  },
  {
    "name": "Require(38) node_modules/egg-session/app.js",
    "start": 1562696663973,
    "end": 1562696663973,
    "duration": 0,
    "pid": 29618,
    "index": 47
  },
  {
    "name": "Require(39) node_modules/egg-security/app.js",
    "start": 1562696663974,
    "end": 1562696663974,
    "duration": 0,
    "pid": 29618,
    "index": 48
  },
  {
    "name": "Require(40) node_modules/egg-onerror/app.js",
    "start": 1562696663974,
    "end": 1562696663977,
    "duration": 3,
    "pid": 29618,
    "index": 49
  },
  {
    "name": "Require(41) node_modules/egg-i18n/app.js",
    "start": 1562696663977,
    "end": 1562696663983,
    "duration": 6,
    "pid": 29618,
    "index": 50
  },
  {
    "name": "Require(42) node_modules/egg-watcher/app.js",
    "start": 1562696663984,
    "end": 1562696663985,
    "duration": 1,
    "pid": 29618,
    "index": 51
  },
  {
    "name": "Require(43) node_modules/egg-schedule/app.js",
    "start": 1562696663985,
    "end": 1562696663985,
    "duration": 0,
    "pid": 29618,
    "index": 52
  },
  {
    "name": "Require(44) node_modules/egg-multipart/app.js",
    "start": 1562696663985,
    "end": 1562696663986,
    "duration": 1,
    "pid": 29618,
    "index": 53
  },
  {
    "name": "Require(45) node_modules/egg-development/app.js",
    "start": 1562696663987,
    "end": 1562696663987,
    "duration": 0,
    "pid": 29618,
    "index": 54
  },
  {
    "name": "Require(46) node_modules/egg-logrotator/app.js",
    "start": 1562696663987,
    "end": 1562696663987,
    "duration": 0,
    "pid": 29618,
    "index": 55
  },
  {
    "name": "Require(47) node_modules/egg-static/app.js",
    "start": 1562696663987,
    "end": 1562696663987,
    "duration": 0,
    "pid": 29618,
    "index": 56
  },
  {
    "name": "Require(48) node_modules/egg-mongoose/app.js",
    "start": 1562696663988,
    "end": 1562696663988,
    "duration": 0,
    "pid": 29618,
    "index": 57
  },
  {
    "name": "Require(49) node_modules/egg-validate/app.js",
    "start": 1562696663988,
    "end": 1562696663989,
    "duration": 1,
    "pid": 29618,
    "index": 58
  },
  {
    "name": "Before Start in node_modules/egg-watcher/lib/init.js:15:14",
    "start": 1562696663996,
    "end": 1562696664236,
    "duration": 240,
    "pid": 29618,
    "index": 59
  },
  {
    "name": "Before Start in node_modules/egg-mongoose/lib/mongoose.js:91:7",
    "start": 1562696664155,
    "end": 1562696664231,
    "duration": 76,
    "pid": 29618,
    "index": 60
  },
  {
    "name": "Before Start in node_modules/egg-mongoose/lib/mongoose.js:49:9",
    "start": 1562696664155,
    "end": 1562696664212,
    "duration": 57,
    "pid": 29618,
    "index": 61
  },
  {
    "name": "Load Service",
    "start": 1562696664155,
    "end": 1562696664158,
    "duration": 3,
    "pid": 29618,
    "index": 62
  },
  {
    "name": "Load \"service\" to Context",
    "start": 1562696664155,
    "end": 1562696664158,
    "duration": 3,
    "pid": 29618,
    "index": 63
  },
  {
    "name": "Load Middleware",
    "start": 1562696664158,
    "end": 1562696664192,
    "duration": 34,
    "pid": 29618,
    "index": 64
  },
  {
    "name": "Load \"middlewares\" to Application",
    "start": 1562696664158,
    "end": 1562696664187,
    "duration": 29,
    "pid": 29618,
    "index": 65
  },
  {
    "name": "Load Controller",
    "start": 1562696664192,
    "end": 1562696664196,
    "duration": 4,
    "pid": 29618,
    "index": 66
  },
  {
    "name": "Load \"controller\" to Application",
    "start": 1562696664192,
    "end": 1562696664196,
    "duration": 4,
    "pid": 29618,
    "index": 67
  },
  {
    "name": "Load Router",
    "start": 1562696664196,
    "end": 1562696664200,
    "duration": 4,
    "pid": 29618,
    "index": 68
  },
  {
    "name": "Require(50) app/router.js",
    "start": 1562696664196,
    "end": 1562696664197,
    "duration": 1,
    "pid": 29618,
    "index": 69
  },
  {
    "name": "Before Start in node_modules/egg-core/lib/egg.js:303:10",
    "start": 1562696664197,
    "end": 1562696664212,
    "duration": 15,
    "pid": 29618,
    "index": 70
  },
  {
    "name": "Load \"model\" to Application",
    "start": 1562696664205,
    "end": 1562696664212,
    "duration": 7,
    "pid": 29618,
    "index": 71
  }
]