[
  {
    "name": "Application Start",
    "start": 1562699582588,
    "end": 1562699582906,
    "duration": 318,
    "pid": 30569,
    "index": 0
  },
  {
    "name": "Load Plugin",
    "start": 1562699582592,
    "end": 1562699582597,
    "duration": 5,
    "pid": 30569,
    "index": 1
  },
  {
    "name": "Load Config",
    "start": 1562699582597,
    "end": 1562699582609,
    "duration": 12,
    "pid": 30569,
    "index": 2
  },
  {
    "name": "Require(0) config/config.default.js",
    "start": 1562699582598,
    "end": 1562699582598,
    "duration": 0,
    "pid": 30569,
    "index": 3
  },
  {
    "name": "Require(1) node_modules/egg-session/config/config.default.js",
    "start": 1562699582599,
    "end": 1562699582599,
    "duration": 0,
    "pid": 30569,
    "index": 4
  },
  {
    "name": "Require(2) node_modules/egg-security/config/config.default.js",
    "start": 1562699582599,
    "end": 1562699582599,
    "duration": 0,
    "pid": 30569,
    "index": 5
  },
  {
    "name": "Require(3) node_modules/egg-jsonp/config/config.default.js",
    "start": 1562699582600,
    "end": 1562699582600,
    "duration": 0,
    "pid": 30569,
    "index": 6
  },
  {
    "name": "Require(4) node_modules/egg-onerror/config/config.default.js",
    "start": 1562699582600,
    "end": 1562699582600,
    "duration": 0,
    "pid": 30569,
    "index": 7
  },
  {
    "name": "Require(5) node_modules/egg-i18n/config/config.default.js",
    "start": 1562699582600,
    "end": 1562699582600,
    "duration": 0,
    "pid": 30569,
    "index": 8
  },
  {
    "name": "Require(6) node_modules/egg-watcher/config/config.default.js",
    "start": 1562699582601,
    "end": 1562699582601,
    "duration": 0,
    "pid": 30569,
    "index": 9
  },
  {
    "name": "Require(7) node_modules/egg-schedule/config/config.default.js",
    "start": 1562699582601,
    "end": 1562699582601,
    "duration": 0,
    "pid": 30569,
    "index": 10
  },
  {
    "name": "Require(8) node_modules/egg-multipart/config/config.default.js",
    "start": 1562699582602,
    "end": 1562699582602,
    "duration": 0,
    "pid": 30569,
    "index": 11
  },
  {
    "name": "Require(9) node_modules/egg-development/config/config.default.js",
    "start": 1562699582602,
    "end": 1562699582602,
    "duration": 0,
    "pid": 30569,
    "index": 12
  },
  {
    "name": "Require(10) node_modules/egg-logrotator/config/config.default.js",
    "start": 1562699582602,
    "end": 1562699582602,
    "duration": 0,
    "pid": 30569,
    "index": 13
  },
  {
    "name": "Require(11) node_modules/egg-static/config/config.default.js",
    "start": 1562699582603,
    "end": 1562699582603,
    "duration": 0,
    "pid": 30569,
    "index": 14
  },
  {
    "name": "Require(12) node_modules/egg-view/config/config.default.js",
    "start": 1562699582603,
    "end": 1562699582603,
    "duration": 0,
    "pid": 30569,
    "index": 15
  },
  {
    "name": "Require(13) node_modules/egg-mongoose/config/config.default.js",
    "start": 1562699582603,
    "end": 1562699582603,
    "duration": 0,
    "pid": 30569,
    "index": 16
  },
  {
    "name": "Require(14) node_modules/egg-validate/config/config.default.js",
    "start": 1562699582604,
    "end": 1562699582604,
    "duration": 0,
    "pid": 30569,
    "index": 17
  },
  {
    "name": "Require(15) node_modules/egg/config/config.default.js",
    "start": 1562699582604,
    "end": 1562699582606,
    "duration": 2,
    "pid": 30569,
    "index": 18
  },
  {
    "name": "Require(16) config/config.default.js",
    "start": 1562699582607,
    "end": 1562699582607,
    "duration": 0,
    "pid": 30569,
    "index": 19
  },
  {
    "name": "Require(17) node_modules/egg-security/config/config.local.js",
    "start": 1562699582607,
    "end": 1562699582607,
    "duration": 0,
    "pid": 30569,
    "index": 20
  },
  {
    "name": "Require(18) node_modules/egg-watcher/config/config.local.js",
    "start": 1562699582607,
    "end": 1562699582608,
    "duration": 1,
    "pid": 30569,
    "index": 21
  },
  {
    "name": "Require(19) node_modules/egg-view/config/config.local.js",
    "start": 1562699582608,
    "end": 1562699582608,
    "duration": 0,
    "pid": 30569,
    "index": 22
  },
  {
    "name": "Require(20) node_modules/egg/config/config.local.js",
    "start": 1562699582608,
    "end": 1562699582609,
    "duration": 1,
    "pid": 30569,
    "index": 23
  },
  {
    "name": "Load extend/application.js",
    "start": 1562699582609,
    "end": 1562699582614,
    "duration": 5,
    "pid": 30569,
    "index": 24
  },
  {
    "name": "Require(21) node_modules/egg-session/app/extend/application.js",
    "start": 1562699582610,
    "end": 1562699582610,
    "duration": 0,
    "pid": 30569,
    "index": 25
  },
  {
    "name": "Require(22) node_modules/egg-security/app/extend/application.js",
    "start": 1562699582610,
    "end": 1562699582610,
    "duration": 0,
    "pid": 30569,
    "index": 26
  },
  {
    "name": "Require(23) node_modules/egg-jsonp/app/extend/application.js",
    "start": 1562699582610,
    "end": 1562699582611,
    "duration": 1,
    "pid": 30569,
    "index": 27
  },
  {
    "name": "Require(24) node_modules/egg-logrotator/app/extend/application.js",
    "start": 1562699582612,
    "end": 1562699582612,
    "duration": 0,
    "pid": 30569,
    "index": 28
  },
  {
    "name": "Require(25) node_modules/egg-view/app/extend/application.js",
    "start": 1562699582613,
    "end": 1562699582613,
    "duration": 0,
    "pid": 30569,
    "index": 29
  },
  {
    "name": "Load extend/request.js",
    "start": 1562699582614,
    "end": 1562699582621,
    "duration": 7,
    "pid": 30569,
    "index": 30
  },
  {
    "name": "Require(26) node_modules/egg/app/extend/request.js",
    "start": 1562699582615,
    "end": 1562699582615,
    "duration": 0,
    "pid": 30569,
    "index": 31
  },
  {
    "name": "Load extend/response.js",
    "start": 1562699582621,
    "end": 1562699582622,
    "duration": 1,
    "pid": 30569,
    "index": 32
  },
  {
    "name": "Require(27) node_modules/egg/app/extend/response.js",
    "start": 1562699582621,
    "end": 1562699582622,
    "duration": 1,
    "pid": 30569,
    "index": 33
  },
  {
    "name": "Load extend/context.js",
    "start": 1562699582622,
    "end": 1562699582648,
    "duration": 26,
    "pid": 30569,
    "index": 34
  },
  {
    "name": "Require(28) node_modules/egg-security/app/extend/context.js",
    "start": 1562699582623,
    "end": 1562699582626,
    "duration": 3,
    "pid": 30569,
    "index": 35
  },
  {
    "name": "Require(29) node_modules/egg-jsonp/app/extend/context.js",
    "start": 1562699582626,
    "end": 1562699582626,
    "duration": 0,
    "pid": 30569,
    "index": 36
  },
  {
    "name": "Require(30) node_modules/egg-i18n/app/extend/context.js",
    "start": 1562699582626,
    "end": 1562699582626,
    "duration": 0,
    "pid": 30569,
    "index": 37
  },
  {
    "name": "Require(31) node_modules/egg-multipart/app/extend/context.js",
    "start": 1562699582626,
    "end": 1562699582645,
    "duration": 19,
    "pid": 30569,
    "index": 38
  },
  {
    "name": "Require(32) node_modules/egg-view/app/extend/context.js",
    "start": 1562699582645,
    "end": 1562699582646,
    "duration": 1,
    "pid": 30569,
    "index": 39
  },
  {
    "name": "Require(33) node_modules/egg-mongoose/app/extend/context.js",
    "start": 1562699582646,
    "end": 1562699582646,
    "duration": 0,
    "pid": 30569,
    "index": 40
  },
  {
    "name": "Require(34) node_modules/egg-validate/app/extend/context.js",
    "start": 1562699582646,
    "end": 1562699582646,
    "duration": 0,
    "pid": 30569,
    "index": 41
  },
  {
    "name": "Require(35) node_modules/egg/app/extend/context.js",
    "start": 1562699582647,
    "end": 1562699582647,
    "duration": 0,
    "pid": 30569,
    "index": 42
  },
  {
    "name": "Load extend/helper.js",
    "start": 1562699582648,
    "end": 1562699582656,
    "duration": 8,
    "pid": 30569,
    "index": 43
  },
  {
    "name": "Require(36) node_modules/egg-security/app/extend/helper.js",
    "start": 1562699582648,
    "end": 1562699582654,
    "duration": 6,
    "pid": 30569,
    "index": 44
  },
  {
    "name": "Require(37) node_modules/egg/app/extend/helper.js",
    "start": 1562699582655,
    "end": 1562699582655,
    "duration": 0,
    "pid": 30569,
    "index": 45
  },
  {
    "name": "Load app.js",
    "start": 1562699582656,
    "end": 1562699582670,
    "duration": 14,
    "pid": 30569,
    "index": 46
  },
  {
    "name": "Require(38) node_modules/egg-session/app.js",
    "start": 1562699582656,
    "end": 1562699582656,
    "duration": 0,
    "pid": 30569,
    "index": 47
  },
  {
    "name": "Require(39) node_modules/egg-security/app.js",
    "start": 1562699582656,
    "end": 1562699582657,
    "duration": 1,
    "pid": 30569,
    "index": 48
  },
  {
    "name": "Require(40) node_modules/egg-onerror/app.js",
    "start": 1562699582657,
    "end": 1562699582660,
    "duration": 3,
    "pid": 30569,
    "index": 49
  },
  {
    "name": "Require(41) node_modules/egg-i18n/app.js",
    "start": 1562699582660,
    "end": 1562699582665,
    "duration": 5,
    "pid": 30569,
    "index": 50
  },
  {
    "name": "Require(42) node_modules/egg-watcher/app.js",
    "start": 1562699582665,
    "end": 1562699582666,
    "duration": 1,
    "pid": 30569,
    "index": 51
  },
  {
    "name": "Require(43) node_modules/egg-schedule/app.js",
    "start": 1562699582666,
    "end": 1562699582667,
    "duration": 1,
    "pid": 30569,
    "index": 52
  },
  {
    "name": "Require(44) node_modules/egg-multipart/app.js",
    "start": 1562699582667,
    "end": 1562699582668,
    "duration": 1,
    "pid": 30569,
    "index": 53
  },
  {
    "name": "Require(45) node_modules/egg-development/app.js",
    "start": 1562699582668,
    "end": 1562699582668,
    "duration": 0,
    "pid": 30569,
    "index": 54
  },
  {
    "name": "Require(46) node_modules/egg-logrotator/app.js",
    "start": 1562699582668,
    "end": 1562699582668,
    "duration": 0,
    "pid": 30569,
    "index": 55
  },
  {
    "name": "Require(47) node_modules/egg-static/app.js",
    "start": 1562699582668,
    "end": 1562699582668,
    "duration": 0,
    "pid": 30569,
    "index": 56
  },
  {
    "name": "Require(48) node_modules/egg-mongoose/app.js",
    "start": 1562699582669,
    "end": 1562699582669,
    "duration": 0,
    "pid": 30569,
    "index": 57
  },
  {
    "name": "Require(49) node_modules/egg-validate/app.js",
    "start": 1562699582669,
    "end": 1562699582670,
    "duration": 1,
    "pid": 30569,
    "index": 58
  },
  {
    "name": "Before Start in node_modules/egg-watcher/lib/init.js:15:14",
    "start": 1562699582676,
    "end": 1562699582906,
    "duration": 230,
    "pid": 30569,
    "index": 59
  },
  {
    "name": "Before Start in node_modules/egg-mongoose/lib/mongoose.js:91:7",
    "start": 1562699582830,
    "end": 1562699582901,
    "duration": 71,
    "pid": 30569,
    "index": 60
  },
  {
    "name": "Before Start in node_modules/egg-mongoose/lib/mongoose.js:49:9",
    "start": 1562699582830,
    "end": 1562699582885,
    "duration": 55,
    "pid": 30569,
    "index": 61
  },
  {
    "name": "Load Service",
    "start": 1562699582831,
    "end": 1562699582834,
    "duration": 3,
    "pid": 30569,
    "index": 62
  },
  {
    "name": "Load \"service\" to Context",
    "start": 1562699582831,
    "end": 1562699582834,
    "duration": 3,
    "pid": 30569,
    "index": 63
  },
  {
    "name": "Load Middleware",
    "start": 1562699582834,
    "end": 1562699582865,
    "duration": 31,
    "pid": 30569,
    "index": 64
  },
  {
    "name": "Load \"middlewares\" to Application",
    "start": 1562699582834,
    "end": 1562699582860,
    "duration": 26,
    "pid": 30569,
    "index": 65
  },
  {
    "name": "Load Controller",
    "start": 1562699582865,
    "end": 1562699582866,
    "duration": 1,
    "pid": 30569,
    "index": 66
  },
  {
    "name": "Load \"controller\" to Application",
    "start": 1562699582865,
    "end": 1562699582866,
    "duration": 1,
    "pid": 30569,
    "index": 67
  },
  {
    "name": "Load Router",
    "start": 1562699582866,
    "end": 1562699582872,
    "duration": 6,
    "pid": 30569,
    "index": 68
  },
  {
    "name": "Require(50) app/router.js",
    "start": 1562699582868,
    "end": 1562699582869,
    "duration": 1,
    "pid": 30569,
    "index": 69
  },
  {
    "name": "Before Start in node_modules/egg-core/lib/egg.js:303:10",
    "start": 1562699582869,
    "end": 1562699582885,
    "duration": 16,
    "pid": 30569,
    "index": 70
  },
  {
    "name": "Load \"model\" to Application",
    "start": 1562699582878,
    "end": 1562699582885,
    "duration": 7,
    "pid": 30569,
    "index": 71
  }
]