[
  {
    "name": "Application Start",
    "start": 1562696661508,
    "end": 1562696661840,
    "duration": 332,
    "pid": 29609,
    "index": 0
  },
  {
    "name": "Load Plugin",
    "start": 1562696661511,
    "end": 1562696661517,
    "duration": 6,
    "pid": 29609,
    "index": 1
  },
  {
    "name": "Load Config",
    "start": 1562696661517,
    "end": 1562696661529,
    "duration": 12,
    "pid": 29609,
    "index": 2
  },
  {
    "name": "Require(0) config/config.default.js",
    "start": 1562696661518,
    "end": 1562696661518,
    "duration": 0,
    "pid": 29609,
    "index": 3
  },
  {
    "name": "Require(1) node_modules/egg-session/config/config.default.js",
    "start": 1562696661519,
    "end": 1562696661519,
    "duration": 0,
    "pid": 29609,
    "index": 4
  },
  {
    "name": "Require(2) node_modules/egg-security/config/config.default.js",
    "start": 1562696661519,
    "end": 1562696661519,
    "duration": 0,
    "pid": 29609,
    "index": 5
  },
  {
    "name": "Require(3) node_modules/egg-jsonp/config/config.default.js",
    "start": 1562696661520,
    "end": 1562696661520,
    "duration": 0,
    "pid": 29609,
    "index": 6
  },
  {
    "name": "Require(4) node_modules/egg-onerror/config/config.default.js",
    "start": 1562696661520,
    "end": 1562696661520,
    "duration": 0,
    "pid": 29609,
    "index": 7
  },
  {
    "name": "Require(5) node_modules/egg-i18n/config/config.default.js",
    "start": 1562696661520,
    "end": 1562696661520,
    "duration": 0,
    "pid": 29609,
    "index": 8
  },
  {
    "name": "Require(6) node_modules/egg-watcher/config/config.default.js",
    "start": 1562696661521,
    "end": 1562696661521,
    "duration": 0,
    "pid": 29609,
    "index": 9
  },
  {
    "name": "Require(7) node_modules/egg-schedule/config/config.default.js",
    "start": 1562696661521,
    "end": 1562696661521,
    "duration": 0,
    "pid": 29609,
    "index": 10
  },
  {
    "name": "Require(8) node_modules/egg-multipart/config/config.default.js",
    "start": 1562696661521,
    "end": 1562696661522,
    "duration": 1,
    "pid": 29609,
    "index": 11
  },
  {
    "name": "Require(9) node_modules/egg-development/config/config.default.js",
    "start": 1562696661522,
    "end": 1562696661522,
    "duration": 0,
    "pid": 29609,
    "index": 12
  },
  {
    "name": "Require(10) node_modules/egg-logrotator/config/config.default.js",
    "start": 1562696661522,
    "end": 1562696661522,
    "duration": 0,
    "pid": 29609,
    "index": 13
  },
  {
    "name": "Require(11) node_modules/egg-static/config/config.default.js",
    "start": 1562696661522,
    "end": 1562696661523,
    "duration": 1,
    "pid": 29609,
    "index": 14
  },
  {
    "name": "Require(12) node_modules/egg-view/config/config.default.js",
    "start": 1562696661523,
    "end": 1562696661523,
    "duration": 0,
    "pid": 29609,
    "index": 15
  },
  {
    "name": "Require(13) node_modules/egg-mongoose/config/config.default.js",
    "start": 1562696661523,
    "end": 1562696661523,
    "duration": 0,
    "pid": 29609,
    "index": 16
  },
  {
    "name": "Require(14) node_modules/egg-validate/config/config.default.js",
    "start": 1562696661523,
    "end": 1562696661523,
    "duration": 0,
    "pid": 29609,
    "index": 17
  },
  {
    "name": "Require(15) node_modules/egg/config/config.default.js",
    "start": 1562696661524,
    "end": 1562696661524,
    "duration": 0,
    "pid": 29609,
    "index": 18
  },
  {
    "name": "Require(16) config/config.default.js",
    "start": 1562696661527,
    "end": 1562696661527,
    "duration": 0,
    "pid": 29609,
    "index": 19
  },
  {
    "name": "Require(17) node_modules/egg-security/config/config.local.js",
    "start": 1562696661527,
    "end": 1562696661527,
    "duration": 0,
    "pid": 29609,
    "index": 20
  },
  {
    "name": "Require(18) node_modules/egg-watcher/config/config.local.js",
    "start": 1562696661527,
    "end": 1562696661528,
    "duration": 1,
    "pid": 29609,
    "index": 21
  },
  {
    "name": "Require(19) node_modules/egg-view/config/config.local.js",
    "start": 1562696661528,
    "end": 1562696661529,
    "duration": 1,
    "pid": 29609,
    "index": 22
  },
  {
    "name": "Require(20) node_modules/egg/config/config.local.js",
    "start": 1562696661529,
    "end": 1562696661529,
    "duration": 0,
    "pid": 29609,
    "index": 23
  },
  {
    "name": "Load extend/application.js",
    "start": 1562696661530,
    "end": 1562696661534,
    "duration": 4,
    "pid": 29609,
    "index": 24
  },
  {
    "name": "Require(21) node_modules/egg-session/app/extend/application.js",
    "start": 1562696661530,
    "end": 1562696661530,
    "duration": 0,
    "pid": 29609,
    "index": 25
  },
  {
    "name": "Require(22) node_modules/egg-security/app/extend/application.js",
    "start": 1562696661531,
    "end": 1562696661531,
    "duration": 0,
    "pid": 29609,
    "index": 26
  },
  {
    "name": "Require(23) node_modules/egg-jsonp/app/extend/application.js",
    "start": 1562696661531,
    "end": 1562696661532,
    "duration": 1,
    "pid": 29609,
    "index": 27
  },
  {
    "name": "Require(24) node_modules/egg-logrotator/app/extend/application.js",
    "start": 1562696661532,
    "end": 1562696661533,
    "duration": 1,
    "pid": 29609,
    "index": 28
  },
  {
    "name": "Require(25) node_modules/egg-view/app/extend/application.js",
    "start": 1562696661533,
    "end": 1562696661534,
    "duration": 1,
    "pid": 29609,
    "index": 29
  },
  {
    "name": "Load extend/request.js",
    "start": 1562696661534,
    "end": 1562696661541,
    "duration": 7,
    "pid": 29609,
    "index": 30
  },
  {
    "name": "Require(26) node_modules/egg/app/extend/request.js",
    "start": 1562696661535,
    "end": 1562696661536,
    "duration": 1,
    "pid": 29609,
    "index": 31
  },
  {
    "name": "Load extend/response.js",
    "start": 1562696661541,
    "end": 1562696661543,
    "duration": 2,
    "pid": 29609,
    "index": 32
  },
  {
    "name": "Require(27) node_modules/egg/app/extend/response.js",
    "start": 1562696661542,
    "end": 1562696661542,
    "duration": 0,
    "pid": 29609,
    "index": 33
  },
  {
    "name": "Load extend/context.js",
    "start": 1562696661543,
    "end": 1562696661570,
    "duration": 27,
    "pid": 29609,
    "index": 34
  },
  {
    "name": "Require(28) node_modules/egg-security/app/extend/context.js",
    "start": 1562696661543,
    "end": 1562696661547,
    "duration": 4,
    "pid": 29609,
    "index": 35
  },
  {
    "name": "Require(29) node_modules/egg-jsonp/app/extend/context.js",
    "start": 1562696661547,
    "end": 1562696661548,
    "duration": 1,
    "pid": 29609,
    "index": 36
  },
  {
    "name": "Require(30) node_modules/egg-i18n/app/extend/context.js",
    "start": 1562696661548,
    "end": 1562696661548,
    "duration": 0,
    "pid": 29609,
    "index": 37
  },
  {
    "name": "Require(31) node_modules/egg-multipart/app/extend/context.js",
    "start": 1562696661548,
    "end": 1562696661568,
    "duration": 20,
    "pid": 29609,
    "index": 38
  },
  {
    "name": "Require(32) node_modules/egg-view/app/extend/context.js",
    "start": 1562696661568,
    "end": 1562696661569,
    "duration": 1,
    "pid": 29609,
    "index": 39
  },
  {
    "name": "Require(33) node_modules/egg-mongoose/app/extend/context.js",
    "start": 1562696661569,
    "end": 1562696661569,
    "duration": 0,
    "pid": 29609,
    "index": 40
  },
  {
    "name": "Require(34) node_modules/egg-validate/app/extend/context.js",
    "start": 1562696661569,
    "end": 1562696661569,
    "duration": 0,
    "pid": 29609,
    "index": 41
  },
  {
    "name": "Require(35) node_modules/egg/app/extend/context.js",
    "start": 1562696661569,
    "end": 1562696661569,
    "duration": 0,
    "pid": 29609,
    "index": 42
  },
  {
    "name": "Load extend/helper.js",
    "start": 1562696661570,
    "end": 1562696661578,
    "duration": 8,
    "pid": 29609,
    "index": 43
  },
  {
    "name": "Require(36) node_modules/egg-security/app/extend/helper.js",
    "start": 1562696661570,
    "end": 1562696661576,
    "duration": 6,
    "pid": 29609,
    "index": 44
  },
  {
    "name": "Require(37) node_modules/egg/app/extend/helper.js",
    "start": 1562696661577,
    "end": 1562696661577,
    "duration": 0,
    "pid": 29609,
    "index": 45
  },
  {
    "name": "Load app.js",
    "start": 1562696661578,
    "end": 1562696661592,
    "duration": 14,
    "pid": 29609,
    "index": 46
  },
  {
    "name": "Require(38) node_modules/egg-session/app.js",
    "start": 1562696661578,
    "end": 1562696661578,
    "duration": 0,
    "pid": 29609,
    "index": 47
  },
  {
    "name": "Require(39) node_modules/egg-security/app.js",
    "start": 1562696661578,
    "end": 1562696661579,
    "duration": 1,
    "pid": 29609,
    "index": 48
  },
  {
    "name": "Require(40) node_modules/egg-onerror/app.js",
    "start": 1562696661579,
    "end": 1562696661582,
    "duration": 3,
    "pid": 29609,
    "index": 49
  },
  {
    "name": "Require(41) node_modules/egg-i18n/app.js",
    "start": 1562696661582,
    "end": 1562696661587,
    "duration": 5,
    "pid": 29609,
    "index": 50
  },
  {
    "name": "Require(42) node_modules/egg-watcher/app.js",
    "start": 1562696661587,
    "end": 1562696661588,
    "duration": 1,
    "pid": 29609,
    "index": 51
  },
  {
    "name": "Require(43) node_modules/egg-schedule/app.js",
    "start": 1562696661588,
    "end": 1562696661589,
    "duration": 1,
    "pid": 29609,
    "index": 52
  },
  {
    "name": "Require(44) node_modules/egg-multipart/app.js",
    "start": 1562696661589,
    "end": 1562696661590,
    "duration": 1,
    "pid": 29609,
    "index": 53
  },
  {
    "name": "Require(45) node_modules/egg-development/app.js",
    "start": 1562696661590,
    "end": 1562696661590,
    "duration": 0,
    "pid": 29609,
    "index": 54
  },
  {
    "name": "Require(46) node_modules/egg-logrotator/app.js",
    "start": 1562696661590,
    "end": 1562696661590,
    "duration": 0,
    "pid": 29609,
    "index": 55
  },
  {
    "name": "Require(47) node_modules/egg-static/app.js",
    "start": 1562696661590,
    "end": 1562696661590,
    "duration": 0,
    "pid": 29609,
    "index": 56
  },
  {
    "name": "Require(48) node_modules/egg-mongoose/app.js",
    "start": 1562696661591,
    "end": 1562696661591,
    "duration": 0,
    "pid": 29609,
    "index": 57
  },
  {
    "name": "Require(49) node_modules/egg-validate/app.js",
    "start": 1562696661591,
    "end": 1562696661591,
    "duration": 0,
    "pid": 29609,
    "index": 58
  },
  {
    "name": "Before Start in node_modules/egg-watcher/lib/init.js:15:14",
    "start": 1562696661599,
    "end": 1562696661840,
    "duration": 241,
    "pid": 29609,
    "index": 59
  },
  {
    "name": "Before Start in node_modules/egg-mongoose/lib/mongoose.js:91:7",
    "start": 1562696661763,
    "end": 1562696661836,
    "duration": 73,
    "pid": 29609,
    "index": 60
  },
  {
    "name": "Before Start in node_modules/egg-mongoose/lib/mongoose.js:49:9",
    "start": 1562696661763,
    "end": 1562696661819,
    "duration": 56,
    "pid": 29609,
    "index": 61
  },
  {
    "name": "Load Service",
    "start": 1562696661763,
    "end": 1562696661766,
    "duration": 3,
    "pid": 29609,
    "index": 62
  },
  {
    "name": "Load \"service\" to Context",
    "start": 1562696661763,
    "end": 1562696661766,
    "duration": 3,
    "pid": 29609,
    "index": 63
  },
  {
    "name": "Load Middleware",
    "start": 1562696661766,
    "end": 1562696661798,
    "duration": 32,
    "pid": 29609,
    "index": 64
  },
  {
    "name": "Load \"middlewares\" to Application",
    "start": 1562696661766,
    "end": 1562696661793,
    "duration": 27,
    "pid": 29609,
    "index": 65
  },
  {
    "name": "Load Controller",
    "start": 1562696661798,
    "end": 1562696661800,
    "duration": 2,
    "pid": 29609,
    "index": 66
  },
  {
    "name": "Load \"controller\" to Application",
    "start": 1562696661798,
    "end": 1562696661800,
    "duration": 2,
    "pid": 29609,
    "index": 67
  },
  {
    "name": "Load Router",
    "start": 1562696661800,
    "end": 1562696661806,
    "duration": 6,
    "pid": 29609,
    "index": 68
  },
  {
    "name": "Require(50) app/router.js",
    "start": 1562696661800,
    "end": 1562696661800,
    "duration": 0,
    "pid": 29609,
    "index": 69
  },
  {
    "name": "Before Start in node_modules/egg-core/lib/egg.js:303:10",
    "start": 1562696661800,
    "end": 1562696661819,
    "duration": 19,
    "pid": 29609,
    "index": 70
  },
  {
    "name": "Load \"model\" to Application",
    "start": 1562696661812,
    "end": 1562696661819,
    "duration": 7,
    "pid": 29609,
    "index": 71
  }
]