[
  {
    "name": "Application Start",
    "start": 1562697787556,
    "end": 1562697788106,
    "duration": 550,
    "pid": 29951,
    "index": 0
  },
  {
    "name": "Load Plugin",
    "start": 1562697787560,
    "end": 1562697787575,
    "duration": 15,
    "pid": 29951,
    "index": 1
  },
  {
    "name": "Load Config",
    "start": 1562697787575,
    "end": 1562697787600,
    "duration": 25,
    "pid": 29951,
    "index": 2
  },
  {
    "name": "Require(0) config/config.default.js",
    "start": 1562697787576,
    "end": 1562697787577,
    "duration": 1,
    "pid": 29951,
    "index": 3
  },
  {
    "name": "Require(1) node_modules/egg-session/config/config.default.js",
    "start": 1562697787578,
    "end": 1562697787578,
    "duration": 0,
    "pid": 29951,
    "index": 4
  },
  {
    "name": "Require(2) node_modules/egg-security/config/config.default.js",
    "start": 1562697787579,
    "end": 1562697787579,
    "duration": 0,
    "pid": 29951,
    "index": 5
  },
  {
    "name": "Require(3) node_modules/egg-jsonp/config/config.default.js",
    "start": 1562697787580,
    "end": 1562697787581,
    "duration": 1,
    "pid": 29951,
    "index": 6
  },
  {
    "name": "Require(4) node_modules/egg-onerror/config/config.default.js",
    "start": 1562697787581,
    "end": 1562697787582,
    "duration": 1,
    "pid": 29951,
    "index": 7
  },
  {
    "name": "Require(5) node_modules/egg-i18n/config/config.default.js",
    "start": 1562697787582,
    "end": 1562697787583,
    "duration": 1,
    "pid": 29951,
    "index": 8
  },
  {
    "name": "Require(6) node_modules/egg-watcher/config/config.default.js",
    "start": 1562697787583,
    "end": 1562697787584,
    "duration": 1,
    "pid": 29951,
    "index": 9
  },
  {
    "name": "Require(7) node_modules/egg-schedule/config/config.default.js",
    "start": 1562697787584,
    "end": 1562697787584,
    "duration": 0,
    "pid": 29951,
    "index": 10
  },
  {
    "name": "Require(8) node_modules/egg-multipart/config/config.default.js",
    "start": 1562697787585,
    "end": 1562697787586,
    "duration": 1,
    "pid": 29951,
    "index": 11
  },
  {
    "name": "Require(9) node_modules/egg-development/config/config.default.js",
    "start": 1562697787586,
    "end": 1562697787587,
    "duration": 1,
    "pid": 29951,
    "index": 12
  },
  {
    "name": "Require(10) node_modules/egg-logrotator/config/config.default.js",
    "start": 1562697787587,
    "end": 1562697787588,
    "duration": 1,
    "pid": 29951,
    "index": 13
  },
  {
    "name": "Require(11) node_modules/egg-static/config/config.default.js",
    "start": 1562697787588,
    "end": 1562697787589,
    "duration": 1,
    "pid": 29951,
    "index": 14
  },
  {
    "name": "Require(12) node_modules/egg-view/config/config.default.js",
    "start": 1562697787589,
    "end": 1562697787590,
    "duration": 1,
    "pid": 29951,
    "index": 15
  },
  {
    "name": "Require(13) node_modules/egg-mongoose/config/config.default.js",
    "start": 1562697787590,
    "end": 1562697787591,
    "duration": 1,
    "pid": 29951,
    "index": 16
  },
  {
    "name": "Require(14) node_modules/egg-validate/config/config.default.js",
    "start": 1562697787591,
    "end": 1562697787592,
    "duration": 1,
    "pid": 29951,
    "index": 17
  },
  {
    "name": "Require(15) node_modules/egg/config/config.default.js",
    "start": 1562697787592,
    "end": 1562697787593,
    "duration": 1,
    "pid": 29951,
    "index": 18
  },
  {
    "name": "Require(16) config/config.default.js",
    "start": 1562697787597,
    "end": 1562697787597,
    "duration": 0,
    "pid": 29951,
    "index": 19
  },
  {
    "name": "Require(17) node_modules/egg-security/config/config.local.js",
    "start": 1562697787597,
    "end": 1562697787598,
    "duration": 1,
    "pid": 29951,
    "index": 20
  },
  {
    "name": "Require(18) node_modules/egg-watcher/config/config.local.js",
    "start": 1562697787598,
    "end": 1562697787599,
    "duration": 1,
    "pid": 29951,
    "index": 21
  },
  {
    "name": "Require(19) node_modules/egg-view/config/config.local.js",
    "start": 1562697787599,
    "end": 1562697787600,
    "duration": 1,
    "pid": 29951,
    "index": 22
  },
  {
    "name": "Require(20) node_modules/egg/config/config.local.js",
    "start": 1562697787600,
    "end": 1562697787600,
    "duration": 0,
    "pid": 29951,
    "index": 23
  },
  {
    "name": "Load extend/application.js",
    "start": 1562697787602,
    "end": 1562697787615,
    "duration": 13,
    "pid": 29951,
    "index": 24
  },
  {
    "name": "Require(21) node_modules/egg-session/app/extend/application.js",
    "start": 1562697787602,
    "end": 1562697787602,
    "duration": 0,
    "pid": 29951,
    "index": 25
  },
  {
    "name": "Require(22) node_modules/egg-security/app/extend/application.js",
    "start": 1562697787603,
    "end": 1562697787604,
    "duration": 1,
    "pid": 29951,
    "index": 26
  },
  {
    "name": "Require(23) node_modules/egg-jsonp/app/extend/application.js",
    "start": 1562697787604,
    "end": 1562697787605,
    "duration": 1,
    "pid": 29951,
    "index": 27
  },
  {
    "name": "Require(24) node_modules/egg-logrotator/app/extend/application.js",
    "start": 1562697787606,
    "end": 1562697787607,
    "duration": 1,
    "pid": 29951,
    "index": 28
  },
  {
    "name": "Require(25) node_modules/egg-view/app/extend/application.js",
    "start": 1562697787607,
    "end": 1562697787608,
    "duration": 1,
    "pid": 29951,
    "index": 29
  },
  {
    "name": "Load extend/request.js",
    "start": 1562697787615,
    "end": 1562697787617,
    "duration": 2,
    "pid": 29951,
    "index": 30
  },
  {
    "name": "Require(26) node_modules/egg/app/extend/request.js",
    "start": 1562697787615,
    "end": 1562697787616,
    "duration": 1,
    "pid": 29951,
    "index": 31
  },
  {
    "name": "Load extend/response.js",
    "start": 1562697787617,
    "end": 1562697787619,
    "duration": 2,
    "pid": 29951,
    "index": 32
  },
  {
    "name": "Require(27) node_modules/egg/app/extend/response.js",
    "start": 1562697787618,
    "end": 1562697787618,
    "duration": 0,
    "pid": 29951,
    "index": 33
  },
  {
    "name": "Load extend/context.js",
    "start": 1562697787619,
    "end": 1562697787658,
    "duration": 39,
    "pid": 29951,
    "index": 34
  },
  {
    "name": "Require(28) node_modules/egg-security/app/extend/context.js",
    "start": 1562697787619,
    "end": 1562697787626,
    "duration": 7,
    "pid": 29951,
    "index": 35
  },
  {
    "name": "Require(29) node_modules/egg-jsonp/app/extend/context.js",
    "start": 1562697787626,
    "end": 1562697787627,
    "duration": 1,
    "pid": 29951,
    "index": 36
  },
  {
    "name": "Require(30) node_modules/egg-i18n/app/extend/context.js",
    "start": 1562697787628,
    "end": 1562697787628,
    "duration": 0,
    "pid": 29951,
    "index": 37
  },
  {
    "name": "Require(31) node_modules/egg-multipart/app/extend/context.js",
    "start": 1562697787628,
    "end": 1562697787654,
    "duration": 26,
    "pid": 29951,
    "index": 38
  },
  {
    "name": "Require(32) node_modules/egg-view/app/extend/context.js",
    "start": 1562697787655,
    "end": 1562697787655,
    "duration": 0,
    "pid": 29951,
    "index": 39
  },
  {
    "name": "Require(33) node_modules/egg-mongoose/app/extend/context.js",
    "start": 1562697787656,
    "end": 1562697787656,
    "duration": 0,
    "pid": 29951,
    "index": 40
  },
  {
    "name": "Require(34) node_modules/egg-validate/app/extend/context.js",
    "start": 1562697787656,
    "end": 1562697787656,
    "duration": 0,
    "pid": 29951,
    "index": 41
  },
  {
    "name": "Require(35) node_modules/egg/app/extend/context.js",
    "start": 1562697787656,
    "end": 1562697787657,
    "duration": 1,
    "pid": 29951,
    "index": 42
  },
  {
    "name": "Load extend/helper.js",
    "start": 1562697787658,
    "end": 1562697787670,
    "duration": 12,
    "pid": 29951,
    "index": 43
  },
  {
    "name": "Require(36) node_modules/egg-security/app/extend/helper.js",
    "start": 1562697787658,
    "end": 1562697787668,
    "duration": 10,
    "pid": 29951,
    "index": 44
  },
  {
    "name": "Require(37) node_modules/egg/app/extend/helper.js",
    "start": 1562697787669,
    "end": 1562697787669,
    "duration": 0,
    "pid": 29951,
    "index": 45
  },
  {
    "name": "Load app.js",
    "start": 1562697787670,
    "end": 1562697787694,
    "duration": 24,
    "pid": 29951,
    "index": 46
  },
  {
    "name": "Require(38) node_modules/egg-session/app.js",
    "start": 1562697787670,
    "end": 1562697787671,
    "duration": 1,
    "pid": 29951,
    "index": 47
  },
  {
    "name": "Require(39) node_modules/egg-security/app.js",
    "start": 1562697787671,
    "end": 1562697787672,
    "duration": 1,
    "pid": 29951,
    "index": 48
  },
  {
    "name": "Require(40) node_modules/egg-onerror/app.js",
    "start": 1562697787672,
    "end": 1562697787677,
    "duration": 5,
    "pid": 29951,
    "index": 49
  },
  {
    "name": "Require(41) node_modules/egg-i18n/app.js",
    "start": 1562697787677,
    "end": 1562697787685,
    "duration": 8,
    "pid": 29951,
    "index": 50
  },
  {
    "name": "Require(42) node_modules/egg-watcher/app.js",
    "start": 1562697787686,
    "end": 1562697787688,
    "duration": 2,
    "pid": 29951,
    "index": 51
  },
  {
    "name": "Require(43) node_modules/egg-schedule/app.js",
    "start": 1562697787688,
    "end": 1562697787689,
    "duration": 1,
    "pid": 29951,
    "index": 52
  },
  {
    "name": "Require(44) node_modules/egg-multipart/app.js",
    "start": 1562697787689,
    "end": 1562697787691,
    "duration": 2,
    "pid": 29951,
    "index": 53
  },
  {
    "name": "Require(45) node_modules/egg-development/app.js",
    "start": 1562697787691,
    "end": 1562697787691,
    "duration": 0,
    "pid": 29951,
    "index": 54
  },
  {
    "name": "Require(46) node_modules/egg-logrotator/app.js",
    "start": 1562697787691,
    "end": 1562697787691,
    "duration": 0,
    "pid": 29951,
    "index": 55
  },
  {
    "name": "Require(47) node_modules/egg-static/app.js",
    "start": 1562697787691,
    "end": 1562697787692,
    "duration": 1,
    "pid": 29951,
    "index": 56
  },
  {
    "name": "Require(48) node_modules/egg-mongoose/app.js",
    "start": 1562697787692,
    "end": 1562697787692,
    "duration": 0,
    "pid": 29951,
    "index": 57
  },
  {
    "name": "Require(49) node_modules/egg-validate/app.js",
    "start": 1562697787692,
    "end": 1562697787694,
    "duration": 2,
    "pid": 29951,
    "index": 58
  },
  {
    "name": "Before Start in node_modules/egg-watcher/lib/init.js:15:14",
    "start": 1562697787702,
    "end": 1562697788106,
    "duration": 404,
    "pid": 29951,
    "index": 59
  },
  {
    "name": "Before Start in node_modules/egg-mongoose/lib/mongoose.js:91:7",
    "start": 1562697787981,
    "end": 1562697788102,
    "duration": 121,
    "pid": 29951,
    "index": 60
  },
  {
    "name": "Before Start in node_modules/egg-mongoose/lib/mongoose.js:49:9",
    "start": 1562697787981,
    "end": 1562697788086,
    "duration": 105,
    "pid": 29951,
    "index": 61
  },
  {
    "name": "Load Service",
    "start": 1562697787982,
    "end": 1562697787985,
    "duration": 3,
    "pid": 29951,
    "index": 62
  },
  {
    "name": "Load \"service\" to Context",
    "start": 1562697787982,
    "end": 1562697787985,
    "duration": 3,
    "pid": 29951,
    "index": 63
  },
  {
    "name": "Load Middleware",
    "start": 1562697787985,
    "end": 1562697788062,
    "duration": 77,
    "pid": 29951,
    "index": 64
  },
  {
    "name": "Load \"middlewares\" to Application",
    "start": 1562697787985,
    "end": 1562697788053,
    "duration": 68,
    "pid": 29951,
    "index": 65
  },
  {
    "name": "Load Controller",
    "start": 1562697788062,
    "end": 1562697788067,
    "duration": 5,
    "pid": 29951,
    "index": 66
  },
  {
    "name": "Load \"controller\" to Application",
    "start": 1562697788062,
    "end": 1562697788067,
    "duration": 5,
    "pid": 29951,
    "index": 67
  },
  {
    "name": "Load Router",
    "start": 1562697788067,
    "end": 1562697788072,
    "duration": 5,
    "pid": 29951,
    "index": 68
  },
  {
    "name": "Require(50) app/router.js",
    "start": 1562697788067,
    "end": 1562697788068,
    "duration": 1,
    "pid": 29951,
    "index": 69
  },
  {
    "name": "Before Start in node_modules/egg-core/lib/egg.js:303:10",
    "start": 1562697788068,
    "end": 1562697788086,
    "duration": 18,
    "pid": 29951,
    "index": 70
  },
  {
    "name": "Load \"model\" to Application",
    "start": 1562697788079,
    "end": 1562697788086,
    "duration": 7,
    "pid": 29951,
    "index": 71
  }
]