[
  {
    "name": "Application Start",
    "start": 1562699297517,
    "end": 1562699297854,
    "duration": 337,
    "pid": 30452,
    "index": 0
  },
  {
    "name": "Load Plugin",
    "start": 1562699297520,
    "end": 1562699297525,
    "duration": 5,
    "pid": 30452,
    "index": 1
  },
  {
    "name": "Load Config",
    "start": 1562699297525,
    "end": 1562699297537,
    "duration": 12,
    "pid": 30452,
    "index": 2
  },
  {
    "name": "Require(0) config/config.default.js",
    "start": 1562699297526,
    "end": 1562699297526,
    "duration": 0,
    "pid": 30452,
    "index": 3
  },
  {
    "name": "Require(1) node_modules/egg-session/config/config.default.js",
    "start": 1562699297527,
    "end": 1562699297527,
    "duration": 0,
    "pid": 30452,
    "index": 4
  },
  {
    "name": "Require(2) node_modules/egg-security/config/config.default.js",
    "start": 1562699297527,
    "end": 1562699297527,
    "duration": 0,
    "pid": 30452,
    "index": 5
  },
  {
    "name": "Require(3) node_modules/egg-jsonp/config/config.default.js",
    "start": 1562699297528,
    "end": 1562699297528,
    "duration": 0,
    "pid": 30452,
    "index": 6
  },
  {
    "name": "Require(4) node_modules/egg-onerror/config/config.default.js",
    "start": 1562699297528,
    "end": 1562699297528,
    "duration": 0,
    "pid": 30452,
    "index": 7
  },
  {
    "name": "Require(5) node_modules/egg-i18n/config/config.default.js",
    "start": 1562699297529,
    "end": 1562699297529,
    "duration": 0,
    "pid": 30452,
    "index": 8
  },
  {
    "name": "Require(6) node_modules/egg-watcher/config/config.default.js",
    "start": 1562699297529,
    "end": 1562699297529,
    "duration": 0,
    "pid": 30452,
    "index": 9
  },
  {
    "name": "Require(7) node_modules/egg-schedule/config/config.default.js",
    "start": 1562699297529,
    "end": 1562699297529,
    "duration": 0,
    "pid": 30452,
    "index": 10
  },
  {
    "name": "Require(8) node_modules/egg-multipart/config/config.default.js",
    "start": 1562699297530,
    "end": 1562699297530,
    "duration": 0,
    "pid": 30452,
    "index": 11
  },
  {
    "name": "Require(9) node_modules/egg-development/config/config.default.js",
    "start": 1562699297530,
    "end": 1562699297530,
    "duration": 0,
    "pid": 30452,
    "index": 12
  },
  {
    "name": "Require(10) node_modules/egg-logrotator/config/config.default.js",
    "start": 1562699297530,
    "end": 1562699297531,
    "duration": 1,
    "pid": 30452,
    "index": 13
  },
  {
    "name": "Require(11) node_modules/egg-static/config/config.default.js",
    "start": 1562699297531,
    "end": 1562699297531,
    "duration": 0,
    "pid": 30452,
    "index": 14
  },
  {
    "name": "Require(12) node_modules/egg-view/config/config.default.js",
    "start": 1562699297531,
    "end": 1562699297531,
    "duration": 0,
    "pid": 30452,
    "index": 15
  },
  {
    "name": "Require(13) node_modules/egg-mongoose/config/config.default.js",
    "start": 1562699297531,
    "end": 1562699297532,
    "duration": 1,
    "pid": 30452,
    "index": 16
  },
  {
    "name": "Require(14) node_modules/egg-validate/config/config.default.js",
    "start": 1562699297532,
    "end": 1562699297532,
    "duration": 0,
    "pid": 30452,
    "index": 17
  },
  {
    "name": "Require(15) node_modules/egg/config/config.default.js",
    "start": 1562699297532,
    "end": 1562699297532,
    "duration": 0,
    "pid": 30452,
    "index": 18
  },
  {
    "name": "Require(16) config/config.default.js",
    "start": 1562699297535,
    "end": 1562699297535,
    "duration": 0,
    "pid": 30452,
    "index": 19
  },
  {
    "name": "Require(17) node_modules/egg-security/config/config.local.js",
    "start": 1562699297536,
    "end": 1562699297536,
    "duration": 0,
    "pid": 30452,
    "index": 20
  },
  {
    "name": "Require(18) node_modules/egg-watcher/config/config.local.js",
    "start": 1562699297536,
    "end": 1562699297536,
    "duration": 0,
    "pid": 30452,
    "index": 21
  },
  {
    "name": "Require(19) node_modules/egg-view/config/config.local.js",
    "start": 1562699297537,
    "end": 1562699297537,
    "duration": 0,
    "pid": 30452,
    "index": 22
  },
  {
    "name": "Require(20) node_modules/egg/config/config.local.js",
    "start": 1562699297537,
    "end": 1562699297537,
    "duration": 0,
    "pid": 30452,
    "index": 23
  },
  {
    "name": "Load extend/application.js",
    "start": 1562699297538,
    "end": 1562699297543,
    "duration": 5,
    "pid": 30452,
    "index": 24
  },
  {
    "name": "Require(21) node_modules/egg-session/app/extend/application.js",
    "start": 1562699297539,
    "end": 1562699297539,
    "duration": 0,
    "pid": 30452,
    "index": 25
  },
  {
    "name": "Require(22) node_modules/egg-security/app/extend/application.js",
    "start": 1562699297539,
    "end": 1562699297539,
    "duration": 0,
    "pid": 30452,
    "index": 26
  },
  {
    "name": "Require(23) node_modules/egg-jsonp/app/extend/application.js",
    "start": 1562699297539,
    "end": 1562699297540,
    "duration": 1,
    "pid": 30452,
    "index": 27
  },
  {
    "name": "Require(24) node_modules/egg-logrotator/app/extend/application.js",
    "start": 1562699297541,
    "end": 1562699297541,
    "duration": 0,
    "pid": 30452,
    "index": 28
  },
  {
    "name": "Require(25) node_modules/egg-view/app/extend/application.js",
    "start": 1562699297541,
    "end": 1562699297542,
    "duration": 1,
    "pid": 30452,
    "index": 29
  },
  {
    "name": "Load extend/request.js",
    "start": 1562699297543,
    "end": 1562699297545,
    "duration": 2,
    "pid": 30452,
    "index": 30
  },
  {
    "name": "Require(26) node_modules/egg/app/extend/request.js",
    "start": 1562699297544,
    "end": 1562699297544,
    "duration": 0,
    "pid": 30452,
    "index": 31
  },
  {
    "name": "Load extend/response.js",
    "start": 1562699297545,
    "end": 1562699297552,
    "duration": 7,
    "pid": 30452,
    "index": 32
  },
  {
    "name": "Require(27) node_modules/egg/app/extend/response.js",
    "start": 1562699297550,
    "end": 1562699297551,
    "duration": 1,
    "pid": 30452,
    "index": 33
  },
  {
    "name": "Load extend/context.js",
    "start": 1562699297552,
    "end": 1562699297577,
    "duration": 25,
    "pid": 30452,
    "index": 34
  },
  {
    "name": "Require(28) node_modules/egg-security/app/extend/context.js",
    "start": 1562699297552,
    "end": 1562699297555,
    "duration": 3,
    "pid": 30452,
    "index": 35
  },
  {
    "name": "Require(29) node_modules/egg-jsonp/app/extend/context.js",
    "start": 1562699297555,
    "end": 1562699297556,
    "duration": 1,
    "pid": 30452,
    "index": 36
  },
  {
    "name": "Require(30) node_modules/egg-i18n/app/extend/context.js",
    "start": 1562699297556,
    "end": 1562699297556,
    "duration": 0,
    "pid": 30452,
    "index": 37
  },
  {
    "name": "Require(31) node_modules/egg-multipart/app/extend/context.js",
    "start": 1562699297556,
    "end": 1562699297575,
    "duration": 19,
    "pid": 30452,
    "index": 38
  },
  {
    "name": "Require(32) node_modules/egg-view/app/extend/context.js",
    "start": 1562699297575,
    "end": 1562699297575,
    "duration": 0,
    "pid": 30452,
    "index": 39
  },
  {
    "name": "Require(33) node_modules/egg-mongoose/app/extend/context.js",
    "start": 1562699297576,
    "end": 1562699297576,
    "duration": 0,
    "pid": 30452,
    "index": 40
  },
  {
    "name": "Require(34) node_modules/egg-validate/app/extend/context.js",
    "start": 1562699297576,
    "end": 1562699297576,
    "duration": 0,
    "pid": 30452,
    "index": 41
  },
  {
    "name": "Require(35) node_modules/egg/app/extend/context.js",
    "start": 1562699297576,
    "end": 1562699297576,
    "duration": 0,
    "pid": 30452,
    "index": 42
  },
  {
    "name": "Load extend/helper.js",
    "start": 1562699297577,
    "end": 1562699297585,
    "duration": 8,
    "pid": 30452,
    "index": 43
  },
  {
    "name": "Require(36) node_modules/egg-security/app/extend/helper.js",
    "start": 1562699297577,
    "end": 1562699297583,
    "duration": 6,
    "pid": 30452,
    "index": 44
  },
  {
    "name": "Require(37) node_modules/egg/app/extend/helper.js",
    "start": 1562699297584,
    "end": 1562699297584,
    "duration": 0,
    "pid": 30452,
    "index": 45
  },
  {
    "name": "Load app.js",
    "start": 1562699297585,
    "end": 1562699297599,
    "duration": 14,
    "pid": 30452,
    "index": 46
  },
  {
    "name": "Require(38) node_modules/egg-session/app.js",
    "start": 1562699297585,
    "end": 1562699297585,
    "duration": 0,
    "pid": 30452,
    "index": 47
  },
  {
    "name": "Require(39) node_modules/egg-security/app.js",
    "start": 1562699297585,
    "end": 1562699297586,
    "duration": 1,
    "pid": 30452,
    "index": 48
  },
  {
    "name": "Require(40) node_modules/egg-onerror/app.js",
    "start": 1562699297586,
    "end": 1562699297589,
    "duration": 3,
    "pid": 30452,
    "index": 49
  },
  {
    "name": "Require(41) node_modules/egg-i18n/app.js",
    "start": 1562699297589,
    "end": 1562699297595,
    "duration": 6,
    "pid": 30452,
    "index": 50
  },
  {
    "name": "Require(42) node_modules/egg-watcher/app.js",
    "start": 1562699297595,
    "end": 1562699297596,
    "duration": 1,
    "pid": 30452,
    "index": 51
  },
  {
    "name": "Require(43) node_modules/egg-schedule/app.js",
    "start": 1562699297596,
    "end": 1562699297596,
    "duration": 0,
    "pid": 30452,
    "index": 52
  },
  {
    "name": "Require(44) node_modules/egg-multipart/app.js",
    "start": 1562699297597,
    "end": 1562699297597,
    "duration": 0,
    "pid": 30452,
    "index": 53
  },
  {
    "name": "Require(45) node_modules/egg-development/app.js",
    "start": 1562699297598,
    "end": 1562699297598,
    "duration": 0,
    "pid": 30452,
    "index": 54
  },
  {
    "name": "Require(46) node_modules/egg-logrotator/app.js",
    "start": 1562699297598,
    "end": 1562699297598,
    "duration": 0,
    "pid": 30452,
    "index": 55
  },
  {
    "name": "Require(47) node_modules/egg-static/app.js",
    "start": 1562699297598,
    "end": 1562699297598,
    "duration": 0,
    "pid": 30452,
    "index": 56
  },
  {
    "name": "Require(48) node_modules/egg-mongoose/app.js",
    "start": 1562699297598,
    "end": 1562699297598,
    "duration": 0,
    "pid": 30452,
    "index": 57
  },
  {
    "name": "Require(49) node_modules/egg-validate/app.js",
    "start": 1562699297598,
    "end": 1562699297599,
    "duration": 1,
    "pid": 30452,
    "index": 58
  },
  {
    "name": "Before Start in node_modules/egg-watcher/lib/init.js:15:14",
    "start": 1562699297606,
    "end": 1562699297854,
    "duration": 248,
    "pid": 30452,
    "index": 59
  },
  {
    "name": "Before Start in node_modules/egg-mongoose/lib/mongoose.js:91:7",
    "start": 1562699297776,
    "end": 1562699297850,
    "duration": 74,
    "pid": 30452,
    "index": 60
  },
  {
    "name": "Before Start in node_modules/egg-mongoose/lib/mongoose.js:49:9",
    "start": 1562699297776,
    "end": 1562699297834,
    "duration": 58,
    "pid": 30452,
    "index": 61
  },
  {
    "name": "Load Service",
    "start": 1562699297776,
    "end": 1562699297780,
    "duration": 4,
    "pid": 30452,
    "index": 62
  },
  {
    "name": "Load \"service\" to Context",
    "start": 1562699297777,
    "end": 1562699297780,
    "duration": 3,
    "pid": 30452,
    "index": 63
  },
  {
    "name": "Load Middleware",
    "start": 1562699297780,
    "end": 1562699297813,
    "duration": 33,
    "pid": 30452,
    "index": 64
  },
  {
    "name": "Load \"middlewares\" to Application",
    "start": 1562699297780,
    "end": 1562699297808,
    "duration": 28,
    "pid": 30452,
    "index": 65
  },
  {
    "name": "Load Controller",
    "start": 1562699297813,
    "end": 1562699297817,
    "duration": 4,
    "pid": 30452,
    "index": 66
  },
  {
    "name": "Load \"controller\" to Application",
    "start": 1562699297813,
    "end": 1562699297817,
    "duration": 4,
    "pid": 30452,
    "index": 67
  },
  {
    "name": "Load Router",
    "start": 1562699297817,
    "end": 1562699297821,
    "duration": 4,
    "pid": 30452,
    "index": 68
  },
  {
    "name": "Require(50) app/router.js",
    "start": 1562699297817,
    "end": 1562699297818,
    "duration": 1,
    "pid": 30452,
    "index": 69
  },
  {
    "name": "Before Start in node_modules/egg-core/lib/egg.js:303:10",
    "start": 1562699297818,
    "end": 1562699297834,
    "duration": 16,
    "pid": 30452,
    "index": 70
  },
  {
    "name": "Load \"model\" to Application",
    "start": 1562699297827,
    "end": 1562699297833,
    "duration": 6,
    "pid": 30452,
    "index": 71
  }
]