[
  {
    "name": "Application Start",
    "start": 1562697230544,
    "end": 1562697231094,
    "duration": 550,
    "pid": 29775,
    "index": 0
  },
  {
    "name": "Load Plugin",
    "start": 1562697230548,
    "end": 1562697230559,
    "duration": 11,
    "pid": 29775,
    "index": 1
  },
  {
    "name": "Load Config",
    "start": 1562697230559,
    "end": 1562697230581,
    "duration": 22,
    "pid": 29775,
    "index": 2
  },
  {
    "name": "Require(0) config/config.default.js",
    "start": 1562697230560,
    "end": 1562697230560,
    "duration": 0,
    "pid": 29775,
    "index": 3
  },
  {
    "name": "Require(1) node_modules/egg-session/config/config.default.js",
    "start": 1562697230561,
    "end": 1562697230562,
    "duration": 1,
    "pid": 29775,
    "index": 4
  },
  {
    "name": "Require(2) node_modules/egg-security/config/config.default.js",
    "start": 1562697230562,
    "end": 1562697230562,
    "duration": 0,
    "pid": 29775,
    "index": 5
  },
  {
    "name": "Require(3) node_modules/egg-jsonp/config/config.default.js",
    "start": 1562697230563,
    "end": 1562697230564,
    "duration": 1,
    "pid": 29775,
    "index": 6
  },
  {
    "name": "Require(4) node_modules/egg-onerror/config/config.default.js",
    "start": 1562697230564,
    "end": 1562697230564,
    "duration": 0,
    "pid": 29775,
    "index": 7
  },
  {
    "name": "Require(5) node_modules/egg-i18n/config/config.default.js",
    "start": 1562697230564,
    "end": 1562697230565,
    "duration": 1,
    "pid": 29775,
    "index": 8
  },
  {
    "name": "Require(6) node_modules/egg-watcher/config/config.default.js",
    "start": 1562697230565,
    "end": 1562697230566,
    "duration": 1,
    "pid": 29775,
    "index": 9
  },
  {
    "name": "Require(7) node_modules/egg-schedule/config/config.default.js",
    "start": 1562697230566,
    "end": 1562697230566,
    "duration": 0,
    "pid": 29775,
    "index": 10
  },
  {
    "name": "Require(8) node_modules/egg-multipart/config/config.default.js",
    "start": 1562697230566,
    "end": 1562697230567,
    "duration": 1,
    "pid": 29775,
    "index": 11
  },
  {
    "name": "Require(9) node_modules/egg-development/config/config.default.js",
    "start": 1562697230567,
    "end": 1562697230568,
    "duration": 1,
    "pid": 29775,
    "index": 12
  },
  {
    "name": "Require(10) node_modules/egg-logrotator/config/config.default.js",
    "start": 1562697230568,
    "end": 1562697230569,
    "duration": 1,
    "pid": 29775,
    "index": 13
  },
  {
    "name": "Require(11) node_modules/egg-static/config/config.default.js",
    "start": 1562697230569,
    "end": 1562697230570,
    "duration": 1,
    "pid": 29775,
    "index": 14
  },
  {
    "name": "Require(12) node_modules/egg-view/config/config.default.js",
    "start": 1562697230570,
    "end": 1562697230571,
    "duration": 1,
    "pid": 29775,
    "index": 15
  },
  {
    "name": "Require(13) node_modules/egg-mongoose/config/config.default.js",
    "start": 1562697230571,
    "end": 1562697230571,
    "duration": 0,
    "pid": 29775,
    "index": 16
  },
  {
    "name": "Require(14) node_modules/egg-validate/config/config.default.js",
    "start": 1562697230572,
    "end": 1562697230572,
    "duration": 0,
    "pid": 29775,
    "index": 17
  },
  {
    "name": "Require(15) node_modules/egg/config/config.default.js",
    "start": 1562697230572,
    "end": 1562697230573,
    "duration": 1,
    "pid": 29775,
    "index": 18
  },
  {
    "name": "Require(16) config/config.default.js",
    "start": 1562697230577,
    "end": 1562697230577,
    "duration": 0,
    "pid": 29775,
    "index": 19
  },
  {
    "name": "Require(17) node_modules/egg-security/config/config.local.js",
    "start": 1562697230578,
    "end": 1562697230578,
    "duration": 0,
    "pid": 29775,
    "index": 20
  },
  {
    "name": "Require(18) node_modules/egg-watcher/config/config.local.js",
    "start": 1562697230578,
    "end": 1562697230579,
    "duration": 1,
    "pid": 29775,
    "index": 21
  },
  {
    "name": "Require(19) node_modules/egg-view/config/config.local.js",
    "start": 1562697230579,
    "end": 1562697230580,
    "duration": 1,
    "pid": 29775,
    "index": 22
  },
  {
    "name": "Require(20) node_modules/egg/config/config.local.js",
    "start": 1562697230580,
    "end": 1562697230580,
    "duration": 0,
    "pid": 29775,
    "index": 23
  },
  {
    "name": "Load extend/application.js",
    "start": 1562697230581,
    "end": 1562697230596,
    "duration": 15,
    "pid": 29775,
    "index": 24
  },
  {
    "name": "Require(21) node_modules/egg-session/app/extend/application.js",
    "start": 1562697230582,
    "end": 1562697230583,
    "duration": 1,
    "pid": 29775,
    "index": 25
  },
  {
    "name": "Require(22) node_modules/egg-security/app/extend/application.js",
    "start": 1562697230583,
    "end": 1562697230584,
    "duration": 1,
    "pid": 29775,
    "index": 26
  },
  {
    "name": "Require(23) node_modules/egg-jsonp/app/extend/application.js",
    "start": 1562697230584,
    "end": 1562697230585,
    "duration": 1,
    "pid": 29775,
    "index": 27
  },
  {
    "name": "Require(24) node_modules/egg-logrotator/app/extend/application.js",
    "start": 1562697230586,
    "end": 1562697230588,
    "duration": 2,
    "pid": 29775,
    "index": 28
  },
  {
    "name": "Require(25) node_modules/egg-view/app/extend/application.js",
    "start": 1562697230588,
    "end": 1562697230590,
    "duration": 2,
    "pid": 29775,
    "index": 29
  },
  {
    "name": "Load extend/request.js",
    "start": 1562697230596,
    "end": 1562697230600,
    "duration": 4,
    "pid": 29775,
    "index": 30
  },
  {
    "name": "Require(26) node_modules/egg/app/extend/request.js",
    "start": 1562697230597,
    "end": 1562697230599,
    "duration": 2,
    "pid": 29775,
    "index": 31
  },
  {
    "name": "Load extend/response.js",
    "start": 1562697230600,
    "end": 1562697230602,
    "duration": 2,
    "pid": 29775,
    "index": 32
  },
  {
    "name": "Require(27) node_modules/egg/app/extend/response.js",
    "start": 1562697230600,
    "end": 1562697230601,
    "duration": 1,
    "pid": 29775,
    "index": 33
  },
  {
    "name": "Load extend/context.js",
    "start": 1562697230602,
    "end": 1562697230652,
    "duration": 50,
    "pid": 29775,
    "index": 34
  },
  {
    "name": "Require(28) node_modules/egg-security/app/extend/context.js",
    "start": 1562697230602,
    "end": 1562697230614,
    "duration": 12,
    "pid": 29775,
    "index": 35
  },
  {
    "name": "Require(29) node_modules/egg-jsonp/app/extend/context.js",
    "start": 1562697230614,
    "end": 1562697230616,
    "duration": 2,
    "pid": 29775,
    "index": 36
  },
  {
    "name": "Require(30) node_modules/egg-i18n/app/extend/context.js",
    "start": 1562697230616,
    "end": 1562697230617,
    "duration": 1,
    "pid": 29775,
    "index": 37
  },
  {
    "name": "Require(31) node_modules/egg-multipart/app/extend/context.js",
    "start": 1562697230617,
    "end": 1562697230648,
    "duration": 31,
    "pid": 29775,
    "index": 38
  },
  {
    "name": "Require(32) node_modules/egg-view/app/extend/context.js",
    "start": 1562697230648,
    "end": 1562697230650,
    "duration": 2,
    "pid": 29775,
    "index": 39
  },
  {
    "name": "Require(33) node_modules/egg-mongoose/app/extend/context.js",
    "start": 1562697230650,
    "end": 1562697230650,
    "duration": 0,
    "pid": 29775,
    "index": 40
  },
  {
    "name": "Require(34) node_modules/egg-validate/app/extend/context.js",
    "start": 1562697230651,
    "end": 1562697230651,
    "duration": 0,
    "pid": 29775,
    "index": 41
  },
  {
    "name": "Require(35) node_modules/egg/app/extend/context.js",
    "start": 1562697230651,
    "end": 1562697230652,
    "duration": 1,
    "pid": 29775,
    "index": 42
  },
  {
    "name": "Load extend/helper.js",
    "start": 1562697230652,
    "end": 1562697230669,
    "duration": 17,
    "pid": 29775,
    "index": 43
  },
  {
    "name": "Require(36) node_modules/egg-security/app/extend/helper.js",
    "start": 1562697230653,
    "end": 1562697230667,
    "duration": 14,
    "pid": 29775,
    "index": 44
  },
  {
    "name": "Require(37) node_modules/egg/app/extend/helper.js",
    "start": 1562697230667,
    "end": 1562697230668,
    "duration": 1,
    "pid": 29775,
    "index": 45
  },
  {
    "name": "Load app.js",
    "start": 1562697230669,
    "end": 1562697230703,
    "duration": 34,
    "pid": 29775,
    "index": 46
  },
  {
    "name": "Require(38) node_modules/egg-session/app.js",
    "start": 1562697230669,
    "end": 1562697230670,
    "duration": 1,
    "pid": 29775,
    "index": 47
  },
  {
    "name": "Require(39) node_modules/egg-security/app.js",
    "start": 1562697230670,
    "end": 1562697230671,
    "duration": 1,
    "pid": 29775,
    "index": 48
  },
  {
    "name": "Require(40) node_modules/egg-onerror/app.js",
    "start": 1562697230671,
    "end": 1562697230679,
    "duration": 8,
    "pid": 29775,
    "index": 49
  },
  {
    "name": "Require(41) node_modules/egg-i18n/app.js",
    "start": 1562697230679,
    "end": 1562697230692,
    "duration": 13,
    "pid": 29775,
    "index": 50
  },
  {
    "name": "Require(42) node_modules/egg-watcher/app.js",
    "start": 1562697230692,
    "end": 1562697230695,
    "duration": 3,
    "pid": 29775,
    "index": 51
  },
  {
    "name": "Require(43) node_modules/egg-schedule/app.js",
    "start": 1562697230695,
    "end": 1562697230696,
    "duration": 1,
    "pid": 29775,
    "index": 52
  },
  {
    "name": "Require(44) node_modules/egg-multipart/app.js",
    "start": 1562697230696,
    "end": 1562697230698,
    "duration": 2,
    "pid": 29775,
    "index": 53
  },
  {
    "name": "Require(45) node_modules/egg-development/app.js",
    "start": 1562697230698,
    "end": 1562697230699,
    "duration": 1,
    "pid": 29775,
    "index": 54
  },
  {
    "name": "Require(46) node_modules/egg-logrotator/app.js",
    "start": 1562697230699,
    "end": 1562697230699,
    "duration": 0,
    "pid": 29775,
    "index": 55
  },
  {
    "name": "Require(47) node_modules/egg-static/app.js",
    "start": 1562697230699,
    "end": 1562697230700,
    "duration": 1,
    "pid": 29775,
    "index": 56
  },
  {
    "name": "Require(48) node_modules/egg-mongoose/app.js",
    "start": 1562697230700,
    "end": 1562697230700,
    "duration": 0,
    "pid": 29775,
    "index": 57
  },
  {
    "name": "Require(49) node_modules/egg-validate/app.js",
    "start": 1562697230701,
    "end": 1562697230702,
    "duration": 1,
    "pid": 29775,
    "index": 58
  },
  {
    "name": "Before Start in node_modules/egg-watcher/lib/init.js:15:14",
    "start": 1562697230710,
    "end": 1562697231093,
    "duration": 383,
    "pid": 29775,
    "index": 59
  },
  {
    "name": "Before Start in node_modules/egg-mongoose/lib/mongoose.js:91:7",
    "start": 1562697230976,
    "end": 1562697231089,
    "duration": 113,
    "pid": 29775,
    "index": 60
  },
  {
    "name": "Before Start in node_modules/egg-mongoose/lib/mongoose.js:49:9",
    "start": 1562697230976,
    "end": 1562697231072,
    "duration": 96,
    "pid": 29775,
    "index": 61
  },
  {
    "name": "Load Service",
    "start": 1562697230977,
    "end": 1562697230979,
    "duration": 2,
    "pid": 29775,
    "index": 62
  },
  {
    "name": "Load \"service\" to Context",
    "start": 1562697230977,
    "end": 1562697230979,
    "duration": 2,
    "pid": 29775,
    "index": 63
  },
  {
    "name": "Load Middleware",
    "start": 1562697230979,
    "end": 1562697231050,
    "duration": 71,
    "pid": 29775,
    "index": 64
  },
  {
    "name": "Load \"middlewares\" to Application",
    "start": 1562697230979,
    "end": 1562697231042,
    "duration": 63,
    "pid": 29775,
    "index": 65
  },
  {
    "name": "Load Controller",
    "start": 1562697231050,
    "end": 1562697231054,
    "duration": 4,
    "pid": 29775,
    "index": 66
  },
  {
    "name": "Load \"controller\" to Application",
    "start": 1562697231050,
    "end": 1562697231054,
    "duration": 4,
    "pid": 29775,
    "index": 67
  },
  {
    "name": "Load Router",
    "start": 1562697231054,
    "end": 1562697231059,
    "duration": 5,
    "pid": 29775,
    "index": 68
  },
  {
    "name": "Require(50) app/router.js",
    "start": 1562697231055,
    "end": 1562697231055,
    "duration": 0,
    "pid": 29775,
    "index": 69
  },
  {
    "name": "Before Start in node_modules/egg-core/lib/egg.js:303:10",
    "start": 1562697231055,
    "end": 1562697231072,
    "duration": 17,
    "pid": 29775,
    "index": 70
  },
  {
    "name": "Load \"model\" to Application",
    "start": 1562697231065,
    "end": 1562697231072,
    "duration": 7,
    "pid": 29775,
    "index": 71
  }
]