[
  {
    "name": "Application Start",
    "start": 1562698946255,
    "end": 1562698946591,
    "duration": 336,
    "pid": 30334,
    "index": 0
  },
  {
    "name": "Load Plugin",
    "start": 1562698946258,
    "end": 1562698946264,
    "duration": 6,
    "pid": 30334,
    "index": 1
  },
  {
    "name": "Load Config",
    "start": 1562698946264,
    "end": 1562698946278,
    "duration": 14,
    "pid": 30334,
    "index": 2
  },
  {
    "name": "Require(0) config/config.default.js",
    "start": 1562698946264,
    "end": 1562698946264,
    "duration": 0,
    "pid": 30334,
    "index": 3
  },
  {
    "name": "Require(1) node_modules/egg-session/config/config.default.js",
    "start": 1562698946265,
    "end": 1562698946265,
    "duration": 0,
    "pid": 30334,
    "index": 4
  },
  {
    "name": "Require(2) node_modules/egg-security/config/config.default.js",
    "start": 1562698946266,
    "end": 1562698946266,
    "duration": 0,
    "pid": 30334,
    "index": 5
  },
  {
    "name": "Require(3) node_modules/egg-jsonp/config/config.default.js",
    "start": 1562698946266,
    "end": 1562698946266,
    "duration": 0,
    "pid": 30334,
    "index": 6
  },
  {
    "name": "Require(4) node_modules/egg-onerror/config/config.default.js",
    "start": 1562698946266,
    "end": 1562698946267,
    "duration": 1,
    "pid": 30334,
    "index": 7
  },
  {
    "name": "Require(5) node_modules/egg-i18n/config/config.default.js",
    "start": 1562698946267,
    "end": 1562698946267,
    "duration": 0,
    "pid": 30334,
    "index": 8
  },
  {
    "name": "Require(6) node_modules/egg-watcher/config/config.default.js",
    "start": 1562698946267,
    "end": 1562698946267,
    "duration": 0,
    "pid": 30334,
    "index": 9
  },
  {
    "name": "Require(7) node_modules/egg-schedule/config/config.default.js",
    "start": 1562698946267,
    "end": 1562698946268,
    "duration": 1,
    "pid": 30334,
    "index": 10
  },
  {
    "name": "Require(8) node_modules/egg-multipart/config/config.default.js",
    "start": 1562698946268,
    "end": 1562698946268,
    "duration": 0,
    "pid": 30334,
    "index": 11
  },
  {
    "name": "Require(9) node_modules/egg-development/config/config.default.js",
    "start": 1562698946268,
    "end": 1562698946269,
    "duration": 1,
    "pid": 30334,
    "index": 12
  },
  {
    "name": "Require(10) node_modules/egg-logrotator/config/config.default.js",
    "start": 1562698946269,
    "end": 1562698946269,
    "duration": 0,
    "pid": 30334,
    "index": 13
  },
  {
    "name": "Require(11) node_modules/egg-static/config/config.default.js",
    "start": 1562698946269,
    "end": 1562698946269,
    "duration": 0,
    "pid": 30334,
    "index": 14
  },
  {
    "name": "Require(12) node_modules/egg-view/config/config.default.js",
    "start": 1562698946270,
    "end": 1562698946270,
    "duration": 0,
    "pid": 30334,
    "index": 15
  },
  {
    "name": "Require(13) node_modules/egg-mongoose/config/config.default.js",
    "start": 1562698946270,
    "end": 1562698946270,
    "duration": 0,
    "pid": 30334,
    "index": 16
  },
  {
    "name": "Require(14) node_modules/egg-validate/config/config.default.js",
    "start": 1562698946270,
    "end": 1562698946270,
    "duration": 0,
    "pid": 30334,
    "index": 17
  },
  {
    "name": "Require(15) node_modules/egg/config/config.default.js",
    "start": 1562698946271,
    "end": 1562698946271,
    "duration": 0,
    "pid": 30334,
    "index": 18
  },
  {
    "name": "Require(16) config/config.default.js",
    "start": 1562698946275,
    "end": 1562698946275,
    "duration": 0,
    "pid": 30334,
    "index": 19
  },
  {
    "name": "Require(17) node_modules/egg-security/config/config.local.js",
    "start": 1562698946275,
    "end": 1562698946275,
    "duration": 0,
    "pid": 30334,
    "index": 20
  },
  {
    "name": "Require(18) node_modules/egg-watcher/config/config.local.js",
    "start": 1562698946276,
    "end": 1562698946276,
    "duration": 0,
    "pid": 30334,
    "index": 21
  },
  {
    "name": "Require(19) node_modules/egg-view/config/config.local.js",
    "start": 1562698946277,
    "end": 1562698946277,
    "duration": 0,
    "pid": 30334,
    "index": 22
  },
  {
    "name": "Require(20) node_modules/egg/config/config.local.js",
    "start": 1562698946277,
    "end": 1562698946278,
    "duration": 1,
    "pid": 30334,
    "index": 23
  },
  {
    "name": "Load extend/application.js",
    "start": 1562698946279,
    "end": 1562698946285,
    "duration": 6,
    "pid": 30334,
    "index": 24
  },
  {
    "name": "Require(21) node_modules/egg-session/app/extend/application.js",
    "start": 1562698946280,
    "end": 1562698946280,
    "duration": 0,
    "pid": 30334,
    "index": 25
  },
  {
    "name": "Require(22) node_modules/egg-security/app/extend/application.js",
    "start": 1562698946280,
    "end": 1562698946280,
    "duration": 0,
    "pid": 30334,
    "index": 26
  },
  {
    "name": "Require(23) node_modules/egg-jsonp/app/extend/application.js",
    "start": 1562698946281,
    "end": 1562698946281,
    "duration": 0,
    "pid": 30334,
    "index": 27
  },
  {
    "name": "Require(24) node_modules/egg-logrotator/app/extend/application.js",
    "start": 1562698946282,
    "end": 1562698946283,
    "duration": 1,
    "pid": 30334,
    "index": 28
  },
  {
    "name": "Require(25) node_modules/egg-view/app/extend/application.js",
    "start": 1562698946283,
    "end": 1562698946284,
    "duration": 1,
    "pid": 30334,
    "index": 29
  },
  {
    "name": "Load extend/request.js",
    "start": 1562698946285,
    "end": 1562698946292,
    "duration": 7,
    "pid": 30334,
    "index": 30
  },
  {
    "name": "Require(26) node_modules/egg/app/extend/request.js",
    "start": 1562698946286,
    "end": 1562698946286,
    "duration": 0,
    "pid": 30334,
    "index": 31
  },
  {
    "name": "Load extend/response.js",
    "start": 1562698946292,
    "end": 1562698946294,
    "duration": 2,
    "pid": 30334,
    "index": 32
  },
  {
    "name": "Require(27) node_modules/egg/app/extend/response.js",
    "start": 1562698946293,
    "end": 1562698946293,
    "duration": 0,
    "pid": 30334,
    "index": 33
  },
  {
    "name": "Load extend/context.js",
    "start": 1562698946294,
    "end": 1562698946320,
    "duration": 26,
    "pid": 30334,
    "index": 34
  },
  {
    "name": "Require(28) node_modules/egg-security/app/extend/context.js",
    "start": 1562698946294,
    "end": 1562698946298,
    "duration": 4,
    "pid": 30334,
    "index": 35
  },
  {
    "name": "Require(29) node_modules/egg-jsonp/app/extend/context.js",
    "start": 1562698946298,
    "end": 1562698946299,
    "duration": 1,
    "pid": 30334,
    "index": 36
  },
  {
    "name": "Require(30) node_modules/egg-i18n/app/extend/context.js",
    "start": 1562698946299,
    "end": 1562698946299,
    "duration": 0,
    "pid": 30334,
    "index": 37
  },
  {
    "name": "Require(31) node_modules/egg-multipart/app/extend/context.js",
    "start": 1562698946299,
    "end": 1562698946318,
    "duration": 19,
    "pid": 30334,
    "index": 38
  },
  {
    "name": "Require(32) node_modules/egg-view/app/extend/context.js",
    "start": 1562698946318,
    "end": 1562698946319,
    "duration": 1,
    "pid": 30334,
    "index": 39
  },
  {
    "name": "Require(33) node_modules/egg-mongoose/app/extend/context.js",
    "start": 1562698946319,
    "end": 1562698946319,
    "duration": 0,
    "pid": 30334,
    "index": 40
  },
  {
    "name": "Require(34) node_modules/egg-validate/app/extend/context.js",
    "start": 1562698946319,
    "end": 1562698946319,
    "duration": 0,
    "pid": 30334,
    "index": 41
  },
  {
    "name": "Require(35) node_modules/egg/app/extend/context.js",
    "start": 1562698946319,
    "end": 1562698946320,
    "duration": 1,
    "pid": 30334,
    "index": 42
  },
  {
    "name": "Load extend/helper.js",
    "start": 1562698946320,
    "end": 1562698946328,
    "duration": 8,
    "pid": 30334,
    "index": 43
  },
  {
    "name": "Require(36) node_modules/egg-security/app/extend/helper.js",
    "start": 1562698946321,
    "end": 1562698946326,
    "duration": 5,
    "pid": 30334,
    "index": 44
  },
  {
    "name": "Require(37) node_modules/egg/app/extend/helper.js",
    "start": 1562698946327,
    "end": 1562698946327,
    "duration": 0,
    "pid": 30334,
    "index": 45
  },
  {
    "name": "Load app.js",
    "start": 1562698946328,
    "end": 1562698946343,
    "duration": 15,
    "pid": 30334,
    "index": 46
  },
  {
    "name": "Require(38) node_modules/egg-session/app.js",
    "start": 1562698946328,
    "end": 1562698946328,
    "duration": 0,
    "pid": 30334,
    "index": 47
  },
  {
    "name": "Require(39) node_modules/egg-security/app.js",
    "start": 1562698946329,
    "end": 1562698946329,
    "duration": 0,
    "pid": 30334,
    "index": 48
  },
  {
    "name": "Require(40) node_modules/egg-onerror/app.js",
    "start": 1562698946329,
    "end": 1562698946332,
    "duration": 3,
    "pid": 30334,
    "index": 49
  },
  {
    "name": "Require(41) node_modules/egg-i18n/app.js",
    "start": 1562698946332,
    "end": 1562698946338,
    "duration": 6,
    "pid": 30334,
    "index": 50
  },
  {
    "name": "Require(42) node_modules/egg-watcher/app.js",
    "start": 1562698946338,
    "end": 1562698946339,
    "duration": 1,
    "pid": 30334,
    "index": 51
  },
  {
    "name": "Require(43) node_modules/egg-schedule/app.js",
    "start": 1562698946339,
    "end": 1562698946340,
    "duration": 1,
    "pid": 30334,
    "index": 52
  },
  {
    "name": "Require(44) node_modules/egg-multipart/app.js",
    "start": 1562698946340,
    "end": 1562698946341,
    "duration": 1,
    "pid": 30334,
    "index": 53
  },
  {
    "name": "Require(45) node_modules/egg-development/app.js",
    "start": 1562698946341,
    "end": 1562698946341,
    "duration": 0,
    "pid": 30334,
    "index": 54
  },
  {
    "name": "Require(46) node_modules/egg-logrotator/app.js",
    "start": 1562698946341,
    "end": 1562698946341,
    "duration": 0,
    "pid": 30334,
    "index": 55
  },
  {
    "name": "Require(47) node_modules/egg-static/app.js",
    "start": 1562698946341,
    "end": 1562698946341,
    "duration": 0,
    "pid": 30334,
    "index": 56
  },
  {
    "name": "Require(48) node_modules/egg-mongoose/app.js",
    "start": 1562698946341,
    "end": 1562698946342,
    "duration": 1,
    "pid": 30334,
    "index": 57
  },
  {
    "name": "Require(49) node_modules/egg-validate/app.js",
    "start": 1562698946342,
    "end": 1562698946343,
    "duration": 1,
    "pid": 30334,
    "index": 58
  },
  {
    "name": "Before Start in node_modules/egg-watcher/lib/init.js:15:14",
    "start": 1562698946350,
    "end": 1562698946590,
    "duration": 240,
    "pid": 30334,
    "index": 59
  },
  {
    "name": "Before Start in node_modules/egg-mongoose/lib/mongoose.js:91:7",
    "start": 1562698946511,
    "end": 1562698946586,
    "duration": 75,
    "pid": 30334,
    "index": 60
  },
  {
    "name": "Before Start in node_modules/egg-mongoose/lib/mongoose.js:49:9",
    "start": 1562698946511,
    "end": 1562698946569,
    "duration": 58,
    "pid": 30334,
    "index": 61
  },
  {
    "name": "Load Service",
    "start": 1562698946511,
    "end": 1562698946515,
    "duration": 4,
    "pid": 30334,
    "index": 62
  },
  {
    "name": "Load \"service\" to Context",
    "start": 1562698946512,
    "end": 1562698946515,
    "duration": 3,
    "pid": 30334,
    "index": 63
  },
  {
    "name": "Load Middleware",
    "start": 1562698946515,
    "end": 1562698946548,
    "duration": 33,
    "pid": 30334,
    "index": 64
  },
  {
    "name": "Load \"middlewares\" to Application",
    "start": 1562698946515,
    "end": 1562698946543,
    "duration": 28,
    "pid": 30334,
    "index": 65
  },
  {
    "name": "Load Controller",
    "start": 1562698946548,
    "end": 1562698946549,
    "duration": 1,
    "pid": 30334,
    "index": 66
  },
  {
    "name": "Load \"controller\" to Application",
    "start": 1562698946548,
    "end": 1562698946549,
    "duration": 1,
    "pid": 30334,
    "index": 67
  },
  {
    "name": "Load Router",
    "start": 1562698946550,
    "end": 1562698946554,
    "duration": 4,
    "pid": 30334,
    "index": 68
  },
  {
    "name": "Require(50) app/router.js",
    "start": 1562698946550,
    "end": 1562698946550,
    "duration": 0,
    "pid": 30334,
    "index": 69
  },
  {
    "name": "Before Start in node_modules/egg-core/lib/egg.js:303:10",
    "start": 1562698946550,
    "end": 1562698946570,
    "duration": 20,
    "pid": 30334,
    "index": 70
  },
  {
    "name": "Load \"model\" to Application",
    "start": 1562698946563,
    "end": 1562698946569,
    "duration": 6,
    "pid": 30334,
    "index": 71
  }
]