[
  {
    "name": "Application Start",
    "start": 1562696498376,
    "end": 1562696498724,
    "duration": 348,
    "pid": 29536,
    "index": 0
  },
  {
    "name": "Load Plugin",
    "start": 1562696498379,
    "end": 1562696498385,
    "duration": 6,
    "pid": 29536,
    "index": 1
  },
  {
    "name": "Load Config",
    "start": 1562696498385,
    "end": 1562696498397,
    "duration": 12,
    "pid": 29536,
    "index": 2
  },
  {
    "name": "Require(0) config/config.default.js",
    "start": 1562696498385,
    "end": 1562696498386,
    "duration": 1,
    "pid": 29536,
    "index": 3
  },
  {
    "name": "Require(1) node_modules/egg-session/config/config.default.js",
    "start": 1562696498386,
    "end": 1562696498387,
    "duration": 1,
    "pid": 29536,
    "index": 4
  },
  {
    "name": "Require(2) node_modules/egg-security/config/config.default.js",
    "start": 1562696498387,
    "end": 1562696498387,
    "duration": 0,
    "pid": 29536,
    "index": 5
  },
  {
    "name": "Require(3) node_modules/egg-jsonp/config/config.default.js",
    "start": 1562696498388,
    "end": 1562696498388,
    "duration": 0,
    "pid": 29536,
    "index": 6
  },
  {
    "name": "Require(4) node_modules/egg-onerror/config/config.default.js",
    "start": 1562696498388,
    "end": 1562696498388,
    "duration": 0,
    "pid": 29536,
    "index": 7
  },
  {
    "name": "Require(5) node_modules/egg-i18n/config/config.default.js",
    "start": 1562696498388,
    "end": 1562696498388,
    "duration": 0,
    "pid": 29536,
    "index": 8
  },
  {
    "name": "Require(6) node_modules/egg-watcher/config/config.default.js",
    "start": 1562696498389,
    "end": 1562696498389,
    "duration": 0,
    "pid": 29536,
    "index": 9
  },
  {
    "name": "Require(7) node_modules/egg-schedule/config/config.default.js",
    "start": 1562696498389,
    "end": 1562696498389,
    "duration": 0,
    "pid": 29536,
    "index": 10
  },
  {
    "name": "Require(8) node_modules/egg-multipart/config/config.default.js",
    "start": 1562696498389,
    "end": 1562696498389,
    "duration": 0,
    "pid": 29536,
    "index": 11
  },
  {
    "name": "Require(9) node_modules/egg-development/config/config.default.js",
    "start": 1562696498390,
    "end": 1562696498390,
    "duration": 0,
    "pid": 29536,
    "index": 12
  },
  {
    "name": "Require(10) node_modules/egg-logrotator/config/config.default.js",
    "start": 1562696498390,
    "end": 1562696498390,
    "duration": 0,
    "pid": 29536,
    "index": 13
  },
  {
    "name": "Require(11) node_modules/egg-static/config/config.default.js",
    "start": 1562696498391,
    "end": 1562696498391,
    "duration": 0,
    "pid": 29536,
    "index": 14
  },
  {
    "name": "Require(12) node_modules/egg-view/config/config.default.js",
    "start": 1562696498391,
    "end": 1562696498391,
    "duration": 0,
    "pid": 29536,
    "index": 15
  },
  {
    "name": "Require(13) node_modules/egg-mongoose/config/config.default.js",
    "start": 1562696498391,
    "end": 1562696498391,
    "duration": 0,
    "pid": 29536,
    "index": 16
  },
  {
    "name": "Require(14) node_modules/egg-validate/config/config.default.js",
    "start": 1562696498391,
    "end": 1562696498392,
    "duration": 1,
    "pid": 29536,
    "index": 17
  },
  {
    "name": "Require(15) node_modules/egg/config/config.default.js",
    "start": 1562696498392,
    "end": 1562696498392,
    "duration": 0,
    "pid": 29536,
    "index": 18
  },
  {
    "name": "Require(16) config/config.default.js",
    "start": 1562696498395,
    "end": 1562696498395,
    "duration": 0,
    "pid": 29536,
    "index": 19
  },
  {
    "name": "Require(17) node_modules/egg-security/config/config.local.js",
    "start": 1562696498395,
    "end": 1562696498395,
    "duration": 0,
    "pid": 29536,
    "index": 20
  },
  {
    "name": "Require(18) node_modules/egg-watcher/config/config.local.js",
    "start": 1562696498395,
    "end": 1562696498396,
    "duration": 1,
    "pid": 29536,
    "index": 21
  },
  {
    "name": "Require(19) node_modules/egg-view/config/config.local.js",
    "start": 1562696498396,
    "end": 1562696498396,
    "duration": 0,
    "pid": 29536,
    "index": 22
  },
  {
    "name": "Require(20) node_modules/egg/config/config.local.js",
    "start": 1562696498396,
    "end": 1562696498397,
    "duration": 1,
    "pid": 29536,
    "index": 23
  },
  {
    "name": "Load extend/application.js",
    "start": 1562696498398,
    "end": 1562696498402,
    "duration": 4,
    "pid": 29536,
    "index": 24
  },
  {
    "name": "Require(21) node_modules/egg-session/app/extend/application.js",
    "start": 1562696498398,
    "end": 1562696498398,
    "duration": 0,
    "pid": 29536,
    "index": 25
  },
  {
    "name": "Require(22) node_modules/egg-security/app/extend/application.js",
    "start": 1562696498398,
    "end": 1562696498398,
    "duration": 0,
    "pid": 29536,
    "index": 26
  },
  {
    "name": "Require(23) node_modules/egg-jsonp/app/extend/application.js",
    "start": 1562696498399,
    "end": 1562696498399,
    "duration": 0,
    "pid": 29536,
    "index": 27
  },
  {
    "name": "Require(24) node_modules/egg-logrotator/app/extend/application.js",
    "start": 1562696498400,
    "end": 1562696498401,
    "duration": 1,
    "pid": 29536,
    "index": 28
  },
  {
    "name": "Require(25) node_modules/egg-view/app/extend/application.js",
    "start": 1562696498401,
    "end": 1562696498401,
    "duration": 0,
    "pid": 29536,
    "index": 29
  },
  {
    "name": "Load extend/request.js",
    "start": 1562696498402,
    "end": 1562696498408,
    "duration": 6,
    "pid": 29536,
    "index": 30
  },
  {
    "name": "Require(26) node_modules/egg/app/extend/request.js",
    "start": 1562696498403,
    "end": 1562696498403,
    "duration": 0,
    "pid": 29536,
    "index": 31
  },
  {
    "name": "Load extend/response.js",
    "start": 1562696498408,
    "end": 1562696498410,
    "duration": 2,
    "pid": 29536,
    "index": 32
  },
  {
    "name": "Require(27) node_modules/egg/app/extend/response.js",
    "start": 1562696498409,
    "end": 1562696498410,
    "duration": 1,
    "pid": 29536,
    "index": 33
  },
  {
    "name": "Load extend/context.js",
    "start": 1562696498410,
    "end": 1562696498444,
    "duration": 34,
    "pid": 29536,
    "index": 34
  },
  {
    "name": "Require(28) node_modules/egg-security/app/extend/context.js",
    "start": 1562696498410,
    "end": 1562696498413,
    "duration": 3,
    "pid": 29536,
    "index": 35
  },
  {
    "name": "Require(29) node_modules/egg-jsonp/app/extend/context.js",
    "start": 1562696498413,
    "end": 1562696498414,
    "duration": 1,
    "pid": 29536,
    "index": 36
  },
  {
    "name": "Require(30) node_modules/egg-i18n/app/extend/context.js",
    "start": 1562696498414,
    "end": 1562696498414,
    "duration": 0,
    "pid": 29536,
    "index": 37
  },
  {
    "name": "Require(31) node_modules/egg-multipart/app/extend/context.js",
    "start": 1562696498414,
    "end": 1562696498442,
    "duration": 28,
    "pid": 29536,
    "index": 38
  },
  {
    "name": "Require(32) node_modules/egg-view/app/extend/context.js",
    "start": 1562696498442,
    "end": 1562696498443,
    "duration": 1,
    "pid": 29536,
    "index": 39
  },
  {
    "name": "Require(33) node_modules/egg-mongoose/app/extend/context.js",
    "start": 1562696498443,
    "end": 1562696498443,
    "duration": 0,
    "pid": 29536,
    "index": 40
  },
  {
    "name": "Require(34) node_modules/egg-validate/app/extend/context.js",
    "start": 1562696498443,
    "end": 1562696498443,
    "duration": 0,
    "pid": 29536,
    "index": 41
  },
  {
    "name": "Require(35) node_modules/egg/app/extend/context.js",
    "start": 1562696498443,
    "end": 1562696498444,
    "duration": 1,
    "pid": 29536,
    "index": 42
  },
  {
    "name": "Load extend/helper.js",
    "start": 1562696498444,
    "end": 1562696498453,
    "duration": 9,
    "pid": 29536,
    "index": 43
  },
  {
    "name": "Require(36) node_modules/egg-security/app/extend/helper.js",
    "start": 1562696498444,
    "end": 1562696498451,
    "duration": 7,
    "pid": 29536,
    "index": 44
  },
  {
    "name": "Require(37) node_modules/egg/app/extend/helper.js",
    "start": 1562696498452,
    "end": 1562696498452,
    "duration": 0,
    "pid": 29536,
    "index": 45
  },
  {
    "name": "Load app.js",
    "start": 1562696498453,
    "end": 1562696498467,
    "duration": 14,
    "pid": 29536,
    "index": 46
  },
  {
    "name": "Require(38) node_modules/egg-session/app.js",
    "start": 1562696498453,
    "end": 1562696498453,
    "duration": 0,
    "pid": 29536,
    "index": 47
  },
  {
    "name": "Require(39) node_modules/egg-security/app.js",
    "start": 1562696498453,
    "end": 1562696498454,
    "duration": 1,
    "pid": 29536,
    "index": 48
  },
  {
    "name": "Require(40) node_modules/egg-onerror/app.js",
    "start": 1562696498454,
    "end": 1562696498457,
    "duration": 3,
    "pid": 29536,
    "index": 49
  },
  {
    "name": "Require(41) node_modules/egg-i18n/app.js",
    "start": 1562696498458,
    "end": 1562696498463,
    "duration": 5,
    "pid": 29536,
    "index": 50
  },
  {
    "name": "Require(42) node_modules/egg-watcher/app.js",
    "start": 1562696498463,
    "end": 1562696498464,
    "duration": 1,
    "pid": 29536,
    "index": 51
  },
  {
    "name": "Require(43) node_modules/egg-schedule/app.js",
    "start": 1562696498464,
    "end": 1562696498465,
    "duration": 1,
    "pid": 29536,
    "index": 52
  },
  {
    "name": "Require(44) node_modules/egg-multipart/app.js",
    "start": 1562696498465,
    "end": 1562696498466,
    "duration": 1,
    "pid": 29536,
    "index": 53
  },
  {
    "name": "Require(45) node_modules/egg-development/app.js",
    "start": 1562696498466,
    "end": 1562696498466,
    "duration": 0,
    "pid": 29536,
    "index": 54
  },
  {
    "name": "Require(46) node_modules/egg-logrotator/app.js",
    "start": 1562696498466,
    "end": 1562696498466,
    "duration": 0,
    "pid": 29536,
    "index": 55
  },
  {
    "name": "Require(47) node_modules/egg-static/app.js",
    "start": 1562696498466,
    "end": 1562696498466,
    "duration": 0,
    "pid": 29536,
    "index": 56
  },
  {
    "name": "Require(48) node_modules/egg-mongoose/app.js",
    "start": 1562696498466,
    "end": 1562696498466,
    "duration": 0,
    "pid": 29536,
    "index": 57
  },
  {
    "name": "Require(49) node_modules/egg-validate/app.js",
    "start": 1562696498466,
    "end": 1562696498467,
    "duration": 1,
    "pid": 29536,
    "index": 58
  },
  {
    "name": "Before Start in node_modules/egg-watcher/lib/init.js:15:14",
    "start": 1562696498474,
    "end": 1562696498724,
    "duration": 250,
    "pid": 29536,
    "index": 59
  },
  {
    "name": "Before Start in node_modules/egg-mongoose/lib/mongoose.js:91:7",
    "start": 1562696498640,
    "end": 1562696498720,
    "duration": 80,
    "pid": 29536,
    "index": 60
  },
  {
    "name": "Before Start in node_modules/egg-mongoose/lib/mongoose.js:49:9",
    "start": 1562696498640,
    "end": 1562696498701,
    "duration": 61,
    "pid": 29536,
    "index": 61
  },
  {
    "name": "Load Service",
    "start": 1562696498640,
    "end": 1562696498643,
    "duration": 3,
    "pid": 29536,
    "index": 62
  },
  {
    "name": "Load \"service\" to Context",
    "start": 1562696498640,
    "end": 1562696498643,
    "duration": 3,
    "pid": 29536,
    "index": 63
  },
  {
    "name": "Load Middleware",
    "start": 1562696498643,
    "end": 1562696498678,
    "duration": 35,
    "pid": 29536,
    "index": 64
  },
  {
    "name": "Load \"middlewares\" to Application",
    "start": 1562696498644,
    "end": 1562696498673,
    "duration": 29,
    "pid": 29536,
    "index": 65
  },
  {
    "name": "Load Controller",
    "start": 1562696498678,
    "end": 1562696498683,
    "duration": 5,
    "pid": 29536,
    "index": 66
  },
  {
    "name": "Load \"controller\" to Application",
    "start": 1562696498678,
    "end": 1562696498683,
    "duration": 5,
    "pid": 29536,
    "index": 67
  },
  {
    "name": "Load Router",
    "start": 1562696498683,
    "end": 1562696498687,
    "duration": 4,
    "pid": 29536,
    "index": 68
  },
  {
    "name": "Require(50) app/router.js",
    "start": 1562696498684,
    "end": 1562696498684,
    "duration": 0,
    "pid": 29536,
    "index": 69
  },
  {
    "name": "Before Start in node_modules/egg-core/lib/egg.js:303:10",
    "start": 1562696498684,
    "end": 1562696498701,
    "duration": 17,
    "pid": 29536,
    "index": 70
  },
  {
    "name": "Load \"model\" to Application",
    "start": 1562696498693,
    "end": 1562696498701,
    "duration": 8,
    "pid": 29536,
    "index": 71
  }
]