[
  {
    "name": "Application Start",
    "start": 1562699450047,
    "end": 1562699450365,
    "duration": 318,
    "pid": 30534,
    "index": 0
  },
  {
    "name": "Load Plugin",
    "start": 1562699450051,
    "end": 1562699450056,
    "duration": 5,
    "pid": 30534,
    "index": 1
  },
  {
    "name": "Load Config",
    "start": 1562699450056,
    "end": 1562699450068,
    "duration": 12,
    "pid": 30534,
    "index": 2
  },
  {
    "name": "Require(0) config/config.default.js",
    "start": 1562699450057,
    "end": 1562699450057,
    "duration": 0,
    "pid": 30534,
    "index": 3
  },
  {
    "name": "Require(1) node_modules/egg-session/config/config.default.js",
    "start": 1562699450058,
    "end": 1562699450058,
    "duration": 0,
    "pid": 30534,
    "index": 4
  },
  {
    "name": "Require(2) node_modules/egg-security/config/config.default.js",
    "start": 1562699450059,
    "end": 1562699450059,
    "duration": 0,
    "pid": 30534,
    "index": 5
  },
  {
    "name": "Require(3) node_modules/egg-jsonp/config/config.default.js",
    "start": 1562699450059,
    "end": 1562699450059,
    "duration": 0,
    "pid": 30534,
    "index": 6
  },
  {
    "name": "Require(4) node_modules/egg-onerror/config/config.default.js",
    "start": 1562699450060,
    "end": 1562699450060,
    "duration": 0,
    "pid": 30534,
    "index": 7
  },
  {
    "name": "Require(5) node_modules/egg-i18n/config/config.default.js",
    "start": 1562699450060,
    "end": 1562699450060,
    "duration": 0,
    "pid": 30534,
    "index": 8
  },
  {
    "name": "Require(6) node_modules/egg-watcher/config/config.default.js",
    "start": 1562699450060,
    "end": 1562699450060,
    "duration": 0,
    "pid": 30534,
    "index": 9
  },
  {
    "name": "Require(7) node_modules/egg-schedule/config/config.default.js",
    "start": 1562699450061,
    "end": 1562699450061,
    "duration": 0,
    "pid": 30534,
    "index": 10
  },
  {
    "name": "Require(8) node_modules/egg-multipart/config/config.default.js",
    "start": 1562699450061,
    "end": 1562699450061,
    "duration": 0,
    "pid": 30534,
    "index": 11
  },
  {
    "name": "Require(9) node_modules/egg-development/config/config.default.js",
    "start": 1562699450061,
    "end": 1562699450062,
    "duration": 1,
    "pid": 30534,
    "index": 12
  },
  {
    "name": "Require(10) node_modules/egg-logrotator/config/config.default.js",
    "start": 1562699450062,
    "end": 1562699450062,
    "duration": 0,
    "pid": 30534,
    "index": 13
  },
  {
    "name": "Require(11) node_modules/egg-static/config/config.default.js",
    "start": 1562699450062,
    "end": 1562699450062,
    "duration": 0,
    "pid": 30534,
    "index": 14
  },
  {
    "name": "Require(12) node_modules/egg-view/config/config.default.js",
    "start": 1562699450062,
    "end": 1562699450062,
    "duration": 0,
    "pid": 30534,
    "index": 15
  },
  {
    "name": "Require(13) node_modules/egg-mongoose/config/config.default.js",
    "start": 1562699450063,
    "end": 1562699450063,
    "duration": 0,
    "pid": 30534,
    "index": 16
  },
  {
    "name": "Require(14) node_modules/egg-validate/config/config.default.js",
    "start": 1562699450063,
    "end": 1562699450063,
    "duration": 0,
    "pid": 30534,
    "index": 17
  },
  {
    "name": "Require(15) node_modules/egg/config/config.default.js",
    "start": 1562699450063,
    "end": 1562699450063,
    "duration": 0,
    "pid": 30534,
    "index": 18
  },
  {
    "name": "Require(16) config/config.default.js",
    "start": 1562699450066,
    "end": 1562699450066,
    "duration": 0,
    "pid": 30534,
    "index": 19
  },
  {
    "name": "Require(17) node_modules/egg-security/config/config.local.js",
    "start": 1562699450067,
    "end": 1562699450067,
    "duration": 0,
    "pid": 30534,
    "index": 20
  },
  {
    "name": "Require(18) node_modules/egg-watcher/config/config.local.js",
    "start": 1562699450067,
    "end": 1562699450067,
    "duration": 0,
    "pid": 30534,
    "index": 21
  },
  {
    "name": "Require(19) node_modules/egg-view/config/config.local.js",
    "start": 1562699450068,
    "end": 1562699450068,
    "duration": 0,
    "pid": 30534,
    "index": 22
  },
  {
    "name": "Require(20) node_modules/egg/config/config.local.js",
    "start": 1562699450068,
    "end": 1562699450068,
    "duration": 0,
    "pid": 30534,
    "index": 23
  },
  {
    "name": "Load extend/application.js",
    "start": 1562699450069,
    "end": 1562699450074,
    "duration": 5,
    "pid": 30534,
    "index": 24
  },
  {
    "name": "Require(21) node_modules/egg-session/app/extend/application.js",
    "start": 1562699450070,
    "end": 1562699450070,
    "duration": 0,
    "pid": 30534,
    "index": 25
  },
  {
    "name": "Require(22) node_modules/egg-security/app/extend/application.js",
    "start": 1562699450070,
    "end": 1562699450070,
    "duration": 0,
    "pid": 30534,
    "index": 26
  },
  {
    "name": "Require(23) node_modules/egg-jsonp/app/extend/application.js",
    "start": 1562699450071,
    "end": 1562699450071,
    "duration": 0,
    "pid": 30534,
    "index": 27
  },
  {
    "name": "Require(24) node_modules/egg-logrotator/app/extend/application.js",
    "start": 1562699450072,
    "end": 1562699450072,
    "duration": 0,
    "pid": 30534,
    "index": 28
  },
  {
    "name": "Require(25) node_modules/egg-view/app/extend/application.js",
    "start": 1562699450072,
    "end": 1562699450073,
    "duration": 1,
    "pid": 30534,
    "index": 29
  },
  {
    "name": "Load extend/request.js",
    "start": 1562699450074,
    "end": 1562699450076,
    "duration": 2,
    "pid": 30534,
    "index": 30
  },
  {
    "name": "Require(26) node_modules/egg/app/extend/request.js",
    "start": 1562699450075,
    "end": 1562699450075,
    "duration": 0,
    "pid": 30534,
    "index": 31
  },
  {
    "name": "Load extend/response.js",
    "start": 1562699450076,
    "end": 1562699450083,
    "duration": 7,
    "pid": 30534,
    "index": 32
  },
  {
    "name": "Require(27) node_modules/egg/app/extend/response.js",
    "start": 1562699450082,
    "end": 1562699450082,
    "duration": 0,
    "pid": 30534,
    "index": 33
  },
  {
    "name": "Load extend/context.js",
    "start": 1562699450083,
    "end": 1562699450107,
    "duration": 24,
    "pid": 30534,
    "index": 34
  },
  {
    "name": "Require(28) node_modules/egg-security/app/extend/context.js",
    "start": 1562699450083,
    "end": 1562699450086,
    "duration": 3,
    "pid": 30534,
    "index": 35
  },
  {
    "name": "Require(29) node_modules/egg-jsonp/app/extend/context.js",
    "start": 1562699450086,
    "end": 1562699450086,
    "duration": 0,
    "pid": 30534,
    "index": 36
  },
  {
    "name": "Require(30) node_modules/egg-i18n/app/extend/context.js",
    "start": 1562699450086,
    "end": 1562699450086,
    "duration": 0,
    "pid": 30534,
    "index": 37
  },
  {
    "name": "Require(31) node_modules/egg-multipart/app/extend/context.js",
    "start": 1562699450087,
    "end": 1562699450104,
    "duration": 17,
    "pid": 30534,
    "index": 38
  },
  {
    "name": "Require(32) node_modules/egg-view/app/extend/context.js",
    "start": 1562699450105,
    "end": 1562699450105,
    "duration": 0,
    "pid": 30534,
    "index": 39
  },
  {
    "name": "Require(33) node_modules/egg-mongoose/app/extend/context.js",
    "start": 1562699450105,
    "end": 1562699450105,
    "duration": 0,
    "pid": 30534,
    "index": 40
  },
  {
    "name": "Require(34) node_modules/egg-validate/app/extend/context.js",
    "start": 1562699450105,
    "end": 1562699450106,
    "duration": 1,
    "pid": 30534,
    "index": 41
  },
  {
    "name": "Require(35) node_modules/egg/app/extend/context.js",
    "start": 1562699450106,
    "end": 1562699450106,
    "duration": 0,
    "pid": 30534,
    "index": 42
  },
  {
    "name": "Load extend/helper.js",
    "start": 1562699450107,
    "end": 1562699450114,
    "duration": 7,
    "pid": 30534,
    "index": 43
  },
  {
    "name": "Require(36) node_modules/egg-security/app/extend/helper.js",
    "start": 1562699450107,
    "end": 1562699450113,
    "duration": 6,
    "pid": 30534,
    "index": 44
  },
  {
    "name": "Require(37) node_modules/egg/app/extend/helper.js",
    "start": 1562699450114,
    "end": 1562699450114,
    "duration": 0,
    "pid": 30534,
    "index": 45
  },
  {
    "name": "Load app.js",
    "start": 1562699450115,
    "end": 1562699450129,
    "duration": 14,
    "pid": 30534,
    "index": 46
  },
  {
    "name": "Require(38) node_modules/egg-session/app.js",
    "start": 1562699450115,
    "end": 1562699450115,
    "duration": 0,
    "pid": 30534,
    "index": 47
  },
  {
    "name": "Require(39) node_modules/egg-security/app.js",
    "start": 1562699450115,
    "end": 1562699450115,
    "duration": 0,
    "pid": 30534,
    "index": 48
  },
  {
    "name": "Require(40) node_modules/egg-onerror/app.js",
    "start": 1562699450116,
    "end": 1562699450118,
    "duration": 2,
    "pid": 30534,
    "index": 49
  },
  {
    "name": "Require(41) node_modules/egg-i18n/app.js",
    "start": 1562699450118,
    "end": 1562699450124,
    "duration": 6,
    "pid": 30534,
    "index": 50
  },
  {
    "name": "Require(42) node_modules/egg-watcher/app.js",
    "start": 1562699450124,
    "end": 1562699450125,
    "duration": 1,
    "pid": 30534,
    "index": 51
  },
  {
    "name": "Require(43) node_modules/egg-schedule/app.js",
    "start": 1562699450125,
    "end": 1562699450126,
    "duration": 1,
    "pid": 30534,
    "index": 52
  },
  {
    "name": "Require(44) node_modules/egg-multipart/app.js",
    "start": 1562699450126,
    "end": 1562699450127,
    "duration": 1,
    "pid": 30534,
    "index": 53
  },
  {
    "name": "Require(45) node_modules/egg-development/app.js",
    "start": 1562699450127,
    "end": 1562699450127,
    "duration": 0,
    "pid": 30534,
    "index": 54
  },
  {
    "name": "Require(46) node_modules/egg-logrotator/app.js",
    "start": 1562699450127,
    "end": 1562699450127,
    "duration": 0,
    "pid": 30534,
    "index": 55
  },
  {
    "name": "Require(47) node_modules/egg-static/app.js",
    "start": 1562699450127,
    "end": 1562699450127,
    "duration": 0,
    "pid": 30534,
    "index": 56
  },
  {
    "name": "Require(48) node_modules/egg-mongoose/app.js",
    "start": 1562699450127,
    "end": 1562699450127,
    "duration": 0,
    "pid": 30534,
    "index": 57
  },
  {
    "name": "Require(49) node_modules/egg-validate/app.js",
    "start": 1562699450127,
    "end": 1562699450128,
    "duration": 1,
    "pid": 30534,
    "index": 58
  },
  {
    "name": "Before Start in node_modules/egg-watcher/lib/init.js:15:14",
    "start": 1562699450135,
    "end": 1562699450365,
    "duration": 230,
    "pid": 30534,
    "index": 59
  },
  {
    "name": "Before Start in node_modules/egg-mongoose/lib/mongoose.js:91:7",
    "start": 1562699450290,
    "end": 1562699450361,
    "duration": 71,
    "pid": 30534,
    "index": 60
  },
  {
    "name": "Before Start in node_modules/egg-mongoose/lib/mongoose.js:49:9",
    "start": 1562699450290,
    "end": 1562699450345,
    "duration": 55,
    "pid": 30534,
    "index": 61
  },
  {
    "name": "Load Service",
    "start": 1562699450291,
    "end": 1562699450294,
    "duration": 3,
    "pid": 30534,
    "index": 62
  },
  {
    "name": "Load \"service\" to Context",
    "start": 1562699450291,
    "end": 1562699450294,
    "duration": 3,
    "pid": 30534,
    "index": 63
  },
  {
    "name": "Load Middleware",
    "start": 1562699450294,
    "end": 1562699450324,
    "duration": 30,
    "pid": 30534,
    "index": 64
  },
  {
    "name": "Load \"middlewares\" to Application",
    "start": 1562699450294,
    "end": 1562699450319,
    "duration": 25,
    "pid": 30534,
    "index": 65
  },
  {
    "name": "Load Controller",
    "start": 1562699450325,
    "end": 1562699450326,
    "duration": 1,
    "pid": 30534,
    "index": 66
  },
  {
    "name": "Load \"controller\" to Application",
    "start": 1562699450325,
    "end": 1562699450326,
    "duration": 1,
    "pid": 30534,
    "index": 67
  },
  {
    "name": "Load Router",
    "start": 1562699450326,
    "end": 1562699450332,
    "duration": 6,
    "pid": 30534,
    "index": 68
  },
  {
    "name": "Require(50) app/router.js",
    "start": 1562699450328,
    "end": 1562699450329,
    "duration": 1,
    "pid": 30534,
    "index": 69
  },
  {
    "name": "Before Start in node_modules/egg-core/lib/egg.js:303:10",
    "start": 1562699450329,
    "end": 1562699450345,
    "duration": 16,
    "pid": 30534,
    "index": 70
  },
  {
    "name": "Load \"model\" to Application",
    "start": 1562699450338,
    "end": 1562699450344,
    "duration": 6,
    "pid": 30534,
    "index": 71
  }
]