[
  {
    "name": "Application Start",
    "start": 1562479315302,
    "end": 1562479315485,
    "duration": 183,
    "pid": 99189,
    "index": 0
  },
  {
    "name": "Load Plugin",
    "start": 1562479315305,
    "end": 1562479315319,
    "duration": 14,
    "pid": 99189,
    "index": 1
  },
  {
    "name": "Load Config",
    "start": 1562479315319,
    "end": 1562479315329,
    "duration": 10,
    "pid": 99189,
    "index": 2
  },
  {
    "name": "Require(0) config/config.default.js",
    "start": 1562479315320,
    "end": 1562479315320,
    "duration": 0,
    "pid": 99189,
    "index": 3
  },
  {
    "name": "Require(1) config/config.local.js",
    "start": 1562479315321,
    "end": 1562479315321,
    "duration": 0,
    "pid": 99189,
    "index": 4
  },
  {
    "name": "Require(2) node_modules/egg-session/config/config.default.js",
    "start": 1562479315321,
    "end": 1562479315321,
    "duration": 0,
    "pid": 99189,
    "index": 5
  },
  {
    "name": "Require(3) node_modules/egg-security/config/config.default.js",
    "start": 1562479315322,
    "end": 1562479315322,
    "duration": 0,
    "pid": 99189,
    "index": 6
  },
  {
    "name": "Require(4) node_modules/egg-jsonp/config/config.default.js",
    "start": 1562479315322,
    "end": 1562479315322,
    "duration": 0,
    "pid": 99189,
    "index": 7
  },
  {
    "name": "Require(5) node_modules/egg-onerror/config/config.default.js",
    "start": 1562479315323,
    "end": 1562479315323,
    "duration": 0,
    "pid": 99189,
    "index": 8
  },
  {
    "name": "Require(6) node_modules/egg-i18n/config/config.default.js",
    "start": 1562479315323,
    "end": 1562479315323,
    "duration": 0,
    "pid": 99189,
    "index": 9
  },
  {
    "name": "Require(7) node_modules/egg-watcher/config/config.default.js",
    "start": 1562479315323,
    "end": 1562479315323,
    "duration": 0,
    "pid": 99189,
    "index": 10
  },
  {
    "name": "Require(8) node_modules/egg-schedule/config/config.default.js",
    "start": 1562479315323,
    "end": 1562479315324,
    "duration": 1,
    "pid": 99189,
    "index": 11
  },
  {
    "name": "Require(9) node_modules/egg-multipart/config/config.default.js",
    "start": 1562479315324,
    "end": 1562479315324,
    "duration": 0,
    "pid": 99189,
    "index": 12
  },
  {
    "name": "Require(10) node_modules/egg-development/config/config.default.js",
    "start": 1562479315324,
    "end": 1562479315324,
    "duration": 0,
    "pid": 99189,
    "index": 13
  },
  {
    "name": "Require(11) node_modules/egg-logrotator/config/config.default.js",
    "start": 1562479315324,
    "end": 1562479315325,
    "duration": 1,
    "pid": 99189,
    "index": 14
  },
  {
    "name": "Require(12) node_modules/egg-static/config/config.default.js",
    "start": 1562479315325,
    "end": 1562479315325,
    "duration": 0,
    "pid": 99189,
    "index": 15
  },
  {
    "name": "Require(13) node_modules/egg-view/config/config.default.js",
    "start": 1562479315325,
    "end": 1562479315325,
    "duration": 0,
    "pid": 99189,
    "index": 16
  },
  {
    "name": "Require(14) node_modules/egg-view-nunjucks/config/config.default.js",
    "start": 1562479315325,
    "end": 1562479315325,
    "duration": 0,
    "pid": 99189,
    "index": 17
  },
  {
    "name": "Require(15) app/lib/plugin/egg-b/config/config.default.js",
    "start": 1562479315326,
    "end": 1562479315326,
    "duration": 0,
    "pid": 99189,
    "index": 18
  },
  {
    "name": "Require(16) app/lib/plugin/egg-a/config/config.default.js",
    "start": 1562479315326,
    "end": 1562479315326,
    "duration": 0,
    "pid": 99189,
    "index": 19
  },
  {
    "name": "Require(17) node_modules/egg/config/config.default.js",
    "start": 1562479315326,
    "end": 1562479315326,
    "duration": 0,
    "pid": 99189,
    "index": 20
  },
  {
    "name": "Require(18) config/config.default.js",
    "start": 1562479315327,
    "end": 1562479315327,
    "duration": 0,
    "pid": 99189,
    "index": 21
  },
  {
    "name": "Require(19) node_modules/egg-security/config/config.local.js",
    "start": 1562479315327,
    "end": 1562479315328,
    "duration": 1,
    "pid": 99189,
    "index": 22
  },
  {
    "name": "Require(20) node_modules/egg-watcher/config/config.local.js",
    "start": 1562479315328,
    "end": 1562479315328,
    "duration": 0,
    "pid": 99189,
    "index": 23
  },
  {
    "name": "Require(21) node_modules/egg-view/config/config.local.js",
    "start": 1562479315328,
    "end": 1562479315328,
    "duration": 0,
    "pid": 99189,
    "index": 24
  },
  {
    "name": "Require(22) node_modules/egg-view-nunjucks/config/config.local.js",
    "start": 1562479315328,
    "end": 1562479315329,
    "duration": 1,
    "pid": 99189,
    "index": 25
  },
  {
    "name": "Require(23) node_modules/egg/config/config.local.js",
    "start": 1562479315329,
    "end": 1562479315329,
    "duration": 0,
    "pid": 99189,
    "index": 26
  },
  {
    "name": "Require(24) config/config.local.js",
    "start": 1562479315329,
    "end": 1562479315329,
    "duration": 0,
    "pid": 99189,
    "index": 27
  },
  {
    "name": "Load extend/application.js",
    "start": 1562479315330,
    "end": 1562479315346,
    "duration": 16,
    "pid": 99189,
    "index": 28
  },
  {
    "name": "Require(25) node_modules/egg-session/app/extend/application.js",
    "start": 1562479315330,
    "end": 1562479315330,
    "duration": 0,
    "pid": 99189,
    "index": 29
  },
  {
    "name": "Require(26) node_modules/egg-security/app/extend/application.js",
    "start": 1562479315330,
    "end": 1562479315331,
    "duration": 1,
    "pid": 99189,
    "index": 30
  },
  {
    "name": "Require(27) node_modules/egg-jsonp/app/extend/application.js",
    "start": 1562479315331,
    "end": 1562479315331,
    "duration": 0,
    "pid": 99189,
    "index": 31
  },
  {
    "name": "Require(28) node_modules/egg-logrotator/app/extend/application.js",
    "start": 1562479315332,
    "end": 1562479315332,
    "duration": 0,
    "pid": 99189,
    "index": 32
  },
  {
    "name": "Require(29) node_modules/egg-view/app/extend/application.js",
    "start": 1562479315332,
    "end": 1562479315333,
    "duration": 1,
    "pid": 99189,
    "index": 33
  },
  {
    "name": "Require(30) node_modules/egg-view-nunjucks/app/extend/application.js",
    "start": 1562479315333,
    "end": 1562479315345,
    "duration": 12,
    "pid": 99189,
    "index": 34
  },
  {
    "name": "Load extend/request.js",
    "start": 1562479315346,
    "end": 1562479315348,
    "duration": 2,
    "pid": 99189,
    "index": 35
  },
  {
    "name": "Require(31) node_modules/egg/app/extend/request.js",
    "start": 1562479315347,
    "end": 1562479315347,
    "duration": 0,
    "pid": 99189,
    "index": 36
  },
  {
    "name": "Load extend/response.js",
    "start": 1562479315348,
    "end": 1562479315349,
    "duration": 1,
    "pid": 99189,
    "index": 37
  },
  {
    "name": "Require(32) node_modules/egg/app/extend/response.js",
    "start": 1562479315348,
    "end": 1562479315349,
    "duration": 1,
    "pid": 99189,
    "index": 38
  },
  {
    "name": "Load extend/context.js",
    "start": 1562479315349,
    "end": 1562479315377,
    "duration": 28,
    "pid": 99189,
    "index": 39
  },
  {
    "name": "Require(33) node_modules/egg-security/app/extend/context.js",
    "start": 1562479315350,
    "end": 1562479315353,
    "duration": 3,
    "pid": 99189,
    "index": 40
  },
  {
    "name": "Require(34) node_modules/egg-jsonp/app/extend/context.js",
    "start": 1562479315353,
    "end": 1562479315353,
    "duration": 0,
    "pid": 99189,
    "index": 41
  },
  {
    "name": "Require(35) node_modules/egg-i18n/app/extend/context.js",
    "start": 1562479315353,
    "end": 1562479315354,
    "duration": 1,
    "pid": 99189,
    "index": 42
  },
  {
    "name": "Require(36) node_modules/egg-multipart/app/extend/context.js",
    "start": 1562479315354,
    "end": 1562479315373,
    "duration": 19,
    "pid": 99189,
    "index": 43
  },
  {
    "name": "Require(37) node_modules/egg-view/app/extend/context.js",
    "start": 1562479315373,
    "end": 1562479315374,
    "duration": 1,
    "pid": 99189,
    "index": 44
  },
  {
    "name": "Require(38) app/lib/plugin/egg-b/app/extend/context.js",
    "start": 1562479315374,
    "end": 1562479315374,
    "duration": 0,
    "pid": 99189,
    "index": 45
  },
  {
    "name": "Require(39) app/lib/plugin/egg-a/app/extend/context.js",
    "start": 1562479315374,
    "end": 1562479315375,
    "duration": 1,
    "pid": 99189,
    "index": 46
  },
  {
    "name": "Require(40) node_modules/egg/app/extend/context.js",
    "start": 1562479315375,
    "end": 1562479315376,
    "duration": 1,
    "pid": 99189,
    "index": 47
  },
  {
    "name": "Require(41) app/extend/context.js",
    "start": 1562479315376,
    "end": 1562479315376,
    "duration": 0,
    "pid": 99189,
    "index": 48
  },
  {
    "name": "Load extend/helper.js",
    "start": 1562479315377,
    "end": 1562479315385,
    "duration": 8,
    "pid": 99189,
    "index": 49
  },
  {
    "name": "Require(42) node_modules/egg-security/app/extend/helper.js",
    "start": 1562479315377,
    "end": 1562479315383,
    "duration": 6,
    "pid": 99189,
    "index": 50
  },
  {
    "name": "Require(43) node_modules/egg/app/extend/helper.js",
    "start": 1562479315384,
    "end": 1562479315384,
    "duration": 0,
    "pid": 99189,
    "index": 51
  },
  {
    "name": "Require(44) app/extend/helper.js",
    "start": 1562479315384,
    "end": 1562479315384,
    "duration": 0,
    "pid": 99189,
    "index": 52
  },
  {
    "name": "Load app.js",
    "start": 1562479315385,
    "end": 1562479315403,
    "duration": 18,
    "pid": 99189,
    "index": 53
  },
  {
    "name": "Require(45) node_modules/egg-session/app.js",
    "start": 1562479315385,
    "end": 1562479315385,
    "duration": 0,
    "pid": 99189,
    "index": 54
  },
  {
    "name": "Require(46) node_modules/egg-security/app.js",
    "start": 1562479315386,
    "end": 1562479315386,
    "duration": 0,
    "pid": 99189,
    "index": 55
  },
  {
    "name": "Require(47) node_modules/egg-onerror/app.js",
    "start": 1562479315386,
    "end": 1562479315389,
    "duration": 3,
    "pid": 99189,
    "index": 56
  },
  {
    "name": "Require(48) node_modules/egg-i18n/app.js",
    "start": 1562479315389,
    "end": 1562479315395,
    "duration": 6,
    "pid": 99189,
    "index": 57
  },
  {
    "name": "Require(49) node_modules/egg-watcher/app.js",
    "start": 1562479315395,
    "end": 1562479315396,
    "duration": 1,
    "pid": 99189,
    "index": 58
  },
  {
    "name": "Require(50) node_modules/egg-schedule/app.js",
    "start": 1562479315396,
    "end": 1562479315397,
    "duration": 1,
    "pid": 99189,
    "index": 59
  },
  {
    "name": "Require(51) node_modules/egg-multipart/app.js",
    "start": 1562479315397,
    "end": 1562479315398,
    "duration": 1,
    "pid": 99189,
    "index": 60
  },
  {
    "name": "Require(52) node_modules/egg-development/app.js",
    "start": 1562479315398,
    "end": 1562479315398,
    "duration": 0,
    "pid": 99189,
    "index": 61
  },
  {
    "name": "Require(53) node_modules/egg-logrotator/app.js",
    "start": 1562479315398,
    "end": 1562479315398,
    "duration": 0,
    "pid": 99189,
    "index": 62
  },
  {
    "name": "Require(54) node_modules/egg-static/app.js",
    "start": 1562479315398,
    "end": 1562479315399,
    "duration": 1,
    "pid": 99189,
    "index": 63
  },
  {
    "name": "Require(55) node_modules/egg-view-nunjucks/app.js",
    "start": 1562479315399,
    "end": 1562479315399,
    "duration": 0,
    "pid": 99189,
    "index": 64
  },
  {
    "name": "Require(56) app/lib/plugin/egg-b/app.js",
    "start": 1562479315399,
    "end": 1562479315399,
    "duration": 0,
    "pid": 99189,
    "index": 65
  },
  {
    "name": "Require(57) app/lib/plugin/egg-a/app.js",
    "start": 1562479315399,
    "end": 1562479315399,
    "duration": 0,
    "pid": 99189,
    "index": 66
  },
  {
    "name": "Require(58) app.js",
    "start": 1562479315399,
    "end": 1562479315400,
    "duration": 1,
    "pid": 99189,
    "index": 67
  },
  {
    "name": "Before Start in node_modules/egg-watcher/lib/init.js:15:14",
    "start": 1562479315410,
    "end": 1562479315485,
    "duration": 75,
    "pid": 99189,
    "index": 68
  },
  {
    "name": "Did Load in node_modules/egg-core/lib/lifecycle.js:137:10",
    "start": 1562479315428,
    "end": 1562479315476,
    "duration": 48,
    "pid": 99189,
    "index": 69
  },
  {
    "name": "Load Service",
    "start": 1562479315428,
    "end": 1562479315431,
    "duration": 3,
    "pid": 99189,
    "index": 70
  },
  {
    "name": "Load \"service\" to Context",
    "start": 1562479315429,
    "end": 1562479315431,
    "duration": 2,
    "pid": 99189,
    "index": 71
  },
  {
    "name": "Load Middleware",
    "start": 1562479315432,
    "end": 1562479315464,
    "duration": 32,
    "pid": 99189,
    "index": 72
  },
  {
    "name": "Load \"middlewares\" to Application",
    "start": 1562479315432,
    "end": 1562479315459,
    "duration": 27,
    "pid": 99189,
    "index": 73
  },
  {
    "name": "Load Controller",
    "start": 1562479315464,
    "end": 1562479315466,
    "duration": 2,
    "pid": 99189,
    "index": 74
  },
  {
    "name": "Load \"controller\" to Application",
    "start": 1562479315464,
    "end": 1562479315466,
    "duration": 2,
    "pid": 99189,
    "index": 75
  },
  {
    "name": "Load Router",
    "start": 1562479315466,
    "end": 1562479315470,
    "duration": 4,
    "pid": 99189,
    "index": 76
  },
  {
    "name": "Require(59) app/router.js",
    "start": 1562479315466,
    "end": 1562479315467,
    "duration": 1,
    "pid": 99189,
    "index": 77
  },
  {
    "name": "Before Start in node_modules/egg-core/lib/egg.js:303:10",
    "start": 1562479315467,
    "end": 1562479315476,
    "duration": 9,
    "pid": 99189,
    "index": 78
  },
  {
    "name": "Will Ready in node_modules/get-ready/index.js:73:53",
    "start": 1562479315485,
    "end": 1562479315485,
    "duration": 0,
    "pid": 99189,
    "index": 79
  }
]